roi_id,wafer,z_star,x,y,w,h,a,q_star,d,v,o,c,u_s,split,z_obs,R,mn_d,mn_v,mn_o,mn_c,m_bar,U_star
A_2_000,A,2,50.49105503482752,120.64152491663617,0.6368613107935253,1.6413079261663326,2.661853612118138,0.9899726198785141,70.1274270588969,2833.259466054645,30.89355462723452,0.23667590148701834,,train,2,0.18762307619539145,0.31741794614316143,0.09495639081645514,0.3441681127736498,0.22455511953693313,0.24527439231754988,0.6254494476076419
A_2_001,A,2,63.879983726313995,67.99790534670103,0.6223198607510394,0.5148160990487821,2.8702923946848657,0.9913462233959349,84.62285971202863,27394.567224531285,23.95456365276106,0.5021327886346312,,val,2,0.44099552167585687,0.39394381478370055,1.0,0.266064577182582,0.4974639047064109,0.5393680741681735,0.7616959385151331
A_2_002,A,2,25.416090081757275,117.52960374003459,0.4655841014245384,0.3548621459513186,3.81252982670853,0.9981185731486191,169.66486182257609,2443.248200240124,74.05126635133865,0.548364842380001,,val,2,0.4526487247605518,0.8429068252830232,0.08054071988266674,0.829940451442586,0.5449937833210232,0.5745954449823247,0.777627871861811
A_2_003,A,2,36.93528640255615,19.114614140780784,0.5416324107838464,0.6363169311380351,3.1554017225230173,0.9964986322602537,166.7905770933678,5349.6332514036485,29.396981918557977,0.011429105231549164,,val,2,0.4977561013124166,0.8277325879293435,0.187967079521161,0.3273230671111414,0.0,0.3357556836404115,0.7408498982028253
A_2_004,A,2,72.13616598246537,108.10925800006925,1.0674140219666655,1.0956660359405594,2.620506548474801,1.0,67.72190914334317,3955.6541942417257,35.620963129412466,0.9793461191526043,,train,2,0.3492511575553346,0.30471847366633564,0.13644255923667364,0.39737863279906166,0.9880735539709267,0.4566533049182494,0.7237922041615341
A_2_005,A,2,37.159115360623716,52.710665482254356,0.35429263644005415,0.5878581522374731,5.423870711097714,0.9903925588684245,38.384091166052826,2071.828398762622,62.28259269586052,0.04423141328043678,,val,2,0.19234233531156053,0.14983506601274527,0.06681223020632228,0.6974752234156759,0.02670833524982841,0.23520771372114296,0.6250642947651628
A_2_006,A,2,78.84796755580777,73.45983060129824,0.33524502157832536,0.5293558178410266,1.9820777136655665,1.0,63.48669283905596,3094.9965238430605,80.54183537240101,0.135370459787843,,val,2,0.29739135715814785,0.28235945794588185,0.1046307659614289,0.9029966624115436,0.12040583442230161,0.352598180185289,0.6868111501267684
A_2_007,A,2,34.00764051140276,120.11785750178078,0.43140362036128943,0.6651098052997639,2.860798535131553,1.0,91.92899783816668,3414.991925213547,73.66959722419857,0.2610972780171562,,val,2,0.6605241508856037,0.4325151758385691,0.11645849713439524,0.8256444798286642,0.24966205223934299,0.40607005126024287,0.8067599028780841
A_2_008,A,2,18.428493886691864,30.127641839204077,0.4737343068811615,1.4790254224411472,4.303500138242106,0.9977456765066661,137.73885827746,4178.050294973829,75.19312384202811,0.6382693456625962,,val,2,0.6935047242140198,0.6743595861647002,0.14466280640931903,0.8427929119072373,0.6374220832071541,0.5748093469221026,0.8494751994368583
A_2_009,A,2,123.44917943500842,94.59274554451939,0.5875546572479919,0.319559124159696,2.633901316242995,1.0,142.34246413189777,1340.5295564273986,61.980659276449614,0.6636170175583433,,train,2,0.40075433533615357,0.6986634441674077,0.03978182265297085,0.6940767368553324,0.6634813142117586,0.5240008294718674,0.7531088243156423
A_2_010,A,2,112.941003559041,13.333008088774667,0.8852625374553175,0.9925206243407879,3.936019441653553,1.0,137.389617333341,1703.7294102076714,69.58830494370486,0.6088601556642789,,train,2,0.40390258146902125,0.6725158352913674,0.05320648505179106,0.7797064813416033,0.6071873192818313,0.5281540302416483,0.7549083689022221
A_2_011,A,2,97.3841485288479,49.2849526311678,1.1233997100621398,0.43197764641790926,2.46576219658745,0.9862899439371883,93.26391626691493,3270.069210608086,2.61237539513854,0.047215641115174845,,train,2,0.11594761602991459,0.4395626227667678,0.11110183606405272,0.025842278825005924,0.029776336241621962,0.1515707684743621,0.5828875247984465
A_2_012,A,2,56.39472130338728,19.96962525012532,0.4384288515405565,0.6676981471902735,4.293798244254399,1.0,142.58177046641552,3803.9283055678843,13.931621512544478,0.592519175466111,,train,2,0.30100866725045294,0.6999268162624929,0.13083443794640584,0.15324886362200602,0.5903876155624073,0.393599433348328,0.6963377776292033
A_2_013,A,2,116.71001141232635,32.21337357818659,0.49578764541845655,0.9279099811307606,2.330291525972705,1.0,34.16238229699427,1537.7225200554174,67.86296414138242,0.9138057704629918,,val,2,0.4349748742720979,0.12754736021719765,0.04707050665593994,0.7602864796069653,0.9206933585174936,0.46389942624939906,0.7510011676859173
A_2_014,A,2,124.39001691662072,45.07197643005445,0.5528980175893289,1.197867013623199,2.896029710820841,1.0,33.32023037897256,12024.253435863493,15.395864370845375,0.7714638089361773,,val,2,0.2925861608253696,0.12310137998355603,0.4346756662237677,0.16973001262738416,0.7743555775831372,0.3754656591044613,0.690077601592647
A_2_015,A,2,125.39039572298685,138.29729866983905,0.5719147077232773,1.7556725757378524,2.988923684464515,0.9972469465908882,109.75522308609392,3510.357721142897,79.70677166630904,0.5672650091412709,,train,2,0.40237542907714413,0.5266253279342924,0.11998342590686338,0.8935973955542306,0.5644245150143791,0.5261576661024413,0.7519632968288108
A_2_016,A,2,103.55904394606107,146.46793037058998,1.1930934057351616,0.4547751734819552,3.0609071254231717,0.9919159954751002,136.66717975259417,2618.5398931609016,47.14310984589355,0.5268890820409903,,val,2,0.5215557256446408,0.6687018640406868,0.08701988493266907,0.5270690156611713,0.5229151560618586,0.4514264801740964,0.7681471501716364
A_2_017,A,2,77.94554390215325,120.42108656255154,0.7738538748521979,0.47687852185063645,3.6326308169472257,1.0,188.8714440658459,5311.062263197095,88.61381534190838,0.5565215457140424,,val,2,0.5821947011667504,0.9443043085423192,0.18654141128458976,0.9938528369127139,0.553379461394025,0.6695195045334119,0.8375006612833746
A_2_018,A,2,54.7899675623431,40.56572773843584,0.9956734956201324,0.3169451633427832,2.9461164647705385,0.9851673035430851,59.621550162196826,1018.0193373622503,25.877004866161634,0.9076889440507153,,train,2,0.28524937459577465,0.26195417527207626,0.027861138307821134,0.28770309152637114,0.9144048207319257,0.37298080645954856,0.6771695023345854
A_2_019,A,2,13.2521905796676,42.76282549507526,0.8239335326801903,1.16164492386475,4.143965217636107,0.9869110383378839,169.06639100873105,7012.931535301174,39.226576172336195,0.018252361224961766,,train,2,0.2919825750155985,0.8397473129054739,0.24944622852811502,0.4379625055352531,0.0,0.3817890117422105,0.6821513233079971
A_2_020,A,2,114.10111793801556,127.72126324008862,0.7863097627642136,0.47785551875266696,3.7657687755801668,0.9982519735922829,73.08441371644156,7560.5328613310085,89.1872764518662,0.29464205908103847,,val,2,0.43235177876745734,0.3330287925347109,0.2696867733812641,1.0,0.2841485014224435,0.4717160168346046,0.7505093296993977
A_2_021,A,2,147.84428679978126,136.11804830010567,0.775651654845333,0.36459332781817794,3.0288881249773683,0.9918210614158336,123.656192883315,4641.017814028513,12.767548313245474,0.0854920535602468,,val,2,0.31843957015643076,0.6000128434458362,0.1617751003164871,0.14014634873381554,0.06912724302454437,0.24276538388017083,0.6650288950136884
A_2_022,A,2,60.49142558343768,41.157191514180006,0.25817046022497,0.29660364208599344,4.452129788240722,0.9957188000334578,157.91348500531694,3973.098268180513,0.4269626229924406,0.06608132483176332,,train,2,0.18516673839536293,0.780867675422342,0.1370873304309648,0.0012438228162864199,0.049171616883268175,0.24209261138821536,0.6276937811258803
A_2_023,A,2,118.8556645416741,38.90878450078507,0.5802907093767192,1.012103666062299,4.920064606678094,1.0,197.75854522771064,10918.827923864847,43.61781451570412,0.9589868121848948,,val,2,0.5482746341176172,0.9912220620431855,0.3938167172149318,0.4873891788803822,0.9671427211296585,0.7098926698170395,0.8356367634329109
A_2_024,A,2,3.934225027886118,63.55058012836021,0.8687154025119016,0.33340446899503895,2.0877309563559336,0.9951831876865341,150.42800184974342,1923.2610018728474,83.10445112798824,0.8277248557738056,,train,2,0.49071806873292473,0.7413494965323434,0.061320853692929306,0.931840820245014,0.8321959828926527,0.6416767883407348,0.8004510633927024
A_2_025,A,2,94.76651303222155,93.44866879281088,0.7585862706565961,0.5767759467015995,3.5022048456443153,1.0,170.40740874852904,1111.8276302909373,52.032669015086924,0.5256910991971699,,val,2,0.422055774522978,0.8468269599816336,0.03132849835675752,0.5821046627747929,0.5216835434784598,0.49548591614791093,0.7536285386226398
A_2_026,A,2,34.79359029559799,98.71193198305991,1.1451250510116824,0.49818736822972537,3.8655266816897043,1.0,122.76029135862267,16043.402878817944,42.95160985150595,0.8006294625307652,,train,2,0.47085255284340555,0.5952831024278161,0.5832322359483572,0.4798905468901474,0.8043399685578823,0.6156864634560507,0.7930147436233851
A_2_027,A,2,101.63508854795771,118.69957165875132,1.4965324532096294,0.27798690190887926,2.908962526158668,0.9996982467860746,94.36100967704779,632.9345801525292,17.90875383801812,0.3488963455073748,,train,2,0.19064947930889742,0.44535451792431513,0.013627561926483556,0.19801446387652835,0.3399258126007174,0.24923058908201112,0.6333158611172838
A_2_028,A,2,52.29711333109216,90.90552880924255,0.19134228936206546,0.41361053444028484,4.006211263009079,0.9942073104092088,16.756998502971353,2768.4538604082713,79.57988504934897,0.8702807389986719,,val,2,0.6920314438942559,0.03565896021336639,0.0925610336369339,0.8921691917360922,0.875946493634739,0.47408391980528286,0.8254057685931491
A_2_029,A,2,74.68183795986668,15.646757150539797,0.554667818142364,0.7431191098849353,1.896066793956882,1.0,113.30906784833772,2528.4969867754567,8.827214550858583,0.9331669384549617,,val,2,0.33503830023247394,0.5453871727134187,0.08369170182066689,0.09579494384174855,0.9405980326547009,0.41636796275763377,0.7112343059316079
A_2_030,A,2,72.19624586514641,118.11395419583594,0.5062508728214004,0.6092421030876979,3.7363443625927646,0.9903394724527812,136.3850048650648,25609.56907579571,78.15064831509004,0.37689573421742184,,train,2,0.5446576079679053,0.667212175606167,0.9368186989074664,0.8760820628505088,0.36871119933697427,0.7122060341752791,0.8269611261021685
A_2_031,A,2,8.397265572528873,132.5573321864252,0.5044640435941595,1.1711750375100476,2.926473639532896,0.9967213045658301,66.80737701844463,3013.248456165262,15.247190206210178,0.659015799514345,,train,2,0.23486621038304192,0.2998903759522313,0.1016091782627888,0.16805657365739923,0.65875093090854,0.3070767646952398,0.6565219337734938
A_2_032,A,2,52.04848070459887,68.74688472653057,0.3355907194829189,0.9767864939474942,2.9895817771461033,0.993814418557788,104.64147364420234,1170.3443899771037,5.1815994968769195,0.9305514926197441,,val,2,0.3240411024732005,0.4996282642787776,0.03349140601017009,0.054760818539172314,0.9379091661000016,0.3814474137320304,0.6964111026904921
A_2_033,A,2,76.21380799983181,48.98586786772637,0.3794578914957624,0.8981250511050668,3.6866711378719796,0.9921779434775125,58.11019804531555,6311.017453594393,6.732207391057505,0.2931508321614832,,train,2,0.15914134368161348,0.2539752803792033,0.22350194611220825,0.07221407064692764,0.2826154128241374,0.20807667749061914,0.61076660405775
A_2_034,A,2,6.336232323022978,123.11385170697832,1.7580853854640723,0.44741219015485256,1.5507777657705142,0.9874148957259651,199.20600313328305,2130.9044712204222,82.86075047743279,0.7822844174755097,,val,2,0.6992622696870384,0.9988636396487088,0.06899581128527835,0.9290977870714237,0.7854799419309404,0.6956092949840877,0.8669427338917783
A_2_035,A,2,113.98682347475173,33.17398567735533,1.4030868899780338,0.5920638088937052,3.153355983868496,0.9939760937721382,96.36361426910105,16382.33806453524,62.32394877156935,0.15260472368363331,,val,2,0.5721689980395013,0.4559268864501555,0.5957600230495294,0.6979407169928996,0.13812389807334907,0.47193788114148333,0.7890325174309243
A_2_036,A,2,94.09739365160551,98.6335147405436,0.8124877299381753,1.3523333010135459,2.0642581660788064,0.9977133394251914,195.57549032079928,2533.59141641136,13.864777256091667,0.9909468981695123,,train,2,0.42373961432194446,0.9796970405388918,0.08388000310235716,0.15249648149870795,0.9999999897192803,0.5540183787148093,0.7644324878088917
A_2_037,A,2,85.87573332399315,28.222188087940093,1.0955072915780342,0.5084681125518032,2.4616756610134884,0.980111167117206,87.52313839572831,6812.961251225764,88.97821083055882,0.08570694379760968,,val,2,0.32920002944736704,0.4092552822563052,0.24205488867605485,0.997954380800252,0.06934816565440582,0.4296531793467545,0.6980528312435411
A_2_038,A,2,78.56720892950364,103.71140159855209,0.9728229782632699,0.43329846382549964,2.6721635003441278,0.984264104889717,35.24043922493758,11651.792419545967,34.86100477370033,0.6083744981352824,,val,2,0.6438311342772332,0.13323875590223708,0.42090869096554184,0.38882473285864616,0.606688028388794,0.3874150520288048,0.7853554148215887
A_2_039,A,2,133.0930262986795,99.77408610397389,1.026472744293471,0.6098439560858109,3.5944695729318425,0.9967917884633161,108.37107878898283,3274.1194070558918,38.01780422374108,0.2449747920875207,,val,2,0.39120152110450623,0.5193180024342571,0.11125154019910335,0.4243568727774231,0.2330869763532081,0.32200334794099794,0.7063817472692571
A_2_040,A,2,66.64064925150855,102.23831278160223,0.4734852341178284,0.7597771065060833,1.6400873427455418,0.9975553050227367,159.08430914534048,5749.792602756238,70.32393223231661,0.6790155992753071,,train,2,0.4697851469132075,0.7870488178887076,0.20275784593179214,0.7879865169158258,0.6793121644672002,0.6142763363008814,0.7904670149761872
A_2_041,A,2,141.04709722777704,40.20125335953046,0.6134383533082872,0.6039276148131981,1.7761594818689057,1.0,146.56593036608098,30171.135352584883,76.46606596244058,0.025478788587776857,,val,2,0.6339286645173161,0.720960427636544,1.0,0.8571208279648811,0.007429287421744989,0.6463776357557925,0.8482563478931522
A_2_042,A,2,5.886500431399211,139.728082741677,0.29573138612040206,1.2659168725141314,1.7734620136960473,0.9817500265364276,14.435899609162384,10820.426325203838,82.91922320485139,0.4620372471365236,,train,2,0.3441071418688552,0.023405161841163254,0.3901795785217885,0.9297559413713566,0.45624280233253967,0.449895871016712,0.7077021280171674
A_2_043,A,2,122.52458547825805,128.01562860623935,0.3321652953175494,1.1426851247929593,3.3062441994493086,1.0,74.8737107026664,4457.3296918955275,59.3482373736021,0.0001597186555303276,,val,2,0.22400825844045255,0.34247504428885717,0.15498558484548025,0.6644468586012598,0.0,0.2904768719338993,0.6520065394008796
A_2_044,A,2,56.832245186096394,95.2607860910253,0.5723644321454384,1.1145793784388243,3.241764229162339,1.0,10.002523637987775,18920.77840984786,30.848435567405257,0.9486460544212767,,train,2,0.38044104915689525,0.0,0.689586340160281,0.34366026399445787,0.9565116779146012,0.497439570517335,0.7415463439712257
A_2_045,A,2,113.28894003306864,56.291733103892476,0.1771215686607196,0.3503886192212157,2.866062406674737,1.0,127.13056447098519,264.2453459625196,26.807665865085767,0.03585496912981989,,train,2,0.17873416181642166,0.6183551247760196,0.0,0.2981783774461954,0.01809674780243379,0.23365756250616218,0.6267262172961952
A_2_046,A,2,115.72148958176811,104.69754297788732,0.9268997045023922,0.6653077158703392,2.8002596671825573,0.9949902833374615,70.38951095435374,4895.611617391313,12.201886310425298,0.5712886951699973,,val,2,0.2967451496709206,0.3188015680216155,0.17118544512638592,0.13377939962949958,0.568561153840376,0.29808189165446924,0.6720098168244087
A_2_047,A,2,29.361569230586287,46.13353124195493,0.5634707856064669,0.3287710801332527,1.4443353313745013,1.0,14.566375641856357,3660.9444123229896,70.54500814609233,0.9814816178398809,,train,2,0.3690992547994906,0.024093985140033226,0.12554943996167944,0.7904748917477616,0.9902690003152952,0.4825968292911924,0.7350879471762691
A_2_048,A,2,136.46340155364203,69.04678741437051,0.9912411488508018,0.2772557002806127,3.4420966257230567,0.9784976468496036,42.757281184571525,4652.789330332297,55.08467011115851,0.8739549878988767,,val,2,0.4174475810550889,0.17292248760998713,0.16221020135151148,0.6164572188031704,0.8797238859432972,0.45782844842699155,0.7284847195586902
A_2_049,A,2,53.107600388863716,111.67363331429108,0.5218968933929675,0.8660909679676356,4.669242671047402,0.9926084340596879,151.84447546238647,17514.53729476296,6.480759335153911,0.12680384587714844,,val,2,0.3582905417494001,0.7488274984801151,0.6376085873477035,0.06938383462906607,0.11159873877485071,0.39185466480793385,0.7078917306771436
A_2_050,A,2,42.234153204467965,33.20575941614855,0.7165300066795267,0.3965421963181338,3.7965553159491794,0.9924024490216014,62.44577717211002,7890.8061165792815,60.13673299349729,0.08613330247086537,,val,2,0.46827257289843893,0.276864142455773,0.2818943965532431,0.6733219668033652,0.06978649305594721,0.32546674971708217,0.7269245047843322
A_2_051,A,2,21.488029288512,146.32842057743386,1.1295446907789064,1.022025084454727,3.593504255688093,1.0,134.13373414695337,2731.390596208546,40.43551448455406,0.4626911167828991,,val,2,0.4991035708394351,0.655327021753152,0.09119109418321207,0.4515700108401406,0.4569150273886269,0.4137507885412829,0.7599150571279769
A_2_052,A,2,145.11445655819122,22.347440066966133,0.6410784431344532,0.29368608675822777,2.685657278895949,0.9974482987985779,193.70124715504355,6742.667304112545,50.45482320519651,0.1655344800226648,,val,2,0.37832944462294904,0.9698023316512573,0.23945667037047594,0.564344827544665,0.1514166181565928,0.48125511193074777,0.7356986824638043
A_2_053,A,2,121.80282825360757,76.17384616995052,0.3205703421244104,0.4011520415209923,2.8271962802856816,1.0,127.48403971492314,6132.33024064641,45.418323721161066,0.9174179433231809,,val,2,0.4343571310925666,0.6202212298266635,0.21689727520211477,0.5076552572378515,0.9244069321892446,0.5672951736139686,0.7721032044835869
A_2_054,A,2,70.99760383314857,61.91148784183709,0.4090451834635205,0.6461015867276406,3.779080743782473,1.0,35.7600972653521,6456.3485810548245,62.92662890969621,0.8700404578724595,,val,2,0.47446156951353896,0.13598219129256808,0.22887370301653928,0.7047243329093036,0.8756994673437342,0.4863199236405363,0.7674631610153485
A_2_055,A,2,68.10149386968007,28.872771410356957,0.7142278274180569,0.1225855738305124,2.492134470835812,1.0,22.139934708586928,8646.01955192002,77.2875398519751,0.6554434761831543,,train,2,0.3623829906146561,0.06407714398398612,0.3098087398630733,0.8663671312681162,0.6550783254206074,0.47383283513394575,0.7312687161825622
A_2_056,A,2,109.91510932133913,124.83474281831077,1.0293945595844325,0.5990689659045376,4.130612765406214,1.0,60.83106190143362,2780.3473064121035,73.36548292517926,0.4676609855697076,,train,2,0.3146353641176722,0.268339561530694,0.09300064146083087,0.8222214458364621,0.4620244101875949,0.4113965147538955,0.704089891684633
A_2_057,A,2,62.38337975638393,139.5306295264965,0.7011419854470666,0.6681901271170666,2.851019350318766,0.9930564280327058,76.80037175716103,2015.652050066504,6.6801794111416,0.12892875122330505,,val,2,0.3081873101113121,0.3526464834103548,0.06473582927115003,0.07162845680248801,0.11378329440213517,0.150698515971532,0.6439795741634627
A_1_000,A,1,47.70231868127043,30.844621879600126,0.3560361925528885,1.0534435487083846,2.620723291134945,0.9798652312590678,,,,,0.3676094288964199,train,1,4.8349189455620944e-05,,,,,0.0,0.29756332249776046
A_1_001,A,1,88.93379374729108,115.30092641043555,0.6979102136110557,0.7887656710193129,2.9117297340580355,1.0,,,,,0.11505931637673716,train,1,8.588568744016811e-05,,,,,0.0,0.21529652643809005
A_1_002,A,1,77.25503960296203,63.588511567327295,0.9039088696303772,0.9629014472974257,3.921503202319658,1.0,,,,,0.9738518842033441,train,1,0.00029540597461164,,,,,0.0,0.5159367812635539
A_1_003,A,1,22.173128814052767,19.489707530468557,0.44986862178164283,0.5915560343306114,2.226622079307745,0.9750346472357905,,,,,0.6041209291238561,train,1,0.00018839530821423978,,,,,0.0,0.3768497638077419
A_1_004,A,1,106.13803843900322,65.93180147567178,1.2578339247028125,0.7009163116483775,2.8993973548919443,1.0,,,,,0.6940768172152458,train,1,0.0002981955767609179,,,,,0.0,0.4180163446983643
A_1_005,A,1,22.9107319947992,11.702062464634421,0.18055376182076863,0.30793743056627654,2.7571802297719348,1.0,,,,,0.9108476666399062,train,1,0.0003295276255812496,,,,,0.0,0.49389554161164156
A_1_006,A,1,7.288877635827445,148.46715690899808,0.2925655669730203,0.6275817582333734,2.769060108359909,0.9558851734422033,,,,,0.9628387736396202,train,1,0.00015938207798171788,,,,,0.0,0.4894527684900475
A_1_007,A,1,77.69780509512125,141.17218461149946,1.2594633177954415,1.53757817216098,2.798759834077544,0.9891823148352195,,,,,0.2014050928272133,train,1,0.0004619164392352104,,,,,0.0,0.2429732055477991
A_1_008,A,1,3.1288167218932736,20.029831718780102,0.5425876210171893,0.403759239744079,2.1010864552575077,1.0,,,,,0.2698985088942195,train,1,3.0054756280151196e-05,,,,,0.0,0.26947349453986086
A_1_009,A,1,38.403953184493936,31.239082059267364,0.27654140859996024,1.162900523871597,3.5658979215638493,0.9915879393469905,,,,,0.0453537742451986,train,1,3.277320138295181e-05,,,,,0.0,0.18927792807998264
A_1_010,A,1,99.68846929813618,60.303512077277986,0.31795852131363117,0.3011910355966226,4.72685170337174,1.0,,,,,0.8108479986873435,train,1,4.036413520225324e-05,,,,,0.0,0.4588089087811308
A_1_011,A,1,54.63763468633035,42.11795854797525,0.49913765569258717,1.0166999467806561,4.233767939540695,0.9582033932192152,,,,,0.005139964377983031,train,1,0.000132264249259606,,,,,0.0,0.16944741058689855
A_1_012,A,1,145.6716912447583,16.302442634277664,1.3153067936386957,0.5391173707375547,3.186170297654945,1.0,,,,,0.04645564992593365,train,1,0.0002768442500382662,,,,,0.0,0.19134253074908825
A_1_013,A,1,0.7461505315173089,113.7294580823748,0.6004511707477066,0.7114887053903037,3.4264511445127126,0.9867675580521956,,,,,0.8598700164661449,train,1,0.0004236525855958462,,,,,0.0,0.4697818793840491
A_1_014,A,1,88.60452370564279,133.82291949076222,1.0707708792273039,0.3289337654816058,2.573984450323473,1.0,,,,,0.5094506927384094,train,1,0.0003537786833476275,,,,,0.0,0.3534138760634476
A_1_015,A,1,11.675422779302231,61.43254958161596,0.5860292211106634,0.4096961823838728,3.1456349064152667,1.0,,,,,0.36965123532387245,train,1,1.675467319728341e-05,,,,,0.0,0.30438295876531457
A_1_016,A,1,143.60411286479743,68.3639180073348,0.2707053758609348,0.5582842735748449,3.8915599274356074,0.9811241477281378,,,,,0.24104372498395554,train,1,0.0001679653360042721,,,,,0.0,0.25451900104059927
A_1_017,A,1,54.173246269449166,106.67616110296312,0.4360279453286267,0.47387737351924203,3.3880714081615033,0.9743147433831243,,,,,0.2821889331296368,train,1,7.134192128432915e-05,,,,,0.0,0.2667552262264812
A_1_018,A,1,25.483223872758344,58.29125429556047,0.42104027344362654,0.5649607353674755,4.410258195425246,0.9937449480119716,,,,,0.027761118500414184,train,1,0.00017859757645055652,,,,,0.0,0.1836142249752244
A_1_019,A,1,81.18968989652532,21.901471607359273,1.4814564807825612,0.34483308616539127,3.210052463008557,0.985637469882976,,,,,0.8134992388834652,train,1,0.0002319322229595855,,,,,0.0,0.4531905036040363
A_1_020,A,1,124.39333886661692,75.10586060368149,0.5987136890764918,0.46664745848138217,2.4376560277283215,0.9764560797967025,,,,,0.1609733878145726,train,1,0.00010725758329499513,,,,,0.0,0.22592543878617086
A_1_021,A,1,33.76729305269632,119.21235233431358,0.3942991263547585,0.5968026047816909,4.41531705359024,0.9948930372840127,,,,,0.32358225373411287,train,1,0.00012194233568152413,,,,,0.0,0.28681808332897624
A_1_022,A,1,33.132753566248894,108.67705353836826,1.1032121014018248,0.8353951535061652,3.4606060769499396,1.0,,,,,0.7874318612628576,train,1,0.00010861007467610762,,,,,0.0,0.45063373446440297
A_1_023,A,1,73.22733703950824,40.56587082750892,0.3451568799777459,1.118116458740122,3.4026604436008454,1.0,,,,,0.6824935160502658,train,1,3.6393917980603874e-05,,,,,0.0,0.4138836487929871
A_1_024,A,1,147.88199006574385,8.692632709003961,0.6631984848019031,0.7678664354036543,2.262377743997714,0.9675226668936423,,,,,0.47146026224762116,train,1,0.0002275535516673699,,,,,0.0,0.3290344872646065
A_1_025,A,1,42.11678067025307,40.347952062894855,0.6866690450497785,0.907658333301224,2.8985969529478823,0.9421367574038921,,,,,0.618228431102905,train,1,0.0003004226600751281,,,,,0.0,0.3688183496098906
A_1_026,A,1,94.38408045020954,81.81894631540835,0.3320719838141686,0.7256178356140203,1.642952300205084,0.9746399618128438,,,,,0.687535599043649,train,1,0.0002884204441215843,,,,,0.0,0.4051812096433465
A_1_027,A,1,64.53896823273328,27.56224419040822,0.8263893979637845,1.0087847164623565,2.688191126404094,0.9977650947705753,,,,,0.6402911489286944,train,1,3.097971421084367e-05,,,,,0.0,0.3982192203401561
A_1_028,A,1,89.8563774150537,26.766023127768857,0.9469469069205477,0.9175474763392997,1.3531810475312342,1.0,,,,,0.36044053293548006,train,1,0.00010423695493955165,,,,,0.0,0.30118545761389987
A_1_029,A,1,105.39416678046074,11.754164697977204,0.3007858124335013,0.7984244903680868,4.38492821048997,1.0,,,,,0.604090078381179,train,1,0.00035459932405501604,,,,,0.0,0.3865379072306292
A_1_030,A,1,15.631479813923477,36.23055006116752,0.18902921244055065,0.47941096865770527,1.8985248474861365,0.9826170061036295,,,,,0.5633167044769475,train,1,0.0001570953318150714,,,,,0.0,0.3657378862059768
A_1_031,A,1,5.4460807106830265,121.87864538058705,1.2455210665401377,1.5633465880591537,3.3813445327862874,0.96284339415205,,,,,0.624845917807186,train,1,0.0003220160724595189,,,,,0.0,0.37916067680429555
A_1_032,A,1,35.190472952930556,112.31909524105089,0.7665106688193182,0.887260611018954,1.227548408198072,1.0,,,,,0.7003087321166712,train,1,0.00011734444706235081,,,,,0.0,0.42014325957495363
A_1_033,A,1,133.5357153450593,119.16457121732506,1.4800831138855441,1.4249820255458738,2.947016565690554,0.9880866655787341,,,,,0.2797228061578234,train,1,0.00019798932771664113,,,,,0.0,0.26971048684865523
A_1_034,A,1,127.0668229921361,102.9257313145056,1.320973103585027,1.1484029603197985,2.917676271589284,0.9918026879438316,,,,,0.8785783994059125,train,1,0.00014560444105882198,,,,,0.0,0.47859053998803675
A_1_035,A,1,83.32394727793677,12.697167649252194,0.3926058211798135,0.3281831607251741,1.5539663891425548,0.9666085012092571,,,,,0.9357657558258151,train,1,0.0002239176246803254,,,,,0.0,0.4858031170681046
A_1_036,A,1,67.1754108556499,44.54521852461859,0.27889014866607764,0.5366646538071776,3.752985047424254,0.9717483540603887,,,,,0.18681745517764503,train,1,1.4104401770964614e-06,,,,,0.0,0.23359521724096363
A_1_037,A,1,114.45988659568488,97.50492501932274,1.3765468979978126,0.7172293133724037,3.229940826388536,1.0,,,,,0.05607201309384224,train,1,3.570587796275504e-05,,,,,0.0,0.1946359163462336
A_1_038,A,1,111.89234248361701,51.00661859232341,0.9419028074238073,0.5900748645180484,2.0477556929945306,1.0,,,,,0.18285585206123733,train,1,0.00013422482879832387,,,,,0.0,0.23903981567007254
A_1_039,A,1,85.70580733648987,96.3480724771441,0.7816000727976977,0.9197686709350815,3.437098674508625,0.9564797950002343,,,,,0.7055698155325744,train,1,0.00033946713665500283,,,,,0.0,0.4036835175438566
A_1_040,A,1,10.212408502740539,94.00270777442728,0.544848709397121,0.3408535141368918,1.7367477060946177,1.0,,,,,0.4079864242916106,train,1,0.00015123740013223141,,,,,0.0,0.31784061972210337
A_1_041,A,1,79.91888497534578,39.83145309151509,0.3995426083589712,1.020264076610254,3.807018705623906,1.0,,,,,0.9337537537978089,train,1,0.00025413770345039666,,,,,0.0,0.5018900551402682
A_1_042,A,1,0.6616267154044397,101.18937668732737,0.8361948665189939,0.5922050905612919,3.1123722449913234,1.0,,,,,0.6372612075578232,train,1,5.8938490838045254e-05,,,,,0.0,0.3980591041924895
A_1_043,A,1,82.989600381316,106.36790820374773,0.8090004352883265,1.7129870587456906,2.37906319882104,0.9968662012658605,,,,,0.4960630005723423,train,1,0.0003434134414419532,,,,,0.0,0.347632240036559
A_1_044,A,1,58.2377940160572,65.20665359778235,0.8547781856463276,0.45495679505007003,2.076265374060913,1.0,,,,,0.23687505505974138,train,1,0.00023880939988885075,,,,,0.0,0.2579779120908761
A_1_045,A,1,13.436970241503431,114.14811180509875,0.36987438034446846,0.3171964987909257,3.3975900717642227,0.9482720650246973,,,,,0.10098036543628952,train,1,5.822161710966611e-06,,,,,0.0,0.1994641685580412
A_1_046,A,1,142.22287120869322,136.74741087270326,0.4038628934105136,0.8591014818913448,3.306779888858376,1.0,,,,,0.09412658347790848,train,1,3.3624551178945694e-06,,,,,0.0,0.2079453129538033
A_1_047,A,1,0.16112577698283448,38.18408269751024,0.3786291418331614,0.773506905709824,2.049330108244592,0.9619865227844718,,,,,0.4902403310280079,train,1,2.614050572447013e-05,,,,,0.0,0.3334167925125639
A_1_048,A,1,78.5824062677107,132.5024811998868,0.7647542504794401,0.6775749449931323,3.8916957624247313,0.99062480564579,,,,,0.7788554850693231,train,1,5.416115413936495e-07,,,,,0.0,0.44340324918119606
A_1_049,A,1,39.571393859823466,114.36821133161486,1.2795345441367105,1.1435641630984683,2.9600331714157133,0.9837454104918546,,,,,0.853513406671842,train,1,0.0003436495317146182,,,,,0.0,0.46613082974330944
A_1_050,A,1,62.19667106361433,102.25262186087869,0.3004700688524768,1.0889646407597124,2.6022493429357025,1.0,,,,,0.06449128099719181,train,1,0.00022685564181301743,,,,,0.0,0.197640005041561
A_1_051,A,1,32.89358969147165,123.31716211087368,0.6651742755675497,0.32553483769188674,1.8553192386016395,0.9949921958202197,,,,,0.5153220433877543,train,1,0.000165521094459109,,,,,0.0,0.35363253595443805
A_1_052,A,1,37.74552835827271,135.51556662953803,1.0355012968192878,1.0537872720861339,4.270121166040596,0.9775111745261104,,,,,0.8856217570655172,train,1,0.00011563143925741315,,,,,0.0,0.47409517222651637
A_1_053,A,1,26.239915107025592,130.97716167498214,0.5270999124717708,1.1966234601873256,3.8385487065158106,1.0,,,,,0.6742173529070221,train,1,0.0001992279285332188,,,,,0.0,0.4110358418960177
A_1_054,A,1,143.9745805950549,35.58044109665398,1.4267686489513602,0.4972067963331996,2.9826526926562753,0.9906775827544437,,,,,0.460456345106381,train,1,7.826458022464067e-05,,,,,0.0,0.3330491600984507
A_1_055,A,1,23.714880570703183,59.33993590668534,0.41649855237744804,0.6122097921877148,3.5466510135525944,1.0,,,,,0.53171707115794,train,1,0.0002546666073612869,,,,,0.0,0.36117737488748736
A_1_056,A,1,59.37128242821355,42.13055456769379,1.2969088233030905,1.2229032899753318,1.769772752964788,0.9886492350301835,,,,,0.9832090137483043,train,1,0.0001852421264629811,,,,,0.0,0.5132856517372338
A_1_057,A,1,142.9133996287449,23.805895542884127,1.0470053825291512,0.5096314984238138,2.6816039882433516,0.9909181547536494,,,,,0.5156014342108866,train,1,0.0002777217887341976,,,,,0.0,0.35231482457242225
A_1_058,A,1,17.495473044223882,82.80478619080004,0.373524335956962,0.6118701733589708,2.952714655036983,0.9746694605912885,,,,,0.3708558409882424,train,1,0.00031043271883390844,,,,,0.0,0.29716957826325885
A_1_059,A,1,127.19404097031062,129.217617507154,0.5578071309317755,0.6228135104566634,2.9502915319888903,0.9570485745874641,,,,,0.8975060171409667,train,1,1.735259502311237e-05,,,,,0.0,0.46812338177165785
A_1_060,A,1,130.17976640727323,119.8337345677382,0.7210922058457282,0.22954544644153083,1.8023093015662779,1.0,,,,,0.6511863735301129,train,1,0.000435974623542279,,,,,0.0,0.4030460231226022
A_1_061,A,1,11.171363546017066,125.45158006824383,0.4936495009435289,0.9478711651005941,3.3226646054311497,0.9669600748997426,,,,,0.09170283324250939,train,1,0.0001450636627851054,,,,,0.0,0.20029563681376794
A_1_062,A,1,119.13390516938605,117.03455402094302,1.0939367663828028,0.7265022755642652,2.391395623467622,0.977193480620013,,,,,0.8998186339935227,train,1,5.2285071433288977e-05,,,,,0.0,0.4787781029053904
A_1_063,A,1,124.13359085006076,124.70547299573634,1.0405851852448587,0.6858976106224943,2.4913904823946904,0.9677063189391307,,,,,0.40070439692846294,train,1,0.00022343358432408422,,,,,0.0,0.30513093316880047
A_1_064,A,1,17.533483255233318,127.14937324929751,1.065625329771941,0.8961614953081357,2.7226658139953335,0.9750259085922144,,,,,0.09381167197149243,train,1,0.00020436230988707393,,,,,0.0,0.2027033953128971
A_1_065,A,1,36.57870485070271,117.79445856455048,0.49725048436206765,1.2561731865872638,2.4744409667194454,0.9899684007175215,,,,,0.5500475399573416,train,1,8.259239621111192e-06,,,,,0.0,0.3638323122489997
A_1_066,A,1,77.95925198182326,99.83323932705078,0.9252962455047694,1.086080233839578,2.7199956614720793,0.9937918258514826,,,,,0.0908761971827251,train,1,9.421341928828042e-06,,,,,0.0,0.20552558605341958
A_1_067,A,1,133.35872212618182,120.49261127761238,0.43079714078886006,0.5395001356141804,3.585233244968506,0.97782777458692,,,,,0.4337327691846954,train,1,3.977763481088914e-05,,,,,0.0,0.31957211121560114
A_1_068,A,1,103.12351658438475,67.47124139261636,0.7127938124547425,0.4361808988856873,3.00803014514645,1.0,,,,,0.19596198129695241,train,1,0.00010254626249661669,,,,,0.0,0.2436174573326823
A_1_069,A,1,124.48391435332154,118.97368067549476,0.5100955522956093,1.6722543977200146,3.2757770158406254,1.0,,,,,0.049273249994083224,train,1,0.0002176473062718287,,,,,0.0,0.19231093168981067
A_1_070,A,1,81.13945026521273,146.73107115903133,0.4199148708107839,0.5944416960612655,2.8576385167646885,0.9825245362895626,,,,,0.3763524666363799,train,1,1.3054232113063335e-05,,,,,0.0,0.3013670781488492
A_1_071,A,1,119.22473929508041,62.997513348044144,0.7723115222323239,0.896719914602335,4.118048153254678,0.9829073150507132,,,,,0.38868135566876916,train,1,6.465554179158062e-05,,,,,0.0,0.30574105695410186
A_1_072,A,1,25.76550104285152,13.668674824726978,0.8714495494009326,0.34361584973677983,1.8792856677689116,1.0,,,,,0.4252123789437289,train,1,0.00014001621457282454,,,,,0.0,0.3238663374946769
A_0_000,A,0,134.89129424865214,98.34604668269567,0.36340185790456064,0.8046508534057016,0.3155254974464874,1.0,,,,,,train,0,0.4000598798535066,,,,,0.0,0.12001796395605198
A_0_001,A,0,81.85917935255472,58.20384042081266,0.5461044023437247,0.6445119069564611,1.3992639919443706,0.9745253913376579,,,,,,train,0,0.40003746167640203,,,,,0.0,0.1169539991669757
A_0_002,A,0,107.37588799203085,75.36768297311708,0.524518701939551,0.3623596328227861,0.7023143599605821,0.9932999753754119,,,,,,train,0,0.4000305981920974,,,,,0.0,0.1192051150000865
A_0_003,A,0,88.58332456278661,143.3743321585982,0.6017451199946507,1.0625431209313423,0.5629001331851176,0.9592375441478972,,,,,,train,0,0.4000432453249232,,,,,0.0,0.11512095005953021
A_0_004,A,0,77.74616240665938,108.98979202606341,0.9078727113991458,0.2195764020846864,1.308201563205098,0.9757805398564959,,,,,,train,0,0.4000075680345617,,,,,0.0,0.1170958802050346
A_0_005,A,0,75.82708768503686,27.256647835374213,0.44977290228324224,0.5858852419852254,0.2982365209013992,1.0,,,,,,train,0,0.4000465912627988,,,,,0.0,0.12001397737883963
A_0_006,A,0,124.25444651433683,138.67398237100838,1.1289434262756468,0.9558561327438363,1.140070648980939,1.0,,,,,,train,0,0.4000221128968406,,,,,0.0,0.12000663386905217
A_0_007,A,0,38.7450570381477,129.38923035323864,0.32266986440077117,0.2120032194246453,1.018919906589455,1.0,,,,,,train,0,0.4000475544133224,,,,,0.0,0.12001426632399671
A_0_008,A,0,89.33714696994193,87.58509133652544,0.40875457177812796,0.23855922270904864,0.9344442642995161,0.9724296235465886,,,,,,train,0,0.40004707114858323,,,,,0.0,0.11670528683937964
A_0_009,A,0,143.66575454274349,137.1883553727592,0.5679050069668572,0.7913075388262361,0.3651565856741673,1.0,,,,,,train,0,0.4001228931243532,,,,,0.0,0.12003686793730595
A_0_010,A,0,100.74649094174518,37.64246758239672,0.5492297218169052,0.8072943375466403,1.226981480196505,1.0,,,,,,train,0,0.40006864428578415,,,,,0.0,0.12002059328573524
A_0_011,A,0,130.3477812261238,102.11380559215117,0.6763854866096314,1.106675545653502,0.8819383887910122,0.9984165984750443,,,,,,train,0,0.4000192072271602,,,,,0.0,0.11981574486132755
A_0_012,A,0,34.26448753537068,38.607144247444566,0.6595173692349304,0.7886889322803242,1.0864976494750893,1.0,,,,,,train,0,0.4001062752417056,,,,,0.0,0.12003188257251168
A_0_013,A,0,95.98652656955943,122.74824141392095,0.9484213847617691,1.0084634896342997,0.9916826172352031,1.0,,,,,,train,0,0.40002183553660875,,,,,0.0,0.12000655066098262
A_0_014,A,0,100.26091103763682,53.181321664870005,0.9300523991582128,0.7909322001120938,0.6102162583649997,0.9977832150045574,,,,,,train,0,0.4000947560358327,,,,,0.0,0.11976234959516915
A_0_015,A,0,18.50823488939873,14.97140786877914,0.5044631685563605,0.7328973647281654,1.0229506032402118,0.9882112487144455,,,,,,train,0,0.40004698328266386,,,,,0.0,0.11859927866826245
A_0_016,A,0,72.70614149551304,68.62946241363093,0.872362363723829,0.3825126900241783,0.4907678565674839,0.9700045507057381,,,,,,train,0,0.4000524507631781,,,,,0.0,0.11641580932837979
A_0_017,A,0,62.601513070067455,14.05878464755177,0.6005878193152355,0.9607660823501256,0.36845921002303084,0.9953389943924333,,,,,,train,0,0.4000104748960439,,,,,0.0,0.1194438071488404
A_0_018,A,0,136.16447638351246,74.12387514251809,0.5480816402773899,0.411727209357734,1.281107184821158,0.9829076489387633,,,,,,train,0,0.4000673272530548,,,,,0.0,0.11796877081425447
A_0_019,A,0,5.350632048041431,16.2999128096456,0.8367109230213359,0.45480619353728463,0.8811414614612114,1.0,,,,,,train,0,0.4000468278289191,,,,,0.0,0.12001404834867573
A_0_020,A,0,138.17009255561604,121.46812971908066,0.6527163279965714,0.4115987832949254,1.2987551009900153,0.9999115907684767,,,,,,train,0,0.4000392026413465,,,,,0.0,0.12000115064485853
A_0_021,A,0,0.5774169461841949,100.9338874234008,0.5528268959236476,0.9379375050533147,0.7812748843050303,0.9752821279507502,,,,,,train,0,0.4000054291524066,,,,,0.0,0.11703544384068365
A_0_022,A,0,54.0816145895486,141.78756193376609,1.0093872294556667,0.5313544468559737,0.7163633818742633,0.9739866774933931,,,,,,train,0,0.40001800630998335,,,,,0.0,0.11688366267101753
A_0_023,A,0,12.13146506539165,25.65193511881153,0.8427924191129408,0.5183760567669496,0.779688383310686,0.9877211426047242,,,,,,train,0,0.40005595101974906,,,,,0.0,0.11854311631411384
A_0_024,A,0,143.75444821397667,133.4215725769856,0.4677712713280629,0.6553255748545191,1.0574087091094082,0.9868386109663653,,,,,,train,0,0.400057771927095,,,,,0.0,0.11843773678645
A_0_025,A,0,71.79530570575987,12.237874192131166,0.23868182019513803,0.6445330935598403,1.1087475102586324,0.9819225480685432,,,,,,train,0,0.4000621564962785,,,,,0.0,0.11784901562778662
A_0_026,A,0,121.78315810193088,146.66537742857707,0.28273849981282256,1.4338783910368331,0.5512118954858849,0.961500318476505,,,,,,train,0,0.40007180151296784,,,,,0.0,0.1154007493704563
A_0_027,A,0,85.00039215512344,50.556637116094436,0.7310001486183035,0.5841307840786006,0.5736345528974099,0.9830540979009925,,,,,,train,0,0.4000598899816396,,,,,0.0,0.1179841542756813
A_0_028,A,0,21.805262102960647,111.38215895069526,0.42585458466794435,0.7803948775174311,1.3417702596704915,0.9947732367121945,,,,,,train,0,0.4000708763298462,,,,,0.0,0.11939394016827756
A_0_029,A,0,76.72368922679773,23.6970379229291,0.3743833403832535,0.42836478479135004,0.9914872071120954,0.9696576833322434,,,,,,train,0,0.4000491697282996,,,,,0.0,0.11637322534131914
A_0_030,A,0,88.30119700167548,95.25551190039076,0.4337229577834826,0.9101732328757911,1.426123673003636,0.9913811291804004,,,,,,train,0,0.40008028210431806,,,,,0.0,0.11898961255061759
A_0_031,A,0,133.13629019834366,35.637711606154454,0.5685262122454406,0.41460967456792747,1.3437259483088506,1.0,,,,,,train,0,0.40005993727390887,,,,,0.0,0.12001798118217266
A_0_032,A,0,33.60453306289546,88.43827755251084,1.2295504605876235,1.1442181323234504,1.3234506250577702,1.0,,,,,,train,0,0.40004993342008677,,,,,0.0,0.12001498002602602
A_0_033,A,0,127.34938656095633,80.93031238502503,0.8277747435344053,0.2876695891288265,1.3895017936662464,1.0,,,,,,train,0,0.4001098329405068,,,,,0.0,0.12003294988215203
A_0_034,A,0,26.495786120943972,67.59697304198151,0.5595513204947679,1.002754670357642,0.32796172186967465,0.9971391022609021,,,,,,train,0,0.4000194440224732,,,,,0.0,0.11966250878984222
A_0_035,A,0,93.2287085422276,87.67583637319905,0.4198584089313124,1.3673083870349194,0.5252413520144971,0.9883927679894308,,,,,,train,0,0.4000620247694315,,,,,0.0,0.11862552360879437
A_0_036,A,0,149.96490241530492,91.94756370677858,0.8988256984093059,0.34279529874574766,0.3505577750569041,0.960725218529068,,,,,,train,0,0.4000785639014794,,,,,0.0,0.11530966971991334
A_0_037,A,0,45.84154036483656,7.662365309971242,0.6073737105180133,1.0699803486809036,1.1889508554532906,0.9906368563776445,,,,,,train,0,0.40002526854586906,,,,,0.0,0.11888393235117083
A_0_038,A,0,71.96752175503512,126.49392250068058,0.7444495233522107,0.17248107665246395,0.9434626572278122,0.987347035085679,,,,,,train,0,0.4000794652092736,,,,,0.0,0.1185051821319121
A_0_039,A,0,52.6205370362977,87.83543286689563,0.6070346934733961,0.8060770343171915,0.8169847165289432,1.0,,,,,,train,0,0.40001817545744417,,,,,0.0,0.12000545263723325
A_0_040,A,0,70.40117178389517,83.39449177152014,0.6356253717979821,0.5279035112511454,1.3594740800363825,0.9722269893007688,,,,,,train,0,0.40005862998077646,,,,,0.0,0.11668433921100016
A_0_041,A,0,148.61549672473447,69.35926992263039,0.22978861003206313,0.6775440205823176,1.2252504837838556,0.999961639953355,,,,,,train,0,0.40004105166735826,,,,,0.0,0.1200077118221869
A_0_042,A,0,140.54244969562902,44.61855020405782,0.8615483702191526,0.36465823927343904,1.0112110414787752,1.0,,,,,,train,0,0.40009100750030485,,,,,0.0,0.12002730225009145
A_0_043,A,0,14.656379017375126,142.80105252844527,0.871276019390905,0.5189099264246219,1.1688500790558511,0.991096473061246,,,,,,train,0,0.40009358193201483,,,,,0.0,0.11895940138417817
A_0_044,A,0,51.07668497538352,57.9089117612751,1.5347306719641078,0.629593781580131,0.16270128606140577,1.0,,,,,,train,0,0.4000127318238811,,,,,0.0,0.12000381954716433
A_0_045,A,0,55.53016376648902,131.64444172791195,0.22038753455101315,0.5872788454330372,0.137891337462274,0.9875781522226671,,,,,,train,0,0.4000929273752263,,,,,0.0,0.11853691018037511
A_0_046,A,0,138.38516062139897,40.82144025342547,0.4724434146562348,0.5528718492732491,1.6948298335664065,1.0,,,,,,train,0,0.40008549343037886,,,,,0.0,0.12002564802911365
A_0_047,A,0,24.8219237644942,88.2604805226873,0.6588486989316157,0.3231593156737706,1.1897513015712602,0.9634983413050147,,,,,,train,0,0.4000476895889733,,,,,0.0,0.11563358560856374
A_0_048,A,0,124.37798456188708,34.61101405995098,0.7137105766387082,0.9215621521053196,0.7848486834767583,0.9868189775698775,,,,,,train,0,0.4000711599699571,,,,,0.0,0.11843934391102438
A_0_049,A,0,19.61611013191958,121.56204407544614,1.5107404212920117,0.923093489957594,1.286454656968096,0.9830849169247116,,,,,,train,0,0.4000721830641851,,,,,0.0,0.11799147865546272
B_2_000,B,2,105.05248750839442,85.90401310113056,0.5980024577801963,0.5038164116440019,2.4797732676364004,1.0,137.6250730663164,2364.275585590601,37.44433765165983,0.2490045233301651,,val,2,0.4957390299817384,0.6737588788709217,0.07762171900921554,0.41790207740622226,0.23722983009419255,0.351628126345138,0.7461157350067558
B_2_001,B,2,124.11140818141551,123.52458217936253,0.6813842741206955,1.2618260389038771,2.7994917866635247,0.9913380784041533,54.20593498068445,1596.356157390566,4.021343396228875,0.4058063311293385,,val,2,0.18262724796828064,0.2333634690885953,0.04923773436334818,0.041701267952482794,0.39843337368526405,0.1806839612724226,0.6116435134100612
B_2_002,B,2,135.6272268186505,122.94088478426094,0.49159591220389554,0.7551036386921753,2.4425794814672823,1.0,150.59095433427447,4873.8629390191645,16.748823196800032,0.15316912730526,,val,2,0.28439872075064926,0.7422097730569753,0.17038156632046755,0.18495857657925144,0.13870414561704056,0.30906351539343374,0.6739503399826664
B_2_003,B,2,52.67798146596909,134.0932710232776,0.7368496985039416,0.6607004332681398,2.703429512024682,1.0,135.32031300443293,7316.894757645881,14.624085720151719,0.7065667318505638,,val,2,0.35229257793424285,0.6615913382418016,0.260681375236362,0.16104306642229094,0.7076367116354771,0.44773812288398296,0.7228691516210928
B_2_004,B,2,71.61771718717162,71.10256510770448,1.4475156861478522,0.6446056648411472,2.1356302603024413,0.9976840021700212,11.666519630273468,6386.7226433240385,83.41994006728088,0.08692953039017937,,train,2,0.2372913812369598,0.008784749084155625,0.2263001758014029,0.9353918843246873,0.07060507266227391,0.31027047046812994,0.6585379159991065
B_2_005,B,2,95.91363808031727,44.02008044432218,0.7630210055011959,0.31118156718827955,2.969098193809373,1.0,99.76458851678206,7476.293763888397,57.256702442474875,0.8225322637498508,,val,2,0.47144095628680605,0.4738816805398416,0.2665731117644493,0.6409050679382949,0.8268576245762975,0.5520543712047208,0.7800905397811313
B_2_006,B,2,53.887982298853096,86.12254017972529,1.0134214424374353,1.2320280282692113,3.739936274166577,0.9846769728166096,56.800170147398454,1621.3824215893717,28.759043419142937,0.5908866096574029,,train,2,0.23064521384884115,0.2470592382554254,0.05016275992290113,0.3201425919559974,0.5887092204137593,0.3015184526370208,0.6462148359111736
B_2_007,B,2,80.04599221762564,148.37764170291794,0.7145949889244727,0.3506154543433531,4.527454229382141,1.0,12.696008292316963,409.04814194733956,38.78650268999264,0.19471270333806534,,train,2,0.1212629309955477,0.014219737883985886,0.005352228615371296,0.4330091492018399,0.18141393170898784,0.15849876185254624,0.5940109773271297
B_2_008,B,2,55.13538896637145,70.53815020157766,0.8264710582504039,0.6104312099661208,3.675243032135132,0.9908188419950723,199.3452136283654,3712.726201986544,21.535964142603557,0.29502324832054383,,train,2,0.3155482957146082,0.999598574873823,0.12746340836613945,0.2388414299531017,0.284540391395203,0.41261095114706675,0.6981446315355163
B_2_009,B,2,101.5905563449147,9.650701572019582,0.8034064647631968,0.302172291548384,3.646734702186262,1.0,141.96919637333013,836.6902794318522,28.068435949029922,0.34984523944208656,,train,2,0.2621680314645932,0.6966928483153602,0.02115881901866088,0.3123692881255335,0.34090134385838966,0.34278057482948604,0.6742228807278016
B_2_010,B,2,43.674196729344125,85.2423186124102,0.6294676512014212,0.8480423819728757,1.3721534589729312,1.0,191.44276960744392,1570.5537950641794,65.26738757451876,0.5190635403694759,,val,2,0.7127712266968438,0.9578791307181774,0.04828402251649999,0.7310713231793032,0.5148699360119506,0.5630261031064828,0.8547485068839171
B_2_011,B,2,146.19286529607785,52.623306931627035,1.6015088431022804,1.158143688602662,4.41984442293799,0.9927277655256821,199.42125105492303,5344.559324837749,89.15995077710292,0.12656245817498868,,train,2,0.4395859237512316,0.9999999999472069,0.18777953607786213,0.9999999998874426,0.11135057484413062,0.5747825276891606,0.7695758230604506
B_2_012,B,2,83.86978289530107,135.6990824743543,0.3025548820586136,1.8074361313940939,3.0829166569457054,1.0,101.37988724720606,1717.8444253825364,30.579387886945522,0.4125120033268176,,train,2,0.2451443736476031,0.4824093417292405,0.05372820693990455,0.34063193103311173,0.4053272873178048,0.3205241917550154,0.6645335868673723
B_2_013,B,2,19.289008961205262,33.310791261347156,0.9472544522772514,0.7812063675016182,4.733916938532962,0.9916630189200812,136.93338125634062,2136.3760652338997,71.98252981284996,0.7325982963854917,,val,2,0.4891715404979808,0.6701072240458064,0.06919805338876436,0.8066552737479061,0.7343990334935556,0.5700898961690082,0.7825440085789164
B_2_014,B,2,121.98987482993641,43.99776750326512,0.6253815259202274,0.2784622321847963,2.4851897557012608,1.0,39.85644772658026,2019.8748300657487,42.832709562772045,0.15350663616249471,,val,2,0.17350034457829538,0.15760809131244993,0.06489191247240772,0.47855223517204903,0.1390511290131076,0.21002584199250357,0.6202907179013569
B_2_015,B,2,70.55928728413897,2.623602319018359,0.7585918485916154,0.6035991187079709,4.18786285572957,1.0,83.4402160254492,5236.371407662628,38.024548389444064,0.15056406120805144,,val,2,0.3827536524554633,0.387700273278357,0.18378067360974512,0.42443278340880347,0.13602595018005403,0.2829849201192399,0.6980876969376588
B_2_016,B,2,15.993080392641534,8.405999290888028,0.45914630028166914,0.39937271832316035,3.244160067188382,1.0,74.15451818683361,3673.5999021224234,47.142967006695784,0.01107851520514247,,val,2,0.3132653510325984,0.33867820473871185,0.12601721459396742,0.5270674078991194,0.0,0.24794070680794966,0.6700262214172985
B_2_017,B,2,21.338441970321043,102.72086541134848,0.7112056410267739,0.5204375958425183,1.6101131530551092,1.0,182.28906929489074,2013.8985227645464,81.19400817035606,0.3543098702678682,,val,2,0.6412485144343745,0.9095539179110961,0.06467101505993579,0.9103373552477199,0.345491305670971,0.5575133984724308,0.8321567246040481
B_2_018,B,2,83.8701279271735,94.27300287771584,0.43074120904308977,1.0988174587689667,2.8466502482918403,1.0,157.94643404542464,5028.770628994275,58.85693109173281,0.46823557322067755,,val,2,0.4125851074210245,0.7810416235876332,0.1761072939584392,0.6589168387737004,0.46261512764640544,0.5196702209915446,0.7557664600775076
B_2_019,B,2,50.7046783929133,15.053496928989851,0.6216348860745532,0.4498342593529484,4.415606212874389,0.9869087206737023,127.59839938444,19070.449285666273,0.4848367082320726,0.14732102716413176,,train,2,0.27738230532850916,0.6208249698637249,0.6951185036726967,0.001895238950554715,0.1326918777786956,0.36263264756641794,0.6739346554154793
B_2_020,B,2,107.92323462309199,11.16694157544194,0.29363591559333424,0.3525743252996333,2.416301764348809,0.9881867821013117,89.65947200043739,1002.5138816507879,35.56744764729333,0.27417386268195776,,train,2,0.21180629959835615,0.42053364756753414,0.027288022690896432,0.39677627600428544,0.263105722408851,0.2769259171678917,0.6379299550202706
B_2_021,B,2,97.45813757812732,15.71487318149572,0.339174868820938,0.49072326648586867,2.9524655488410207,1.0,18.625480577530666,2885.217851790113,50.43835449447813,0.294054608474141,,val,2,0.2854947858114816,0.045523254520169004,0.09687688659867073,0.5641594598826427,0.2835445599191805,0.24752604023016575,0.6616096793202433
B_2_022,B,2,55.831491762829764,91.9539871171568,0.615516299344168,1.2725337804977652,3.7809884468411394,0.990344506894171,132.3417291927576,11709.8310508834,14.728146567505377,0.2658855115838169,,train,2,0.2840932939538826,0.6458664737992176,0.4230539259475636,0.16221434912388571,0.2545847009595415,0.37142986245755205,0.6800684262846923
B_2_023,B,2,94.10948384617284,83.15734403667925,0.469139718718168,0.9543614739026561,3.2105999073185454,0.985950988350797,28.812241996713894,5476.48846713968,44.78163470728833,0.28227074392525087,,train,2,0.20343989526676623,0.09930231616608033,0.19265592624579653,0.500488845977427,0.27142989906711146,0.26596924686410384,0.631787871941822
B_2_024,B,2,5.4909391873663065,89.4534079366914,0.8160317218869548,0.7091286398131715,2.161212414506533,0.9951941585841274,144.33699739167233,16738.537409920988,44.71510737441401,0.014055555692234822,,val,2,0.3945715829122934,0.7091932016357864,0.6089259313193529,0.49974003106614623,0.0,0.45446479100532133,0.7333961493890833
B_2_025,B,2,147.57530156198808,119.7768382720986,0.9165656432156478,0.47893392843447913,1.1533805882649488,1.0,42.5197550202326,2872.7660653290623,23.837483650298047,0.7463395883152066,,val,2,0.27346920463967905,0.17166851358341928,0.09641664128810148,0.2647467541485109,0.7485260705710014,0.32033949489775826,0.6729930103414422
B_2_026,B,2,135.1987659489096,75.5717803030725,0.45504058403022457,0.6198746591703362,4.450022077234458,1.0,194.77253653748997,5297.988623280532,26.30885357186176,0.9431095942036075,,train,2,0.45979384487958874,0.9754579993721781,0.1860581809077687,0.2925638718443864,0.9508197983465905,0.6012249626177308,0.7867197634145858
B_2_027,B,2,30.548596267250478,110.32439095106758,0.19668606536832284,0.39736922697164523,2.326605820679285,0.9985199484240121,197.0633990873359,25485.2207274297,7.476532725064757,0.008220446028521455,,val,2,0.540317983140627,0.9875521707403687,0.9322225114935957,0.08059200923048088,0.0,0.5000916728661113,0.7888861224313095
B_2_028,B,2,117.91021038027071,141.61664495912788,0.8365264873129465,0.3098358218678289,3.088029087347754,1.0,158.54025916883782,7182.806028394562,8.498658435529226,0.21168223639923822,,val,2,0.2625065932187438,0.7841766099296897,0.2557251620029316,0.09209679891812922,0.19885983300912152,0.332714600964968,0.6722520428701754
B_2_029,B,2,135.45160410954497,145.99058681827233,1.7420248901331667,0.35704154411230876,2.6595281939626485,1.0,79.15217703971729,2835.2349768394283,34.902682662568886,0.08311552113750154,,val,2,0.22713377161173806,0.3650623902982491,0.09502941002358012,0.3892938486837828,0.06668399665268952,0.22901741141457538,0.6402907750100516
B_2_030,B,2,75.77766923488457,18.277060867101408,0.5267717118291179,1.795662384884163,3.1556004192466975,1.0,38.86067262875207,3200.4176404780646,11.890131956233827,0.03153473935331297,,val,2,0.1293949990882295,0.15235108683694323,0.10852736141927775,0.13027037109958256,0.013655240661186082,0.1012010150042474,0.5846540028155787
B_2_031,B,2,108.98501869269533,43.791643470365806,0.4619439323977586,0.7188236046626513,2.7116776203513258,0.9995280285199326,61.826286694051305,2209.8638843399494,63.58598617410068,0.9791613570033154,,train,2,0.3910824418473066,0.27359366077492825,0.07191432420125518,0.7121458922912209,0.9878836051839521,0.5113843706128391,0.7472568995530697
B_2_032,B,2,144.55766711828343,127.6207721266207,0.6606962690521346,0.7839776101407494,2.3077941224305127,0.9859158351077235,155.27735992540227,2646.598144972837,67.37910585398926,0.38696213229170917,,val,2,0.4629611804550977,0.766950756458078,0.08805697939775715,0.7548402925302755,0.3790601810454748,0.4972270523578964,0.7554665167322527
B_2_033,B,2,128.2548455072109,124.05896267153594,0.7511765643562478,1.9186281719865756,2.0076611984691453,1.0,59.684663414674716,3544.2475216912076,80.23488481359885,0.7030181240762648,,val,2,0.486867827149796,0.26228736963640986,0.12123606719068852,0.8995417041932241,0.7039884874468602,0.4967634071167957,0.7733351672572202
B_2_034,B,2,62.39075403181363,45.27618424793496,1.6609833212376248,0.3200107464642947,1.3807377114025274,0.9966091354164863,172.43972405119757,946.2375749982917,16.614931489646256,0.717995134657775,,val,2,0.447543139769531,0.857556180530602,0.025207927090639688,0.18345152522935004,0.7193859322341845,0.446400391271194,0.748621792803977
B_2_035,B,2,80.39986169220484,23.571607613971945,1.2331170313845616,0.48799408970054536,2.791187320730817,1.0,49.78354824865377,4989.211324853729,0.316457058414098,0.3190530045792067,,train,2,0.13271476169225793,0.21001632283698443,0.17464509539945966,0.0,0.30924471027325745,0.17347653212742536,0.6005301851221473
B_2_036,B,2,26.53109497843725,66.03889075866897,0.8637326231513812,0.5314325391537538,5.058634321212968,0.9934354591144487,185.2611493114163,36107.67882625739,69.0509360733856,0.1558041144156631,,val,2,0.5610300876708505,0.9252444468091533,1.0,0.7736579926142207,0.1414131020090345,0.7100788853581022,0.8339907945100851
B_2_037,B,2,95.16459744880733,135.38127185069686,0.7664098579921594,0.454139766192904,2.187921754406548,0.9988805016855248,68.3258136507949,5845.8301836652145,51.10767158765253,0.4614685679167281,,train,2,0.2947290945618476,0.3079066721916619,0.20630760534904777,0.5716931245899128,0.4556581591662118,0.38539139032420855,0.6919884664650866
B_2_038,B,2,133.61446672366947,10.352634181350457,0.5367259148171005,0.39036091860925914,3.609016483369169,1.0,11.6455661616046,6390.399320192306,74.26648480338012,0.9852851500816225,,train,2,0.3941684761936388,0.00867412924759828,0.22643607383437928,0.8323628961597952,0.9941793052035969,0.5154131011113424,0.7493650048516033
B_2_039,B,2,118.82927288713945,3.5347421223463957,0.2806317889414912,0.478992276851899,3.6683893724113577,0.985526598808058,63.35946424294199,14017.667983216144,29.324678898316954,0.9862416937955963,,train,2,0.40375450890127607,0.28168777886830465,0.508356635642043,0.3265092425168293,0.9951627009849123,0.5279290895030223,0.7438928573336228
B_2_040,B,2,99.12610484112224,83.28330619296615,0.571307069651875,0.799882440864989,2.5228991145021666,0.995422900256232,173.36451413879954,9145.863583883902,37.35334364600123,0.42407924715642,,val,2,0.5554612910580392,0.8624384331999358,0.3282840704870766,0.41687787178530783,0.41721924648004916,0.5062049054880924,0.7922143272559888
B_2_041,B,2,3.627166585783781,4.367960426987088,0.9587680725798752,0.558018543274444,2.540502982793232,0.9799276572678165,19.274781983366402,3715.176774423924,63.68699637282561,0.1527804288579463,,val,2,0.36706672636660015,0.04895111730150984,0.12755398689284664,0.7132828376598193,0.13830453563820938,0.2570231193730963,0.6742260371937324
B_2_042,B,2,62.32946130506502,39.39461756438271,0.18285266550853777,0.5660284937551775,2.2657286214154095,1.0,112.79279168944399,27318.91852806484,67.29563846137476,0.3690070703082966,,train,2,0.5080293189132845,0.5426615913207717,0.9999999999996303,0.7539008045710403,0.36060108508383565,0.6642908702438194,0.8141745630771247
B_2_043,B,2,106.6721954736749,108.55346644004621,0.5374951092667463,0.8829052888201245,2.5513524250519213,0.9969025001241094,61.3408075331589,10311.619029608606,84.8930981230682,0.631923107946648,,val,2,0.5291303650987264,0.2710306662522264,0.3713729460346646,0.951973380548666,0.6308976940904647,0.5563186717315054,0.7958026489875327
B_2_044,B,2,63.86593747784188,77.55791137800232,0.3021143949316839,0.3656755636293224,2.96008959625656,1.0,11.675551803311876,7821.8995054475745,79.32260804169859,0.9528016031575225,,val,2,0.5302264600489764,0.008832432716925737,0.27934745722531706,0.8892733465047457,0.9607838810942112,0.5345592793852999,0.7941242602410783
B_2_045,B,2,99.77414506565067,107.14338998784339,0.9618154661214954,0.9738670530474428,3.3530827596023647,0.992991552033636,151.82377533138995,14387.444961645966,63.47394719757303,0.33706910826775816,,val,2,0.47919309114454045,0.7487182160914214,0.5220244029789741,0.7108848097760534,0.32776656150100825,0.5773484975868644,0.7821037741128203
B_2_046,B,2,145.33749990130494,89.30914607499591,0.4213498495733685,0.5915005072418692,2.950766466020389,1.0,161.72794939376288,3261.564589445767,76.764431042159,0.3149943004399691,,val,2,0.5868120253565995,0.8010054117500096,0.11078748663151394,0.8604791501919378,0.30507207030936856,0.5193360297207075,0.8079657313730078
B_2_047,B,2,115.55314438107176,145.4486272698342,0.36318436499048523,0.8321002844845372,2.692931695145216,1.0,51.55219716004977,6573.7514557405975,73.49648827075276,0.7187672434557308,,train,2,0.3817317495016756,0.21935356702303369,0.23321317050503942,0.8236960090270268,0.7201797156478792,0.49911061555074476,0.7422775927580089
B_2_048,B,2,133.08188914369475,83.3408882205463,0.46591862288488095,0.18410726075987952,4.163918873568773,0.9876561988105985,87.17077820827825,10413.951578115204,17.0282925197328,0.39230111057725336,,val,2,0.2594341181634364,0.4073950639334576,0.3751553812471608,0.18810421292473573,0.38454903497430076,0.33880092326991373,0.6642811313485112
B_2_049,B,2,116.2015263786139,122.44490447748503,0.8170378887304673,0.29928383145985066,3.4551522269591164,1.0,71.34347850065996,841.5360060841367,24.193118584620493,0.6367181706622369,,val,2,0.520896728890315,0.32383785751244315,0.0213379276931463,0.26874969144191013,0.6358273636672617,0.3124382100786903,0.7455945325068248
B_2_050,B,2,93.03982986740414,109.06366427661504,0.4808985120282745,0.4110059005604676,3.3326564028032997,0.9988472941658775,187.29548404694117,1172.2951873633217,59.88837968153248,0.431698671348658,,val,2,0.4508829869836695,0.9359843285682554,0.03356351175593485,0.6705265644442095,0.4250525629267922,0.516281741923798,0.7656745797983299
B_2_051,B,2,12.59886450987172,36.696063801664394,1.089781425180447,0.45382925980408606,2.97618654787046,1.0,58.85789652636733,1995.2030850848496,4.969821024167142,0.8570018087674148,,val,2,0.2741460032340379,0.2579226117292156,0.06397999071993164,0.052377093363342224,0.8622947976599141,0.3091436233681009,0.6708910175459968
B_2_052,B,2,121.63672099301645,148.26272491108864,0.5541990958134178,1.069803666415654,4.312142960336713,0.994035814716096,131.6054047616949,6138.976508697592,51.657078548324684,0.4814878211971424,,val,2,0.49279746023152426,0.6419791895741309,0.2171429358318494,0.5778771110318457,0.476239392342957,0.4783096571951957,0.766714491611925
B_2_053,B,2,52.8107304219528,98.28606240183143,0.8592848382570499,0.3057612399162095,3.283180793218607,0.9971637753919039,161.46119493472324,1946.1150738884787,81.39421128685092,0.15254765781222557,,val,2,0.4300187813835568,0.7995971325230121,0.06216559026992635,0.9125907911279684,0.13806523025045747,0.47810468604284106,0.7503048662576491
B_2_054,B,2,133.77376093235353,146.71134382885455,0.8649699956678248,0.9462548240262084,4.057316772407978,0.9889753908005556,181.830480600057,7958.765561361685,35.557649915862164,0.9712836981010501,,train,2,0.4909875985520591,0.9071328864689403,0.28440632653757336,0.3966659952057715,0.9797848048699062,0.6419975032705478,0.795603244106278
B_2_055,B,2,94.1581217907028,28.77284748590543,0.3867548056653012,0.7720179692965531,4.131615558583309,1.0,153.37268760914984,1296.928500222324,65.3646311943905,0.8180298057374774,,val,2,0.6547312982864393,0.7568954026811547,0.038170232081849026,0.7321658728845264,0.8222287736934416,0.587365070335243,0.8423474922020112
B_2_056,B,2,126.08261274785177,6.718321843680136,0.47540754881496733,0.7935504744550382,2.770680719647511,1.0,183.14928221219307,14262.968967073122,58.532787740855845,0.8239344645987732,,train,2,0.5573699464883168,0.9140952477415065,0.5174234974816146,0.6552683628158905,0.8282991879667031,0.7287715740014287,0.8422521903585538
B_2_057,B,2,94.52646502927848,71.10227606099292,1.4235324353668029,0.3834746850574305,3.405246277758363,1.0,102.1980773542021,580.6570999679166,35.48679268983955,0.452170665027404,,val,2,0.2658828380323585,0.48672882015732594,0.011695271714263333,0.39586844410721833,0.4460992458171745,0.3350979454489955,0.6737556048845007
B_2_058,B,2,148.36003401802387,118.9253839727853,0.3665525181621078,0.8033979891803064,2.9143054038241716,0.9958463369064695,154.1559913498548,4644.822705769052,66.79430799079978,0.5507115526185975,,val,2,0.5409845271259319,0.7610307052003161,0.16191573745207277,0.7482579549988931,0.5474063703412425,0.5546526919981312,0.7981594459823148
B_2_059,B,2,107.90083756160455,32.11287437909412,0.3807045960667794,0.4187350936911912,2.4342704874918923,1.0,116.30315770963271,2891.1815323924,27.29210506469759,0.363567271635431,,val,2,0.40416934737482313,0.5611938983839304,0.09709731730068454,0.30363110312458,0.3550085805407052,0.32923272483747507,0.7140340122672212
B_2_060,B,2,79.01312192554008,95.3702320231393,0.6251583071865685,0.48754512478153617,2.9171657435409646,1.0,66.08124009419173,543.9925451664076,50.179823196935146,0.2339121684824278,,val,2,0.272633375916863,0.29605687472393805,0.010340069433507251,0.5612494966800193,0.22171380309975144,0.272340060984304,0.6628600253306509
B_2_061,B,2,17.469618891434536,109.45909498515695,0.17318868393696646,0.4337966418197648,1.923050487801045,0.9981425336987045,80.49104824361885,11798.877875438051,59.11459507896353,0.41655095400673425,,train,2,0.3574744066989731,0.37213070514804664,0.426345291692596,0.6618170397497852,0.4094796193038367,0.4674431639735661,0.727127492271159
B_2_062,B,2,16.837325579664853,90.6848827988932,0.7235753954483091,1.6794896090968419,3.168682061880266,1.0,97.22845575079411,2320.0378045569873,40.26359692336197,0.6355731916020088,,val,2,0.41081826248007214,0.4604926519023949,0.07598659369331032,0.4496349500497906,0.6346502427881278,0.4051911096084059,0.7316671777810464
B_2_063,B,2,72.70920044529704,70.85779766610564,0.8858232786133015,2.76468266349569,2.9913164130063494,1.0,167.55578426873444,3195.0561204397354,78.4943540713987,0.7180451426938022,,val,2,0.4867151258878505,0.8317723530875262,0.10832918789109505,0.8799507283192293,0.7194373440943458,0.6348724033480491,0.8017235619850711
B_2_064,B,2,9.90093564750868,61.663602159687,0.5779022351302656,0.7127413384792366,1.5707895086584136,0.9955904421464695,51.549363801455605,1247.572961607606,33.892204857922955,0.7919271923477483,,train,2,0.27320419155670267,0.21933860884739473,0.036345943232285315,0.3779201648917908,0.7953934084991746,0.35724953136766135,0.677511871753142
B_2_065,B,2,110.9791354347434,21.392350152518485,1.2901962268460079,0.7138366005802671,3.932886592413462,0.993157983287771,158.622119523196,1670.9396979934884,47.175158329731524,0.8157879402525601,,val,2,0.45253477028292016,0.7846087760384488,0.05199450544318642,0.5274297453273846,0.81992397462578,0.5459892503587,0.7678799406867707
B_2_066,B,2,115.5483600607045,22.9272340093054,0.7299136982235063,0.48221327212497245,2.5547118429682536,0.9972949679977482,84.78114527822063,1255.342847402877,81.97031767773385,0.7579280581765333,,train,2,0.4036016532451649,0.39477945320415747,0.03663313523578762,0.9190752996350544,0.7604398516215157,0.5277319349241288,0.7526896164400526
B_2_067,B,2,55.29005452781913,29.281500221315365,0.21110508033202144,0.552607615156364,2.57092035851015,1.0,28.95592549373268,3506.9454040312435,3.2033420861109585,0.46761528805357255,,val,2,0.23590959535913095,0.10006086575075225,0.11985729918972715,0.03249405112897586,0.4619774298521149,0.17859741148039254,0.6325429339125259
B_2_068,B,2,19.735466166961274,132.85946679477797,0.5480504065478558,0.23673381790828155,2.183810239515703,1.0,47.02486245408995,13374.595582911123,80.0160943568381,0.4711154941377824,,val,2,0.5287622290757218,0.19545236798395688,0.4845872706980894,0.897079053890109,0.46557589361980517,0.5106736465479901,0.7887673606590674
B_2_069,B,2,109.70938502086167,43.54137445992629,1.0172403535908818,0.9339022013166286,3.5233000438941158,0.9952362439817211,193.23455532759507,6336.698496655346,33.20818133401838,0.47312119755916016,,train,2,0.38805547664369705,0.9673385212678384,0.22445117373318474,0.37022096830241025,0.46763790108934233,0.507412141098194,0.7423306398410331
B_2_070,B,2,96.7872010653632,112.19826732078734,0.9030971026347362,0.4794275831959814,3.7808549793553743,1.0,141.08150041378258,9589.252922774549,81.11803021737079,0.014026788533914147,,val,2,0.37320948021849476,0.6920064270115851,0.3446727119578522,0.9094821665355639,0.0,0.4865403263762503,0.7371329112606587
B_1_000,B,1,132.43025172728613,71.70662651678472,0.8102295191969101,0.7649667601169404,3.2643281166114315,1.0,,,,,0.9654527238245253,train,1,0.0001659266126807779,,,,,0.0,0.512958231322388
B_1_001,B,1,42.289979782375866,72.96572366084915,1.3913098059070006,0.5165099694040266,2.7071425833624456,0.9801397498606608,,,,,0.3774439541745639,train,1,9.218257218890358e-06,,,,,0.0,0.3010089047705895
B_1_002,B,1,80.90770467572337,120.76695084881798,0.7188297432481863,0.44267674637336324,2.5500863210002,0.9905963445715762,,,,,0.030405750774008422,train,1,0.00023873061581980437,,,,,0.0,0.18396724495237685
B_1_003,B,1,149.81530018111593,11.966687289096805,1.1006396314878564,0.4583827752938582,2.729335136733812,1.0,,,,,0.7677275478907949,train,1,0.000609301496297121,,,,,0.0,0.4438874322106673
B_1_004,B,1,132.3887416738567,43.53357373399537,0.5491361347405767,0.3146992292660875,3.5319711549457526,1.0,,,,,0.8907439687998325,train,1,4.4907692426932044e-06,,,,,0.0,0.4867617363107141
B_1_005,B,1,50.363153911662366,13.86177908963575,0.20679129763274884,0.40170886114186644,3.8440199812275986,0.9837392664965163,,,,,0.38159940134056536,train,1,2.0197439880575985e-06,,,,,0.0,0.30354297801692826
B_1_006,B,1,121.38937415642978,111.38232989721182,0.805802833873961,1.4645881685523,1.181316858630118,0.970802897720542,,,,,0.12991766145952366,train,1,2.2228443867788883e-06,,,,,0.0,0.21403470925772006
B_1_007,B,1,9.711576673364796,103.0865971294016,0.6355870407627838,0.8249199203348645,3.220009140716602,0.9844529301954946,,,,,0.3466639465444922,train,1,0.00012471449736040086,,,,,0.0,0.2917621137390217
B_1_008,B,1,22.36321781797083,107.89187840306818,0.7542303970913438,0.4540502722847336,2.7420837963872198,1.0,,,,,0.9932856598455542,train,1,0.00034991151187568903,,,,,0.0,0.5227549543995067
B_1_009,B,1,7.937944897870319,99.06147798517748,0.7852510690971987,0.4117966375566905,2.705912445778668,0.9975736148685252,,,,,0.49810540030986095,train,1,0.00019034346041735262,,,,,0.0,0.3485462287565791
B_1_010,B,1,38.57060775469928,4.742174396111393,0.8083143859171462,0.30339697574065,3.5350457689925285,1.0,,,,,0.9597387344018904,train,1,0.00030190739198587835,,,,,0.0,0.5109991292582574
B_1_011,B,1,29.257358720322067,76.81092553416181,0.5797479640792895,0.6636701712366049,2.4376222879299805,0.9787429147148122,,,,,0.5455901602965985,train,1,0.0006143352366052568,,,,,0.0,0.3583577692580633
B_1_012,B,1,25.42546057967353,115.4786046065319,0.9335210385427017,0.5993535992456162,3.940402524226282,0.987296614568381,,,,,0.12992165087417196,train,1,1.097831227525603e-05,,,,,0.0,0.21767508132815136
B_1_013,B,1,30.83208388655635,115.5782532028762,1.1384639200036264,0.6513601787639889,3.4134526756782924,0.9837473128602984,,,,,0.4679577587321504,train,1,1.1373192137398291e-05,,,,,0.0,0.3332824019444216
B_1_014,B,1,54.968231234210855,125.77256271989967,1.0860621748799848,0.8094764132351884,2.204571976690864,1.0,,,,,0.1725688111091671,train,1,4.610486939782277e-05,,,,,0.0,0.2354129153490278
B_1_015,B,1,134.32532358062372,2.853973164768858,0.27300240910784257,0.8578831434928461,3.468338162067252,0.9885841904853752,,,,,0.67745000497196,train,1,2.8407856007106602e-05,,,,,0.0,0.4074113860679724
B_1_016,B,1,108.28826016082984,87.9947612597186,0.43495793803218147,0.537944013329346,3.4931285190119916,1.0,,,,,0.603322576305345,train,1,1.612289997865446e-05,,,,,0.0,0.38616773857686437
B_1_017,B,1,2.9241527608980524,125.13065613901948,0.43269442259525176,0.7900866261114537,1.9488496705304317,0.983963511781761,,,,,0.1562144786301608,train,1,0.00010188125452259555,,,,,0.0,0.22602196023733506
B_1_018,B,1,88.86578244453317,96.66431087372246,0.3264298289976974,0.5358620580091665,2.6681084505975137,0.9523688230561098,,,,,0.3223302045490899,train,1,0.00016033956489991397,,,,,0.0,0.2741523878952813
B_1_019,B,1,101.69554791201627,113.1158067366586,0.5127852743483211,0.7348605073302961,3.9907420367630158,1.0,,,,,0.9994292230970047,train,1,1.211781727761263e-05,,,,,0.0,0.5248038634291349
B_1_020,B,1,52.90000592827377,110.61505440652529,0.6007845945366883,0.8237487925746576,2.467315132680763,0.957319313793678,,,,,0.3820466981486794,train,1,0.0003682791138999164,,,,,0.0,0.2956458871445666
B_1_021,B,1,56.17151810325699,115.53415000987496,0.7339399231009688,0.6501207297995985,3.303056188587519,0.9836272021008188,,,,,0.9823471822746774,train,1,0.00010824942000908777,,,,,0.0,0.5103588971272455
B_1_022,B,1,4.7172634179653175,0.4274091788640244,0.34721655307549687,0.456613737683132,2.8786610582530296,0.9848311066644944,,,,,0.08895581674212971,train,1,1.1722941962943878e-05,,,,,0.0,0.20301116660789695
B_1_023,B,1,50.51853410730639,82.77189450763754,0.5570247313361961,0.543364659635468,2.8311111334658934,0.9631514785754959,,,,,0.7248954870297364,train,1,8.214108675019816e-06,,,,,0.0,0.41291833823087465
B_1_024,B,1,88.21804970709809,13.651692338357712,0.7773830787249401,2.3796334550792633,3.9368283049375794,1.0,,,,,0.22317260969910502,train,1,0.000240677734836936,,,,,0.0,0.25318261671513786
B_1_025,B,1,64.08894654504309,27.74797771432051,0.37467472066153024,2.0126783369000654,1.8012757772528567,0.9650223580554158,,,,,0.9397510562137248,train,1,0.00016448480891995132,,,,,0.0,0.4863348052035009
B_1_026,B,1,130.5070081556507,149.81986460343282,1.5887617993253966,0.2931716225917144,4.43845553905653,0.956022658241632,,,,,0.045405163854070674,train,1,0.00022086694661993533,,,,,0.0,0.1825602392398961
B_1_027,B,1,4.0772716499496156,52.86711199309878,0.8020153161168104,0.8127663543348987,3.6835708707222556,1.0,,,,,0.8694898634481857,train,1,0.00045129351201467216,,,,,0.0,0.4794568402604693
B_1_028,B,1,36.311901192395915,102.90087133972186,0.20050175544405371,0.4556211857155816,4.396147501051582,0.9949649318366977,,,,,0.8564324326767134,train,1,3.7758698454126716e-05,,,,,0.0,0.4723722165959953
B_1_029,B,1,16.174695903702307,25.063330754674457,0.8742205382753436,1.1150830390756072,1.8312335466402392,1.0,,,,,0.21664304534296563,train,1,0.0,,,,,0.0,0.25082506587003794
B_1_030,B,1,94.56751764519944,104.2271438121073,0.5594864864856438,0.6885807318745579,3.2758226975766114,0.9394836941586879,,,,,0.47825939573139564,train,1,0.00024248975387308747,,,,,0.0,0.3217389073824414
B_1_031,B,1,126.956407140599,126.14639132809631,0.5392440700221038,0.772041576349168,2.150279468824651,1.0,,,,,0.48409010493116966,train,1,8.180260920198634e-06,,,,,0.0,0.3444339908041854
B_1_032,B,1,34.10804454354137,84.53386862473025,1.105498681364741,0.4502336747201445,2.8932103937159916,1.0,,,,,0.7342402526832696,train,1,0.00022092323342803866,,,,,0.0,0.4320503654091728
B_1_033,B,1,79.3596259471219,123.8120952412818,0.2163922710024879,0.45224070655430787,2.7795266391724986,1.0,,,,,0.5013145164803287,train,1,0.00016896778834052384,,,,,0.0,0.35051077110461715
B_1_034,B,1,69.73473331059363,137.40370114960388,0.7994037429063815,0.5053215597105339,3.131385592555831,0.9943978811362213,,,,,0.043217931431697276,train,1,9.477996354689822e-05,,,,,0.0,0.18908944070228587
B_1_035,B,1,3.163797537489871,53.96019926430328,0.42012031178943937,0.8390363451696145,1.3388809397928518,1.0,,,,,0.3992571315155953,train,1,0.0001210520786116831,,,,,0.0,0.31477631165404185
B_1_036,B,1,139.70151538509975,71.19502453599341,0.463941152680393,0.5325557551149588,3.673468210400104,0.990285259134485,,,,,0.23180716551299996,train,1,7.768959039822221e-05,,,,,0.0,0.2536673274446278
B_1_037,B,1,108.51916968955362,90.19809588457832,0.7368771812495182,0.7724049628279678,1.6991791945560741,0.9747253842833863,,,,,0.3790985688656229,train,1,2.3128566681407392e-05,,,,,0.0,0.29991465482649565
B_1_038,B,1,135.2128522636753,18.073429864408347,0.652193932924534,0.49641411612757363,3.6949166970129896,0.9924507407272045,,,,,0.9752951044623507,train,1,1.0651125194272026e-05,,,,,0.0,0.5124583729403341
B_1_039,B,1,142.60219129540928,147.41759095615055,0.9931917675099643,0.40405919274471724,2.9291630721089583,0.9898604354638698,,,,,0.19747364636296671,train,1,3.3624551178945694e-06,,,,,0.0,0.2416415470680829
B_1_040,B,1,122.15290880592293,43.505619712198246,0.23963971609560875,0.5403824241937408,2.2055552823825857,1.0,,,,,0.022844027160749736,train,1,3.293111876701005e-05,,,,,0.0,0.1830052888418925
B_1_041,B,1,117.80591313705219,98.59755182757631,0.257596179068804,0.5001400225650938,2.852692381146418,0.9762095591337614,,,,,0.2845113425586141,train,1,0.0001336501882178709,,,,,0.0,0.2680857563264984
B_1_042,B,1,48.703030065841354,18.976437516858123,0.5732459482909783,0.647159972156836,4.45611270510392,1.0,,,,,0.8566113342466144,train,1,0.0004890073905698955,,,,,0.0,0.47496066920348595
B_1_043,B,1,74.72690416516232,113.83492528648561,1.5237655341849803,0.32350343769695405,2.9060364722296685,1.0,,,,,0.15417193460946887,train,1,0.00042058585677295923,,,,,0.0,0.22908635287034598
B_1_044,B,1,92.10173520793892,69.65796485151527,0.59805768080612,1.1590083812428211,4.285446130617245,0.9681007141904993,,,,,0.5888781537956108,train,1,0.00013292905350681394,,,,,0.0,0.368988908038078
B_1_045,B,1,89.46537253442396,98.8901751920401,0.46822453649415563,0.7679513251268808,4.190947210045864,0.9830333258791855,,,,,0.6383784265025998,train,1,4.451464337762445e-05,,,,,0.0,0.3916855035632666
B_1_046,B,1,19.95457232886293,47.65665240834137,0.7630562177353997,1.3502151713515553,3.261315987579058,1.0,,,,,0.20827657748232575,train,1,4.633043135982007e-05,,,,,0.0,0.24791070124822193
B_1_047,B,1,78.65165905389513,123.8430165640915,1.024878331819724,0.34391944746260467,1.4957373464532155,1.0,,,,,0.02493258532645759,train,1,3.3438700484111905e-05,,,,,0.0,0.18373643647440538
B_1_048,B,1,117.55381168964091,80.51424591060609,0.31033713929299594,0.909873309467252,3.391413091283535,0.9798040089703208,,,,,0.7849145737117165,train,1,7.945964898681268e-05,,,,,0.0,0.4406609141422843
B_1_049,B,1,130.7375264893425,112.71727512176693,0.6769734378312466,1.4822029812635875,3.1483058147357714,0.9878189686711296,,,,,0.9979484641412311,train,1,0.00010189251770498231,,,,,0.0,0.5179258628481991
B_1_050,B,1,81.3752663421477,90.35408899179455,0.2242349035673055,0.49720893424109835,4.1104548711722115,0.9952807183334652,,,,,0.22647115086144598,train,1,1.636108663660707e-06,,,,,0.0,0.25306544362349354
B_1_051,B,1,77.08705816099592,107.56190622749278,0.37066600347208895,0.40315933314623037,3.3318781794428287,0.9723902961682573,,,,,0.2877988957055475,train,1,7.921161159174517e-05,,,,,0.0,0.26813990791138687
B_1_052,B,1,99.60065088914803,22.08394054350325,0.28994875444489676,0.2758072930397508,4.294007755923566,1.0,,,,,0.6758508379173216,train,1,6.198311893967912e-05,,,,,0.0,0.41156638820674446
B_1_053,B,1,3.0437850732549734,42.952527796678524,0.514634381771511,0.44488546223241865,1.9420963355256868,0.9751748395095058,,,,,0.8589197686363466,train,1,8.38226405903697e-05,,,,,0.0,0.4638390510692109
B_1_054,B,1,1.1528898079692262,76.29574800827663,0.7891744096075411,0.2995978107816561,3.4777033948660643,1.0,,,,,0.4123348118455261,train,1,3.4978534131369088e-06,,,,,0.0,0.3193182335019581
B_1_055,B,1,90.90328346479966,103.02249121892488,1.135328299263219,0.7996474652415023,4.069614897077655,0.9886418573833302,,,,,0.3280938219881724,train,1,0.0005744057707488537,,,,,0.0,0.2867112394667421
B_1_056,B,1,135.01782181300294,57.81437710317484,0.2898995384667786,0.28040173151492204,3.2989447188289227,1.0,,,,,0.23293620391954184,train,1,8.357461774721742e-05,,,,,0.0,0.2565527437571638
B_1_057,B,1,96.8123727057575,124.47543181902039,0.6602653702285908,1.0149447154869318,2.672980314326005,1.0,,,,,0.25363339705310006,train,1,0.000212299739359878,,,,,0.0,0.26383537889039294
B_1_058,B,1,48.2059424730542,62.8905376563765,0.8148110846869725,1.5601703774520161,2.7288283247372442,1.0,,,,,0.8378498550810314,train,1,1.2557821719383355e-05,,,,,0.0,0.46825121662487673
B_1_059,B,1,92.78039367677947,15.691599047325022,0.7257119155976656,0.25916176690743065,3.2340834086873884,0.9969770339987856,,,,,0.03811568427057388,train,1,5.4111987992655486e-05,,,,,0.0,0.18778732712109408
B_1_060,B,1,99.26981893656622,66.82258299741696,0.5775570152121703,0.345007286870071,2.910071222446539,0.9900042521437529,,,,,0.3695398903839481,train,1,6.332498014671728e-05,,,,,0.0,0.3013156737109361
B_1_061,B,1,138.77306189805708,11.492820580834644,0.8136115354566744,0.502350778569774,3.852072176214779,0.9861608268674711,,,,,0.37509642193869175,train,1,3.202873995178379e-05,,,,,0.0,0.30205450951334123
B_1_062,B,1,99.72269489307405,139.41926031169223,0.6229423950853,0.8795032397389632,1.509754175677868,0.9775126342843627,,,,,0.8777289478975625,train,1,6.448640488088131e-05,,,,,0.0,0.4713805194988626
B_1_063,B,1,110.42474234291582,66.70310592326626,0.5780346746829538,0.29153275685462965,1.5042012697162415,0.9503610939465228,,,,,0.4041138107082397,train,1,2.083852632495109e-05,,,,,0.0,0.30073804780629704
B_1_064,B,1,41.05523683901999,79.43516047358708,0.7681971735064582,0.6783396320540894,2.182330217259949,0.9961382082724243,,,,,0.7615868693321133,train,1,4.026262467959896e-05,,,,,0.0,0.4398622414004205
B_1_065,B,1,14.372430735055403,11.044721377951133,0.7174972302245202,0.6446636262724392,1.522818703371019,1.0,,,,,0.07090310444994719,train,1,3.053979526157491e-05,,,,,0.0,0.19982524849605998
B_1_066,B,1,89.88748355749877,58.29105443047326,0.709616084548315,0.6103270811903443,3.1387474492824206,0.9987909363262252,,,,,0.13600431486680942,train,1,8.845597767503932e-05,,,,,0.0,0.22235887551229866
B_1_067,B,1,141.47319859111425,13.122567414173863,1.0085570284184362,0.4500825738633822,2.5002058028016085,0.9973860661227764,,,,,0.09467381811989883,train,1,0.0005199284642003477,,,,,0.0,0.20774735384995827
B_1_068,B,1,73.91189024794804,9.867495056103504,0.22174020258650112,0.7501639207105143,2.812071451401691,1.0,,,,,0.15392249736749797,train,1,6.442719495680649e-06,,,,,0.0,0.22887480689447298
B_1_069,B,1,17.897819642672957,3.082602466707063,0.9128975287397932,0.9149809008618426,4.366033937866112,0.9943862801982569,,,,,0.531141590546909,train,1,1.1835762961709406e-05,,,,,0.0,0.3588770984996707
B_1_070,B,1,128.15556212439645,17.72055103714646,0.6178808911376796,0.2929705266092095,2.4007309376201573,0.9882364643519431,,,,,0.2472315103673276,train,1,6.341518746921793e-05,,,,,0.0,0.2584732998104148
B_1_071,B,1,37.220483675023644,105.07956380959959,0.27222312272904925,0.8744361246314705,1.780131247775976,0.99085514748627,,,,,0.4887453990821595,train,1,0.0002097665856126696,,,,,0.0,0.3429585683722109
B_1_072,B,1,77.01083219681679,12.183801614973678,1.004713059451311,0.14208002477394893,2.6971565679593144,1.0,,,,,0.3620643607229045,train,1,3.0618757591582835e-05,,,,,0.0,0.301731711880294
B_1_073,B,1,14.050645026244702,75.71290219291039,0.34928699019382686,0.7106933475802981,2.734645113828902,0.9865692354650261,,,,,0.599372616837368,train,1,0.00011871932656504214,,,,,0.0,0.3796476581801228
B_1_074,B,1,115.88040793684446,58.61728559807611,0.28967953477422936,1.0647977121796597,2.88390009645044,1.0,,,,,0.5891544936825789,train,1,3.0088596759014763e-05,,,,,0.0,0.3812130993679303
B_1_075,B,1,58.53688115400075,65.84615481964113,0.42583275365022527,1.4335101088529685,3.3735975154108857,1.0,,,,,0.3477111882633398,train,1,0.0002733789733611047,,,,,0.0,0.29678092958417723
B_1_076,B,1,138.8272296706345,77.92458528288766,0.3604861160614934,0.8650077721219498,4.409874085677172,0.9664494844416908,,,,,0.05719756163065404,train,1,0.00047326795174740255,,,,,0.0,0.18861337052993019
B_1_077,B,1,28.355508555517606,5.953688422529446,0.6624147346133465,0.7683209979547035,3.8679980394981084,1.0,,,,,0.966404962063972,train,1,0.000125334263429977,,,,,0.0,0.5132793370014191
B_1_078,B,1,71.34496388979588,131.4951622942213,0.17448363125769326,0.5748113458023791,3.1516541994159986,1.0,,,,,0.9624482678785833,train,1,2.038728052866645e-05,,,,,0.0,0.5118630099416627
B_1_079,B,1,112.4374943571145,23.10832244667873,0.5388486681648723,0.5421406510704535,2.6046319669728457,0.9751807343805998,,,,,0.47020224795765553,train,1,1.177935155283194e-05,,,,,0.0,0.33114633533037874
B_1_080,B,1,117.11399088109077,103.25304485181725,0.4049605900482118,0.8104062018186645,3.233471547204248,0.9849375057507808,,,,,0.2754460880418973,train,1,8.925636939238757e-05,,,,,0.0,0.2673444511138178
B_1_081,B,1,24.76742881295666,40.579239780986484,1.0334954670002945,0.5953067202205471,3.148868801545671,1.0,,,,,0.5450155293108448,train,1,0.0007582707912661135,,,,,0.0,0.3659829164961754
B_1_082,B,1,46.871376677428486,118.39778432308997,0.803558812320658,0.4363595548874698,1.3591310462114665,1.0,,,,,0.340267999556052,train,1,5.202569082030095e-05,,,,,0.0,0.29410940755186427
B_1_083,B,1,78.69689503173579,51.00002693424896,0.996958412751729,0.511232829305213,3.0954282891848073,1.0,,,,,0.9665494370484928,train,1,1.0921900866378564e-05,,,,,0.0,0.5132955795372324
B_1_084,B,1,132.74214775862396,110.58886542417991,1.0451666369097996,0.44962787127829745,4.30573581637702,0.9894088900503963,,,,,0.3684444723426864,train,1,9.725968993734568e-06,,,,,0.0,0.3007392253958988
B_1_085,B,1,74.34231559939816,121.0044658756252,0.7398819435821147,1.1352361176356445,2.099199751331007,1.0,,,,,0.6943744396752703,train,1,5.152948506292887e-05,,,,,0.0,0.41804651273186344
B_1_086,B,1,22.17197415852146,141.34035290614014,0.8898699476005433,0.5462175566636438,3.787635698689824,1.0,,,,,0.8665486781605429,train,1,0.00013404455967247486,,,,,0.0,0.4783322507240917
B_1_087,B,1,35.75641416819983,98.09437978246272,0.5513069162700437,0.5418559367643515,2.2055057231184323,1.0,,,,,0.6119494571153391,train,1,0.00034467261866666377,,,,,0.0,0.3892857117759686
B_1_088,B,1,148.3369611595567,12.968333723355707,0.9692345521954319,0.8472465333052097,3.7092628907862033,0.9567846660871463,,,,,0.5496587948690185,train,1,0.00012451165821403265,,,,,0.0,0.3515398430975651
B_1_089,B,1,140.32800114919192,60.81508708785229,0.8399202339335075,0.15295721826536476,2.489823667068757,0.9753025042868236,,,,,0.9651732252189709,train,1,0.00014685498899780214,,,,,0.0,0.5001884589310835
B_1_090,B,1,42.66413199687818,61.44393629705933,0.35765568033495987,0.3082148861087406,2.5780155000078415,1.0,,,,,0.11949677198068809,train,1,0.00020801022765226662,,,,,0.0,0.2168862732615365
B_1_091,B,1,52.74023738106454,88.16708195848835,0.9717110687999131,0.24894844681247005,4.1430537105184335,1.0,,,,,0.027297236354797416,train,1,0.00026533412165008485,,,,,0.0,0.18463363296067412
B_1_092,B,1,82.97094617128676,110.17251081777744,0.13794402118837165,0.5290355240474495,2.2312314544804632,1.0,,,,,0.5401950211049898,train,1,0.0004641059786081314,,,,,0.0,0.3642074891803289
B_1_093,B,1,121.67216474989691,48.86361534306802,0.7644274030298085,0.4125067662993962,1.392455968234834,1.0,,,,,0.8355648967014283,train,1,5.916402005823329e-05,,,,,0.0,0.4674654630515174
B_1_094,B,1,115.62551914946296,127.97917286274264,1.4802699305394447,0.5513645284224459,2.9768837144685243,0.9980585910912112,,,,,0.4415229953780784,train,1,1.7566944734426215e-05,,,,,0.0,0.32889854983849104
B_0_000,B,0,78.53142601814442,16.11289997040895,0.6364873154607903,0.9821536608348638,0.517671960165341,1.0,,,,,,train,0,0.40007580917153973,,,,,0.0,0.12002274275146191
B_0_001,B,0,62.13936033955053,131.06336361799816,0.4831182229558237,0.6193776760917706,1.149717384807981,0.9915064558669652,,,,,,train,0,0.40011167736956854,,,,,0.0,0.11901399335390625
B_0_002,B,0,51.87227943757411,123.11683412426243,0.5420133520217296,1.4187069013057365,0.1,0.9818262901031999,,,,,,train,0,0.4001038031390636,,,,,0.0,0.11784972980766234
B_0_003,B,0,131.98039854500692,89.08713663367443,0.4763481961207725,0.6560364524417995,1.549671939241264,1.0,,,,,,train,0,0.40005252171686156,,,,,0.0,0.12001575651505847
B_0_004,B,0,115.0905248954972,5.59561018881864,0.5276482460090456,0.3534358424755291,0.9025761656371064,0.9807844540598214,,,,,,train,0,0.40009459409920967,,,,,0.0,0.11772196741376376
B_0_005,B,0,120.45455054923062,66.22780046517656,0.6643374668467944,0.528444641461432,1.0256205230128748,1.0,,,,,,train,0,0.40002712862333284,,,,,0.0,0.12000813858699985
B_0_006,B,0,126.10835222618712,126.72956759416206,0.602600656272604,0.2295822806941506,1.3706201741637531,1.0,,,,,,train,0,0.40005320085620044,,,,,0.0,0.12001596025686012
B_0_007,B,0,74.860962217159,15.634937736263094,0.2913489093914578,0.44045444347796114,1.060926110292878,0.994877399958513,,,,,,train,0,0.4000221568712732,,,,,0.0,0.11939190100616659
B_0_008,B,0,41.243536264053354,136.25537328565431,0.5907926437234772,0.721877964652817,1.4115566185678894,1.0,,,,,,train,0,0.4000979339820333,,,,,0.0,0.12002938019460999
B_0_009,B,0,19.784437849908443,139.09981080559595,0.31998590325447185,0.9355689675578882,2.0847923445904093,0.9911380182530648,,,,,,train,0,0.40006981267069935,,,,,0.0,0.11895732038799355
B_0_010,B,0,70.94450522938247,105.48588715083622,1.0879342350822918,0.9806206552451069,1.160144414582729,0.9916141165670608,,,,,,train,0,0.40004756116686624,,,,,0.0,0.11900784268538678
B_0_011,B,0,26.254868074252148,8.798527735362976,0.6663966579771834,0.46646604746680687,0.4854317084389518,0.9457184667659071,,,,,,train,0,0.40008606716291983,,,,,0.0,0.11351063460351547
B_0_012,B,0,149.52281911287523,93.03541943543217,1.0168188681931514,0.831871598668536,1.160478017185524,1.0,,,,,,train,0,0.4000589373827097,,,,,0.0,0.1200176812148129
B_0_013,B,0,107.51663499557634,128.82517596371244,0.6634332630829668,0.83313687960614,0.9353164859465221,1.0,,,,,,train,0,0.40001559079173604,,,,,0.0,0.12000467723752081
B_0_014,B,0,114.36506790364072,100.94179575909249,0.23152682194518656,0.7254682279821589,1.0941892892145497,0.9859446177595802,,,,,,train,0,0.40010043020884045,,,,,0.0,0.11834305971830963
B_0_015,B,0,64.90788155340013,2.894703360303341,0.2792025018965994,0.7192102388667131,0.6769047807129623,0.9691269705494322,,,,,,train,0,0.40002893109049187,,,,,0.0,0.11630364783595677
B_0_016,B,0,139.95915401848083,86.92258643085458,0.7757728670129177,0.980184245604617,1.5278449493900712,1.0,,,,,,train,0,0.40004859187029074,,,,,0.0,0.12001457756108722
B_0_017,B,0,97.02927701534263,72.10002951426398,0.4535967135611934,0.576598829285932,1.4253539621733846,0.9975740166534633,,,,,,train,0,0.40009570743422956,,,,,0.0,0.119737524573292
B_0_018,B,0,60.66313436811262,113.10000605666254,0.2177532499582962,0.8074787222100944,1.8073845221731508,0.9975617621384945,,,,,,train,0,0.40003528447268766,,,,,0.0,0.11971797098884446
B_0_019,B,0,112.44038510368235,9.56004622908344,0.3586953556166184,0.7053129634659145,1.3408264901089957,0.9875038468624292,,,,,,train,0,0.4000820609449875,,,,,0.0,0.11852477227314719
B_0_020,B,0,65.31628434489932,142.48022956977195,1.113737071244914,1.0247000514404152,1.2339706536371002,1.0,,,,,,train,0,0.40004911228170387,,,,,0.0,0.12001473368451115
B_0_021,B,0,55.22298449966603,19.009815085388382,0.6981367737957138,1.1535479665083146,1.025832543261971,1.0,,,,,,train,0,0.40004353261902,,,,,0.0,0.12001305978570599
B_0_022,B,0,41.53846867405982,57.78776896941647,0.5892327494336478,0.6232325982421842,1.1761561837406187,1.0,,,,,,train,0,0.4000534508813871,,,,,0.0,0.12001603526441612
B_0_023,B,0,62.54050542317703,33.081718488819035,0.2681545802826876,1.260840615498648,1.285151191232934,0.9807603023337721,,,,,,train,0,0.4000283697343548,,,,,0.0,0.11769958345282552
B_0_024,B,0,132.7633646623015,102.33267486025574,0.3957808216837073,0.45213758333077825,0.8911459530367671,0.9973864585434241,,,,,,train,0,0.4000875756697497,,,,,0.0,0.11971257906134274
B_0_025,B,0,84.44363653348711,43.85037088422774,0.6999918417334831,0.3299636235667791,0.2576741850258323,0.998463318819786,,,,,,train,0,0.40001582085096743,,,,,0.0,0.11982033722018337
B_0_026,B,0,148.3118495059724,55.230853175568555,0.28115284294166915,0.2828843056138754,1.7406341312877198,0.9528379840304722,,,,,,train,0,0.4000071483937063,,,,,0.0,0.11434260146197112
B_0_027,B,0,104.88987219858562,21.225433186488207,0.5504383149349986,0.9668297501137,1.539408351296954,1.0,,,,,,train,0,0.4000293740849884,,,,,0.0,0.12000881222549652
B_0_028,B,0,76.68445054162767,132.47557612979247,0.4506198744485669,0.42957079359800115,1.5213992840823556,0.9945120565430726,,,,,,train,0,0.40007369231316264,,,,,0.0,0.11936343315334315
B_0_029,B,0,34.310373981478655,37.994783686312864,1.3054875743688816,0.3307751541093689,0.3826218348433643,0.9679835014978522,,,,,,train,0,0.4000445060155471,,,,,0.0,0.11617094450637235
B_0_030,B,0,62.89593863687076,23.656382507101657,0.44262584392237925,0.8452478977901897,1.5282134106058067,0.9853295651766417,,,,,,train,0,0.40008481507247784,,,,,0.0,0.11826461906074251
B_0_031,B,0,37.503110765620846,128.48194561952812,0.3936743276072419,0.3866676671475449,0.8580444863094259,0.9987713632843002,,,,,,train,0,0.4000861076579895,,,,,0.0,0.11987836415300385
B_0_032,B,0,81.26159102517833,145.67467439543523,0.48527810427971313,0.5080917221646718,0.8996067257158294,0.9567431434088314,,,,,,train,0,0.4000637743607513,,,,,0.0,0.114827481913772
B_0_033,B,0,43.48766348400614,41.98861747647534,1.279850230791246,1.027102009387855,0.6298330306155342,1.0,,,,,,train,0,0.400007507119517,,,,,0.0,0.1200022521358551
B_0_034,B,0,11.221119705454885,50.60330517550244,0.5173378266872455,0.19880902554379243,1.2032741435571124,0.9771895453980173,,,,,,train,0,0.40008860155357984,,,,,0.0,0.11728871960132134
B_0_035,B,0,68.17757252363037,130.12038210050144,0.6586060259589971,0.4149949352913379,0.921001961775636,0.996336917669826,,,,,,train,0,0.40007561673701275,,,,,0.0,0.11958303204438298
B_0_036,B,0,149.95785110967503,36.757340369222234,0.38876748747717155,0.558489141328929,0.981570883027149,1.0,,,,,,train,0,0.40004240032867533,,,,,0.0,0.12001272009860259
B_0_037,B,0,0.03978358253809433,116.49189226216319,0.8203459595267524,1.0196624989276926,0.6635103817933476,0.9996623387663931,,,,,,train,0,0.40009904719481715,,,,,0.0,0.11998918477709292
B_0_038,B,0,82.85896585042411,121.51378751216318,0.4352518684421928,0.7999043381359457,0.7080038467326731,1.0,,,,,,train,0,0.4000417750168708,,,,,0.0,0.12001253250506125
B_0_039,B,0,69.25078688974996,102.86338244528376,0.6784669486893655,0.8562739313820036,1.2898804581204757,1.0,,,,,,train,0,0.4000664289444103,,,,,0.0,0.12001992868332309
B_0_040,B,0,87.54564161806157,46.146410777897835,0.798845979610129,0.34098336456748596,0.9386225987382675,0.9994851443442261,,,,,,train,0,0.40001798939665606,,,,,0.0,0.11994361136172116
B_0_041,B,0,24.770441148488974,46.971165236362154,0.6153250442262541,0.3118975809770245,0.726535256806281,1.0,,,,,,train,0,0.40002654693889783,,,,,0.0,0.12000796408166935
B_0_042,B,0,41.44853940162034,24.822916964029716,0.665198071781877,0.7744892041946984,1.6024865121010543,1.0,,,,,,train,0,0.40014980362611824,,,,,0.0,0.12004494108783546
B_0_043,B,0,125.07237255394372,26.49893246608158,0.5759694577457126,0.5228126593725403,1.1824269683368487,1.0,,,,,,train,0,0.4000671280082315,,,,,0.0,0.12002013840246945
B_0_044,B,0,53.70734703750148,112.96390110662996,1.5004294689303674,0.7220054983466088,1.797340679363019,0.9766752793413188,,,,,,train,0,0.4000460065944935,,,,,0.0,0.1172145135720168
B_0_045,B,0,5.158063964871268,61.375008889061775,0.8162120546471286,0.6882994903950342,1.2139437363670513,0.9877212275791895,,,,,,train,0,0.4000771832012106,,,,,0.0,0.1185494179553772
B_0_046,B,0,128.8134432555555,145.829775626997,0.44814880138156926,0.5690026397936091,0.1,0.9974228627003057,,,,,,train,0,0.40001029893719536,,,,,0.0,0.11969382524266273
B_0_047,B,0,126.48055121187922,88.29216910578232,0.44130759466560565,0.6112586971942806,1.7017091477801545,0.9703314456178113,,,,,,train,0,0.4001006562059047,,,,,0.0,0.11646907443867312
B_0_048,B,0,111.30573409392335,37.22059520658746,0.5013015966337966,0.5563041267345056,1.5335774376790017,1.0,,,,,,train,0,0.40007777397695465,,,,,0.0,0.12002333219308639
B_0_049,B,0,79.87124194520625,111.36049417590387,0.849905535556612,0.7103706742269855,0.6590912414111445,0.9835822797469951,,,,,,train,0,0.4000382020210964,,,,,0.0,0.1180411460189397
C_2_000,C,2,141.50692906768472,24.3918481004531,0.28833088013850483,0.6110344255168291,2.425925351734985,1.0,176.76133635623924,5021.025837086226,63.243353576771014,0.3154938292168493,,val,2,0.43942633294649186,0.8803713074388358,0.1758210294799915,0.7082893060298117,0.30558562184355714,0.517516816198049,0.7633754796894281
C_2_001,C,2,62.213230449921376,66.12720237037153,0.36596194211794214,0.47038913120023174,3.522290419387733,0.9881732046734397,130.68894583681413,3134.5396662859716,29.886377720512805,0.40013300270079144,,val,2,0.30645503135520286,0.6371409196874627,0.1060923671486521,0.33283158305772664,0.392600783745937,0.3671664134099446,0.6843391887483946
C_2_002,C,2,102.82700058792824,86.44741374992789,1.7113175444029394,0.48658500762890056,2.295008578597821,1.0,184.43749163310153,13000.609088434032,82.16061381447147,0.8561158809443836,,val,2,0.6413219201227824,0.9208961033823796,0.47076391042462806,0.9212172250451329,0.8613840000967797,0.79356530973723,0.880777669218029
C_2_003,C,2,47.742069126913314,62.86414938343184,1.386271182675471,0.5625400616661248,3.7091207962356076,0.9937274497516796,29.993440149493907,1050.4709942863738,11.255277634877261,0.3486807460303182,,val,2,0.13215198949765927,0.1055382262517694,0.02906062265219604,0.12312461067625556,0.33970416082140614,0.14935690510040678,0.5916608994075564
C_2_004,C,2,5.339067503095318,145.693367350458,1.0192335355894797,1.0520865246041924,3.813803427992063,0.9899345931360302,18.305733729640075,2362.574346811812,5.2095410530727175,0.9665907100415638,,val,2,0.22290584123350873,0.043835212095673634,0.0775588374963864,0.05507532166172089,0.9749600753859917,0.28785736165994313,0.6445825494703433
C_2_005,C,2,68.24312795137146,24.709303754320516,0.29764711365092933,0.7740132004279235,3.113072095157409,0.9986336101734368,38.866746741745494,8044.195478274002,70.07806377047032,0.20198694386744087,,val,2,0.29621933191249344,0.15238315395657778,0.28756400345117955,0.7852190834040694,0.18889237450711552,0.35351465382973557,0.685709999149818
C_2_006,C,2,93.18994348378611,114.0913613538583,0.7574624808237217,0.45437729779070507,3.6051207615909515,1.0,121.91227309821925,1094.1731443482022,36.007892737410884,0.12496456983857862,,val,2,0.2198197538772942,0.5908061519598085,0.030675949873769093,0.40173381506125444,0.1097078306327753,0.2832309368819018,0.6492581778741681
C_2_007,C,2,63.34101758874002,140.48082985123054,0.8789260957362613,0.9479349439653657,1.5537062857977568,0.9990562004139755,47.043785946374705,5350.386612268795,41.667834833703246,0.7454302802468086,,val,2,0.34743272473361875,0.1955522709478391,0.1879949253894173,0.46544069846654634,0.7475912364329316,0.3991447828091836,0.7107352591347382
C_2_008,C,2,97.98842157082593,145.1945073269027,1.3209388280444072,1.2930605165739348,1.7005007156791536,0.9978457205859275,70.64704069878098,2330.6369576679085,64.4523629139428,0.2673487415010257,,val,2,0.289747041426501,0.32016114712937077,0.07637836161597475,0.7218976107737006,0.25608900662446493,0.3436315315358778,0.6812011149216382
C_2_009,C,2,103.52055215427605,86.7156571913634,0.5407300284293606,0.5094375715898912,2.2338350301715684,1.0,173.6327937905815,1865.2369532187527,44.927350612565654,0.3781041374428431,,val,2,0.34671295697485993,0.8638547643907651,0.05917615771883569,0.5021289875247902,0.3699535248226235,0.44877835861425364,0.7214094315130395
C_2_010,C,2,123.68183148283705,109.0012195204247,0.31695923671346804,0.3427194392709022,1.7130341628130499,0.9810691953095044,19.392252425058,2000.448778554597,9.103361587855561,0.19454272053576183,,val,2,0.14002913961109148,0.04957128006623388,0.06417388304435329,0.09890318537308994,0.18123917715439775,0.09847188140951871,0.5761646367854407
C_2_011,C,2,19.189941125305847,63.7777053474504,0.25079971435723225,0.6588473323675913,2.9646917674282625,0.9829273724237518,112.39502700021184,4343.367677593517,1.61998427242394,0.9444424152141656,,val,2,0.3272262259710419,0.5405616686012213,0.15077329909599435,0.01467217417170206,0.9521900342698253,0.41454929403468577,0.6964200177575988
C_2_012,C,2,5.549213161951455,65.72103720795131,0.46860729877930407,1.3013643598547753,3.082372444694826,1.0,150.02883213081068,4588.143067349842,59.442835628521046,0.9442834634357902,,val,2,0.48420820060798697,0.7392421562267936,0.15982073382598258,0.6655116327445171,0.9520266204017465,0.62915028579976,0.7997934013764643
C_2_013,C,2,3.8916789099456395,134.81142148887454,0.6441762925353465,0.8825401875282531,4.329182422699991,0.9976446145081735,84.3720754610891,11850.367094761534,37.63951052663804,0.3217291710101312,,val,2,0.36718759053974287,0.3926198472206925,0.42824844605623935,0.4200988941542695,0.3119960019704618,0.3882407973504157,0.7134038976423299
C_2_014,C,2,69.76996393076963,114.38579293396415,0.4422739766696883,0.6576288253688984,2.238469719686275,0.9906590309421789,191.5040516917287,18970.685193216515,37.35795981028027,0.10529376169846039,,val,2,0.42177568695493195,0.9582026577797158,0.6914310042237763,0.41692983016836216,0.0894848241381788,0.5390120790775083,0.7553832382821606
C_2_015,C,2,5.247318839451742,118.39986824853737,0.47753388992814716,0.568975056661629,3.300288308574128,1.0,198.52258556251923,8174.039998893341,50.66827737842627,0.9703266492589204,,val,2,0.5594110329020494,0.9952556670894621,0.29236334143413434,0.5667474139837081,0.978800889780492,0.7082918280719491,0.8386480980030748
C_2_016,C,2,129.74966472034535,124.94730461095821,0.3495904173556955,0.5642760479114017,2.1453227311318375,1.0,59.105610019874845,51647.880190128395,79.01612416664014,0.4734543342514923,,val,2,0.5107971971733376,0.259230367814754,1.0,0.8858236411611626,0.4679803895852207,0.6532585996402844,0.8127335767250009
C_2_017,C,2,38.257277815735115,83.10141916648608,0.2906993216222331,1.371358430441575,3.7018698246507156,0.9853206245027981,150.00023834040897,4701.748290563993,59.58315136852747,0.4786178485926623,,val,2,0.4739585690506518,0.7390912007706456,0.16401983179510027,0.6670909913910255,0.47328885395092496,0.510872719476924,0.7610293793956929
C_2_018,C,2,35.47528506026337,133.01139021853862,0.5898520116863419,0.3829859702730273,2.8688050167275616,1.0,53.93594569691937,10445.52096002952,70.26273659759246,0.9027400546256512,,val,2,0.4738326721714261,0.23193811222218294,0.3763222547740304,0.7872977142567248,0.9093170062267354,0.5762187718699183,0.7857830782128816
C_2_019,C,2,37.982887597329615,7.43946688663521,0.38851721670653105,1.7639674686429907,2.576325961508912,1.0,84.43969541757998,4063.4535512272814,20.30350266717384,0.5468462048129266,,val,2,0.2557713986821617,0.39297683386826127,0.1404270596688145,0.22496915384480928,0.5434325146042972,0.3254513904965456,0.6687361176480549
C_2_020,C,2,10.819131218883909,133.52662253403693,0.8326159678209031,0.31982231030409686,4.261101808765939,0.9901328753945048,158.9485920097169,1582.2704636663445,72.1824349648452,0.9944839396357164,,val,2,0.5169541047235727,0.7863323251877631,0.048717096260296376,0.8089053558147563,1.0,0.660988694315704,0.8081188668745647
C_2_021,C,2,113.5581431315831,117.08138806580399,0.7391335111548554,0.611141685098196,3.1856114638138964,1.0,139.45832241727325,3083.848370510909,79.60094107315878,0.3574832895419543,,val,2,0.3883596757162448,0.6834371687415155,0.1042187057876796,0.892406193039464,0.3487538090787001,0.5072039691618397,0.7459322493070168
C_2_022,C,2,43.51069721507665,124.94373275467785,0.5935526620836179,0.3376272526617381,2.936532534549996,1.0,160.59640789564614,17515.350763355662,63.12373253054287,0.6402708803067153,,val,2,0.5439663746454401,0.7950316544901672,0.6376386549292717,0.7069428816468011,0.6394798048736386,0.6947732489849696,0.8312314636552434
C_2_023,C,2,43.301426962061456,104.71498373930197,0.40546971526831893,0.8044280594496996,2.9958224779435842,1.0,144.78102171160697,6326.928421939394,64.49275819438391,0.3466043532330275,,val,2,0.3832768194654599,0.7115373432418792,0.22409005036458268,0.7223522898812609,0.33756947958584965,0.4988872907683931,0.7426951351154835
C_2_024,C,2,17.93030741578512,63.89451764617121,0.8976563559773013,0.3674412212701673,2.7149981152860954,1.0,102.91845407018407,4097.780114319136,75.97330617442177,0.504020050153562,,val,2,0.4152714961498384,0.4905319114660237,0.1416958446532345,0.8515744478380075,0.49940414537585753,0.4958015873332808,0.7516582462370975
C_2_025,C,2,109.7306028366549,34.03274766326403,0.7525777635163529,0.3507534870825261,2.9401185593620265,1.0,21.84813198881544,1565.9580602303924,38.061164107111196,0.3818444588430798,,val,2,0.30044911554345066,0.06253662724767743,0.048114154087380484,0.42484492070924496,0.37379884441651445,0.22732363661520433,0.6619366598485185
C_2_026,C,2,47.602666413362826,11.001549488574868,0.34842037822717475,0.6563752723026025,3.1861913429381805,1.0,117.36639769314966,12283.82741175247,47.79717823222612,0.8394157381571953,,val,2,0.5300962769145463,0.5668070708403186,0.44427008912223387,0.5344310447629306,0.8442150513865734,0.597430814028014,0.8070293447860138
C_2_027,C,2,33.275192793760986,116.65695352495233,1.5516118908564676,0.5478282568605675,1.8514634734293576,1.0,108.15311714418735,12370.134443702962,31.979790578299745,0.9271303003546476,,val,2,0.46440690123533945,0.5181673155525729,0.44746018612948785,0.3563945111904251,0.9343919342250587,0.5641034867743862,0.7804610235300342
C_2_028,C,2,0.9572766512233211,117.61230085050974,0.5656059668387201,0.3613548904905633,3.345137320885249,0.9890381386358992,184.50556014520112,11063.908568421302,60.603251904657746,0.7541629030682081,,val,2,0.6346820575790388,0.9212554580936282,0.39917921572230164,0.6785729862261843,0.7565690011884045,0.6888941653076297,0.8478388692990644
C_2_029,C,2,3.1414788701095264,94.58018704312701,0.35523572651715474,1.0142032854444614,4.761469247027404,0.994179388245385,77.1387854174816,7976.84797833192,64.8741698746964,0.011089700782828116,,val,2,0.27338158884345426,0.35443307370645477,0.28507469228897303,0.7266453637385009,0.0,0.34153828243348217,0.6733887000210284
C_2_030,C,2,101.27524394596986,136.91449934337206,0.4858684498673426,0.9230664147588389,1.9891627232202065,1.0,86.63378696697836,2466.150757593522,3.4855769334702167,0.2817196875309831,,val,2,0.17684365807639027,0.4045601212190049,0.08138724858398333,0.03567081552121318,0.27086337343375744,0.19812038968948972,0.618842589417812
C_2_031,C,2,36.42800518240016,88.70948649123963,0.3172006914375412,0.36028140263192027,4.231948415128517,0.9884052898984209,164.00471404118957,8672.237457068073,75.83681546962119,0.18867153090596778,,val,2,0.4359532967045909,0.813025155934517,0.31077781108310143,0.8500381428248639,0.17520317165993213,0.5372610703756037,0.7575123931715877
C_2_032,C,2,75.13008294213077,116.31464307674698,0.24821306140201135,0.6897943809024792,3.8765341890550076,1.0,81.45067413616513,3252.4958512269645,38.38268917038788,0.17246701918291862,,val,2,0.23092317818361813,0.37719686679732944,0.11045228619653702,0.4284639258809524,0.15854376735469455,0.26866421155737835,0.6495901734816044
C_2_033,C,2,50.42989331676356,4.076335891583538,0.5492366187900071,0.772981305683482,4.068011094828784,0.9869216398395153,187.62805745990127,8546.14475896646,22.964330906783147,0.4308603612283767,,val,2,0.38186909444610806,0.937740086393671,0.30611714868097784,0.2549187666744777,0.42419071978917555,0.48074168038457554,0.728878104337429
C_2_034,C,2,27.537702051566075,105.23202754142872,1.2798511767624308,1.4575793960818322,3.8089692651882534,0.9976565383092092,10.751938672722915,904.3830203785835,78.43252962667773,0.2029032380743192,,val,2,0.21272646639025738,0.0039563935673900714,0.02366089104485292,0.8792548479331003,0.18983439089834195,0.2741766308609213,0.643753913485264
C_2_035,C,2,107.46371293427731,59.78773765566131,0.7981000727173979,0.5860195087516731,3.9132824759533693,0.9942951149154229,62.143872298386626,5570.145012868488,7.051472377303992,0.3089095871736278,,val,2,0.4525381892752849,0.2752702933267852,0.19611767738573382,0.07580763696053369,0.29881654714903555,0.21150303870552206,0.7002882141098724
C_2_036,C,2,54.08880632920343,74.30719019581727,0.5500611308881147,0.46407239861263316,2.9421280311355082,0.9893734095877725,30.13101694533932,7106.427159536253,39.88348093023118,0.34960939785731004,,val,2,0.3530350892549265,0.10626453667373377,0.25290203165705083,0.4453564601212923,0.34065888173549885,0.28629547754689394,0.6825229204743355
C_2_037,C,2,18.042362942305417,80.13468816509912,0.9140552123003078,0.40419098813576915,1.389749341291445,0.9965176565506348,132.81515871280806,9248.25023208124,60.00154153446956,0.16425235292879126,,val,2,0.3671554442581073,0.648365854544097,0.3320685053426798,0.6718002857735694,0.15009849922819848,0.45058328622213617,0.7253789346557925
C_2_038,C,2,28.201044393055646,134.34344385942262,0.560091015859101,0.9266436019268381,2.221132647468841,1.0,83.27736700494722,2061.8313220295317,26.124202765623792,0.06858401954635096,,val,2,0.26365891965952537,0.386840542972309,0.06644271634578525,0.2904854888532598,0.051744567171155734,0.19887832883562745,0.6450432141875456
C_2_039,C,2,140.28499257912085,29.643758512379993,0.7252818025232285,0.439155203724332,3.528827204297221,0.9961853100799603,117.17899845838078,5148.934218739574,73.81312541441073,0.15086282799976813,,val,2,0.33522781078547875,0.5658177323661638,0.18054880352451103,0.8272599970059882,0.13633310394446568,0.4274899092102822,0.7108588814629623
C_2_040,C,2,144.75877881271572,37.29118965425568,0.7485493881057047,0.9703234907707551,2.225570691292665,1.0,48.38962500763791,4112.8430448847175,88.34072433265041,0.4540324187142257,,val,2,0.4200037782279387,0.20265737126999359,0.14225260357115557,0.9907789932602801,0.44801326259939034,0.4459255576752049,0.742809336519159
C_2_041,C,2,57.96732906285667,139.95722623621518,0.5640393506622757,1.3213362106004352,2.697755900215957,1.0,59.08969595878455,6714.9693105876695,24.319096612867313,0.2740044361959183,,val,2,0.2356122305620901,0.2591463525681812,0.23843289184103547,0.2701676684142198,0.26293153978741896,0.25766961315271386,0.6487332954059504
C_2_042,C,2,78.90557557742875,61.19148028600278,0.4165079657695867,0.7282922637086553,5.003560889375992,1.0,49.48174960376073,3165.101421595388,82.28580842074045,0.9995870419653593,,val,2,0.4279918278642274,0.20842303452282102,0.10722199658840532,0.9226263840168781,1.0,0.5595678537820261,0.7686026947261559
C_1_000,C,1,10.645386924729333,145.90091217272047,0.4712349574851552,0.7127749879815496,3.2966832228569385,0.9987317133202384,,,,,0.3158561450108236,val,1,0.057177651673555374,,,,,0.0,0.30231903214119393
C_1_001,C,1,31.31242098904542,45.014193838814364,1.205387602343961,0.5569382350547303,1.5762896674555644,0.9938060883790484,,,,,0.8132209799440004,val,1,0.39332136511802673,,,,,0.0,0.5740460020425627
C_1_002,C,1,119.81755498981441,27.693334333171784,0.3621636360419977,0.8084019836068359,2.85738575224198,1.0,,,,,0.6687858811471449,val,1,0.0001725720358081162,,,,,0.0,0.4091268300122431
C_1_003,C,1,65.454185920043,33.71903754060159,0.38938315885504765,0.3132046154894052,3.7280111225753045,1.0,,,,,0.39146793808225144,val,1,0.0011322806822136045,,,,,0.0,0.31235346253345203
C_1_004,C,1,121.11558774131085,22.0911323679545,0.4045556417721214,0.7396659663153048,2.9712583521301714,0.9883061144716747,,,,,0.7469337770443769,val,1,0.2946566045284271,,,,,0.0,0.5186865738454481
C_1_005,C,1,28.660187170006466,0.6173600090205233,0.8128497340907002,1.3661631861895502,2.4845920906365,1.0,,,,,0.724357762686903,val,1,0.0008814430912025273,,,,,0.0,0.4287896498677768
C_1_006,C,1,42.433900081653604,38.6143591143824,0.7807826097381529,0.8396513388606479,4.08546405620218,0.9853898407380354,,,,,0.19358163506196913,val,1,0.010784637182950974,,,,,0.0,0.24239502549422662
C_1_007,C,1,59.175687075552815,26.028138607966905,0.2407859388524145,1.0584083051062159,1.940929536853917,1.0,,,,,0.18203549308352185,val,1,0.0011762548238039017,,,,,0.0,0.2390652990263738
C_1_008,C,1,22.303200932619237,102.39945628705672,0.3229328191092577,0.31457808702648876,0.6634580931515068,0.9833431360159026,,,,,0.25439652267739665,val,1,0.08459359407424927,,,,,0.0,0.2845960838683277
C_1_009,C,1,42.269993980602926,6.230766647117036,0.939873572863464,0.28647173045864477,2.1438337576058215,0.9706569698098981,,,,,0.7541024277712718,val,1,0.015761859714984894,,,,,0.0,0.4306459495269495
C_1_010,C,1,50.64553305537086,9.634403194115244,0.38110610415999463,1.3732880234586962,3.0326833668123934,0.99794958921855,,,,,0.2717491934294224,val,1,0.0012769231107085943,,,,,0.0,0.26994066816506235
C_1_011,C,1,82.02192808332872,83.13132204522657,0.5529570032744917,0.6219096341790395,3.4753382073070234,1.0,,,,,0.4039636536209261,val,1,0.036838531494140625,,,,,0.0,0.32743883821556635
C_1_012,C,1,78.9380966986817,117.12969205130473,0.5192355935086992,1.8227602040252437,3.4754314850206405,0.9750989797749443,,,,,0.6911771232262924,val,1,0.0292973592877388,,,,,0.0,0.415100806701696
C_1_013,C,1,53.68114153663933,33.30205045018614,0.6252248893558316,0.9781128368215377,1.686339074827603,0.9566798288327472,,,,,0.6948028354513804,val,1,0.2044292539358139,,,,,0.0,0.4587373233370938
C_1_014,C,1,99.04739568085853,54.769426840402744,0.44656767035115075,0.3981134995696154,3.2134074906939643,1.0,,,,,0.5440013616656534,val,1,0.006001122295856476,,,,,0.0,0.3672008132717356
C_1_015,C,1,63.937530660991335,0.9685406616426695,0.7931975946849795,1.4078105346014687,3.993147317360574,0.9624742215286198,,,,,0.9485088321928866,val,1,0.013691870495676994,,,,,0.0,0.4919067654437418
C_1_016,C,1,90.62694213755513,50.828854690642395,0.87358490361301,0.6185033582814953,4.129717492780598,1.0,,,,,0.16639313850834614,val,1,0.08783949911594391,,,,,0.0,0.2595894482127043
C_1_017,C,1,8.487934818837134,106.8738494846799,0.15982257862533353,0.494203066896934,2.5288516856847054,1.0,,,,,0.481682641110597,val,1,0.0647539421916008,,,,,0.0,0.36301510704618917
C_1_018,C,1,115.89791597816904,62.42850152055433,1.0099619532980062,1.73479990005076,2.8965028840540143,0.9592748544472608,,,,,0.638119030073962,val,1,0.2817291021347046,,,,,0.0,0.463195831454398
C_1_019,C,1,126.09572314378006,142.9310507890094,0.13798299819478219,1.0118832868757235,4.910385903255798,0.9800572228421359,,,,,0.6539830766612813,val,1,0.0002710162370931357,,,,,0.0,0.39591899068801883
C_1_020,C,1,68.14033163923317,132.13702682713682,0.4498838214736967,0.7294912896167975,1.6610841381407075,1.0,,,,,0.20345857652767163,val,1,0.20686595141887665,,,,,0.0,0.30827028721034805
C_1_021,C,1,93.37140938731868,98.86866175996525,0.5310742142044288,0.39537640897620163,3.8548271273746297,0.9937000556874509,,,,,0.09949768690470906,val,1,0.0008509082836098969,,,,,0.0,0.20875597398424
C_1_022,C,1,84.77581978175667,129.50286989044835,0.5086807019238957,0.49446646209430156,4.282124556749081,0.9690044015051593,,,,,0.4703233442548005,val,1,0.02452325075864792,,,,,0.0,0.336215598390441
C_1_023,C,1,75.53024510585598,50.971187716904694,1.0628625796910538,1.0224706194600133,2.4703617096924653,1.0,,,,,0.3304463414746651,val,1,0.00044595912913791835,,,,,0.0,0.2907900072548742
C_1_024,C,1,90.2542022868965,4.392606354897954,1.1993752703904017,0.31245550376883213,2.3733436000542727,1.0,,,,,0.5328799215622233,val,1,0.0003988126991316676,,,,,0.0,0.36162761635651763
C_1_025,C,1,43.34738756032998,121.92114930904607,0.6174456621039889,0.56660870991344,3.5374226980902352,0.976370555398631,,,,,0.6100508348653831,val,1,0.0015559238381683826,,,,,0.0,0.379793080021989
C_1_026,C,1,83.23871763921052,69.38433846101204,0.8933749834249085,1.2505996751406903,2.8088682370670526,0.977712973666876,,,,,0.6873579497871483,val,1,0.07579542696475983,,,,,0.0,0.428545196849109
C_1_027,C,1,99.39841372662961,98.25188805785916,0.7994982008683656,0.5076328447538022,2.621149740285585,0.9965067255867516,,,,,0.6967040848152407,val,1,0.45570307970046997,,,,,0.0,0.5536166393070682
C_1_028,C,1,98.26687173495002,115.44641031127222,0.6338407134511604,0.681892378964642,3.0553733382798685,1.0,,,,,0.4771478546257959,val,1,0.23347589373588562,,,,,0.0,0.4120445172397942
C_1_029,C,1,102.93622279904889,28.328136771251806,1.137520819248868,0.4015266764015715,3.7570092231009653,0.963539109821508,,,,,0.3247347981501829,val,1,0.00679338164627552,,,,,0.0,0.28009618830819594
C_1_030,C,1,132.07827258435253,138.3207216518656,0.2953866177416737,0.7039050353649415,3.1781305089707215,1.0,,,,,0.37813389991752777,val,1,0.0050110421143472195,,,,,0.0,0.30885017760543887
C_1_031,C,1,87.4429159594803,138.11179902651813,1.3475999743932934,0.5474940477404776,3.0235834917118964,0.9795646003921524,,,,,0.9155890992460104,val,1,0.0042718700133264065,,,,,0.0,0.4865867114056011
C_1_032,C,1,119.5424182973729,12.240404686366235,0.3164213608319813,0.3779033364528546,3.3121352947347917,1.0,,,,,0.881586631124396,val,1,0.23174963891506195,,,,,0.0,0.5530802125680572
C_1_033,C,1,24.235705247719867,55.28239403814247,0.26484368942169095,0.46179519506972266,2.6537114972396822,0.9879187010201816,,,,,0.8680660986897518,val,1,0.026176560670137405,,,,,0.0,0.4807964232388899
C_1_034,C,1,93.54866256645084,50.42095204809334,0.34692725801587027,1.0351886740548215,2.418684784722701,1.0,,,,,0.3579102886899873,val,1,0.047557201236486435,,,,,0.0,0.3145357614124415
C_1_035,C,1,48.78999881377858,129.66671636240943,0.4532419282432874,0.2550567021363017,3.533913581738467,0.9813617996819959,,,,,0.12732508519549257,val,1,0.046339552849531174,,,,,0.0,0.22911426620185094
C_1_036,C,1,141.58190709232363,74.88661207691031,0.7750194258222642,0.3478840249377825,2.578778476144815,0.997784795590419,,,,,0.46440521411652935,val,1,0.10579511523246765,,,,,0.0,0.3684623280297662
C_1_037,C,1,12.057460281824989,109.44715928872341,0.5295869814769278,1.0264572978274702,3.630558583036685,1.0,,,,,0.36741869932139004,val,1,0.0062871710397303104,,,,,0.0,0.3054826960744056
C_1_038,C,1,0.6844977170230637,23.28927789143246,0.33634311194634564,0.6076914174560685,2.6706027063936477,0.9891567859464379,,,,,0.3306152041220003,val,1,0.08542254567146301,,,,,0.0,0.3129119202007709
C_1_039,C,1,24.773435569581093,85.7059070406537,0.6086092204763703,0.7015520321097742,2.8986793965538005,0.9809062752811529,,,,,0.8111676920956367,val,1,0.12185825407505035,,,,,0.0,0.4860058738279873
C_1_040,C,1,51.766865890272165,12.859742876285745,0.5066046577801097,0.8566994267277765,3.318505110578008,0.98897643832217,,,,,0.14020545734986634,val,1,0.042101629078388214,,,,,0.0,0.23409309530355196
C_1_041,C,1,73.6793599527351,28.48292488838417,0.2878520682277916,1.1026930203211533,4.177028986929551,1.0,,,,,0.38526240102869236,val,1,0.0027467082254588604,,,,,0.0,0.31066585282767994
C_1_042,C,1,81.05621121703412,134.1710652506453,0.31777040216997743,0.23568458944598691,2.8876059837468024,0.9944298264350349,,,,,0.47680629169101196,val,1,0.0032746330834925175,,,,,0.0,0.3409547767300868
C_1_043,C,1,2.153740121298781,143.3592810117277,0.61682982146769,0.8649133875206202,2.512755187791602,0.9907712971027074,,,,,0.1543709435238908,val,1,0.2033587098121643,,,,,0.0,0.28736077378484004
C_1_044,C,1,122.16052301005242,52.87621927473791,0.9295918699935499,0.8598188713093209,4.688917976025179,0.9956216963698151,,,,,0.6570299149036478,val,1,0.018512846902012825,,,,,0.0,0.4087169679306124
C_1_045,C,1,57.632014318561,149.51085340076983,0.8109840539733076,0.36196292492756516,2.888630208003875,0.9826113763613129,,,,,0.7615731414475331,val,1,0.20925018191337585,,,,,0.0,0.4955561250905062
C_1_046,C,1,29.834546018291654,28.59812387009543,0.5423396157474575,0.9927034853653403,2.177182043326403,1.0,,,,,0.3244125814604981,val,1,0.0029533144552260637,,,,,0.0,0.28943039784774216
C_1_047,C,1,20.341311917255755,121.27456761352866,0.4085756143639154,1.2802361553762287,3.180035772548867,1.0,,,,,0.4476770417954544,val,1,0.004156230483204126,,,,,0.0,0.33293383377337027
C_1_048,C,1,16.748257303500864,26.37942127794508,0.6877365251548926,1.339017650569514,2.730080462371846,0.9791865905873238,,,,,0.2553456199404497,val,1,0.004899356514215469,,,,,0.0,0.260307721066963
C_1_049,C,1,118.99523839400922,64.90486867115258,0.47882396684172435,1.1254040376611376,2.583122118497584,0.9785878862459843,,,,,0.1699670204374808,val,1,0.12911638617515564,,,,,0.0,0.26737308306261176
C_1_050,C,1,65.84648658837534,125.03419622667225,0.264347392865928,1.4273847092928211,2.481043985485684,0.983291755388282,,,,,0.12253218757204731,val,1,0.021252024918794632,,,,,0.0,0.22051485089258607
C_1_051,C,1,73.83074701368187,57.66666830768053,2.0896832671059973,0.7373868278808022,4.221161668429128,0.9708741908192267,,,,,0.9025447213929261,val,1,0.04844103381037712,,,,,0.0,0.4907021098654762
C_1_052,C,1,96.39723091730582,78.42393200512944,0.38069055127678014,0.7895907889829946,1.720109057804032,0.9946237432244797,,,,,0.05883826533023484,val,1,0.01133597083389759,,,,,0.0,0.19792434028511002
C_1_053,C,1,85.7642728276458,74.60737541393114,0.8133089003226606,0.7047329811751838,1.5283710067037537,0.9933337982381927,,,,,0.032619183726209644,val,1,0.21333876252174377,,,,,0.0,0.2487490038609964
C_1_054,C,1,9.378521468627298,50.81430340732166,0.4618507710513014,0.7076625158571367,2.703553116017154,0.9716630345173335,,,,,0.9622433824519221,val,1,0.011842423118650913,,,,,0.0,0.5007347982036955
C_1_055,C,1,41.142574100259374,83.86026820605406,0.3762541035413232,0.8012395469483304,3.259603510114511,1.0,,,,,0.9151238019829077,val,1,0.3983781039714813,,,,,0.0,0.614806761885462
C_1_056,C,1,51.24826546891624,104.33767427862979,0.20464131174597028,0.12804503743441054,3.888626492089348,1.0,,,,,0.11047637496801344,val,1,0.003281586803495884,,,,,0.0,0.21465120727985346
C_1_057,C,1,48.18199778784581,58.555732620174574,0.4164626372606839,0.38015944821676334,3.787755730524094,1.0,,,,,0.623071392724678,val,1,0.0017456484492868185,,,,,0.0,0.39359868198842335
C_1_058,C,1,31.25681135559762,30.929907641486835,0.7594772024331384,0.32097111652684185,2.910798498605956,0.978271928428547,,,,,0.7372265411083432,val,1,0.24654221534729004,,,,,0.0,0.49597599652961577
C_1_059,C,1,76.08719239606712,92.31508049814633,0.22769343257813712,0.4679696471837926,3.8996133902111367,0.973599501460541,,,,,0.2817911683330513,val,1,0.0007181109976954758,,,,,0.0,0.26661276786016425
C_1_060,C,1,112.53210844562844,20.332365865562352,0.8692704192857144,0.6790077659078633,1.7986020247723085,0.9966372661604894,,,,,0.41544965092912234,val,1,0.0001755229168338701,,,,,0.0,0.31938241289734576
C_1_061,C,1,21.768149971162476,117.96645098971588,0.623530546616344,0.9523016379256872,4.684133895968168,0.9995017218121949,,,,,0.0763882243971239,val,1,0.00015620540943928063,,,,,0.0,0.20168219622372696
C_1_062,C,1,56.31110271472043,51.059507967711774,0.43627017157682985,0.6851291705673412,5.139063363863627,0.9811200195617243,,,,,0.08036089734637097,val,1,0.03318187966942787,,,,,0.0,0.20905791516417513
C_1_063,C,1,89.98539661401163,140.03171251191216,0.8368590870175355,0.9338908038801924,3.316664318339796,0.9876149692535972,,,,,0.5563555146684683,val,1,0.11379469186067581,,,,,0.0,0.39886098403001957
C_1_064,C,1,97.23501643343641,143.1856159479576,0.24971204710988162,0.45076440898936043,4.242210191070632,0.9956261410957666,,,,,0.6936865093741695,val,1,0.001747863949276507,,,,,0.0,0.4164849882638916
C_1_065,C,1,119.21348789539856,98.59332856274362,0.782448045188416,0.5442236348721917,3.1023536594818477,0.9969696085021418,,,,,0.6851793120738813,val,1,0.2751999497413635,,,,,0.0,0.4958655100131341
C_1_066,C,1,132.94233928593698,82.36346636526193,0.45145196245439356,0.6168582417808791,4.268194397479211,0.9678672705438343,,,,,0.38184456856458315,val,1,0.02112380787730217,,,,,0.0,0.3048614861492869
C_1_067,C,1,95.94593024103634,120.96808453557892,0.5546186166162586,0.6136621537753769,2.5498796091501417,0.993240939396017,,,,,0.3985095384948508,val,1,0.04725303128361702,,,,,0.0,0.3264328538792523
C_1_068,C,1,73.7883743613595,116.0639104790279,0.8568186590657427,1.2078028262093483,2.2377224809061893,1.0,,,,,0.9454832918151496,val,1,0.0809418112039566,,,,,0.0,0.5302016954964893
C_1_069,C,1,132.3819863080078,15.587411999041063,0.5918724645002451,1.6545545966031132,3.399398329943911,1.0,,,,,0.0501390466060746,val,1,0.005027852952480316,,,,,0.0,0.19405702219787022
C_1_070,C,1,110.57243495499185,128.14530455874558,0.8479626377736136,0.7898359232831504,3.6570494300297325,1.0,,,,,0.9007467713383573,val,1,0.008203255943953991,,,,,0.0,0.49272234675161125
C_1_071,C,1,95.57041558994028,96.23289288475539,0.5611807520158224,0.7026877461780083,3.3787472453425864,0.9991559657374964,,,,,0.7875097905915912,val,1,0.0017023481195792556,,,,,0.0,0.45075835425908994
C_1_072,C,1,74.6974877376522,49.97371897870998,0.6755506384752266,2.48118797351736,2.7068898386042086,1.0,,,,,0.24308255854230998,val,1,0.4466654062271118,,,,,0.0,0.3940785173579421
C_1_073,C,1,61.23298792391768,136.5165520477608,0.45043849425642296,0.19754267026816674,2.0169908146943687,0.9813670164523122,,,,,0.600531400026326,val,1,0.03235198184847832,,,,,0.0,0.3875335761654607
C_1_074,C,1,113.43885319961191,122.6044453087096,0.6817606088611483,1.2915921596741147,4.46216843092797,1.0,,,,,0.18441870129665028,val,1,0.003453647019341588,,,,,0.0,0.24058263955963005
C_1_075,C,1,22.620832964329484,83.63411943193056,0.14144823056965908,0.35320852259181484,3.6973133877899587,0.999532554238853,,,,,0.5929495592022678,val,1,0.011059289798140526,,,,,0.0,0.3856697686512858
C_1_076,C,1,103.07431561782194,85.74456805264658,0.2268592821531416,0.5251422097674554,2.0402551129990663,0.9713136163588513,,,,,0.14374677333298036,val,1,0.3310597836971283,,,,,0.0,0.31531686496904066
C_1_077,C,1,37.303060733054025,83.9354135842868,0.5606081448449186,0.6068848164964713,3.035052410275067,0.9960582937158231,,,,,0.5439869340000338,val,1,0.004797171335667372,,,,,0.0,0.36538862413817075
C_1_078,C,1,117.55250033727486,141.574297428765,0.609411548873782,1.3792961141519546,1.8505520198622127,1.0,,,,,0.7536741004407208,val,1,0.0075819287449121475,,,,,0.0,0.44106051377772587
C_1_079,C,1,124.44034997809527,91.88906037671556,0.4026594332144833,0.5185062257641754,1.9721489861006067,1.0,,,,,0.05959194080908092,val,1,0.00390191120095551,,,,,0.0,0.19702775264346495
C_1_080,C,1,137.26707844367195,52.395159015902955,0.47731268680393,1.044042220383311,3.473675824870391,1.0,,,,,0.44440028701387924,val,1,0.05004429072141647,,,,,0.0,0.34555338767128263
C_1_081,C,1,126.15032110964658,103.33888298315199,0.9150339129977783,0.23344101171564494,3.0078466418504832,0.9942960832476597,,,,,0.6144637370835774,val,1,0.18064120411872864,,,,,0.0,0.44172067756483063
C_0_000,C,0,98.80346807879486,22.431593919165234,1.0726054570481218,0.4339511270110593,1.3546863854407336,1.0,,,,,,val,0,0.4287158526480198,,,,,0.0,0.12861475579440593
C_0_001,C,0,102.27825986120492,94.80092344610986,0.9796414245666126,0.5414133436745514,0.42424935400972563,0.9804472803070123,,,,,,val,0,0.4715844839811325,,,,,0.0,0.13870911742628614
C_0_002,C,0,52.062644632850144,87.51531026584837,0.5379587703538682,0.9460381373491124,1.3273709596905203,1.0,,,,,,val,0,0.4050372829660773,,,,,0.0,0.1215111848898232
C_0_003,C,0,31.04337131783781,144.44947219619442,0.5665854515634117,0.6118222107926357,1.5437595918405482,1.0,,,,,,val,0,0.4359786152839661,,,,,0.0,0.13079358458518983
C_0_004,C,0,139.90062625211814,40.4419201033663,0.4728200560775614,0.7842479502959584,0.1,0.9953388957198416,,,,,,val,0,0.46855883151292804,,,,,0.0,0.1399124489813571
C_0_005,C,0,121.31093425610175,51.13173482044283,0.4234685211951493,0.28607334895299896,1.0074650717177163,1.0,,,,,,val,0,0.45757815390825274,,,,,0.0,0.1372734461724758
C_0_006,C,0,34.04188951238306,132.5760531235728,0.842754709316576,0.17842631269445078,0.4629634852189314,0.9834815083040863,,,,,,val,0,0.4396834075450897,,,,,0.0,0.12972615024861753
C_0_007,C,0,103.59454000716813,123.25224035185953,0.509989420712069,0.3474772183845595,1.3894121327092803,0.9797343094948564,,,,,,val,0,0.4563442438840866,,,,,0.0,0.1341288338021184
C_0_008,C,0,36.031155670743495,141.14786475967247,0.7228797971428584,0.5211657805016987,1.3107257362694507,0.9924705093994347,,,,,,val,0,0.414932818710804,,,,,0.0,0.12354257578573648
C_0_009,C,0,47.77657151639252,34.710254424957526,0.6689638504824518,0.6169230654290906,1.3366287047672614,0.9813392277136422,,,,,,val,0,0.43989236950874333,,,,,0.0,0.12950509145125028
C_0_010,C,0,57.2202302462602,7.478154412029308,1.4465765918385904,0.6259375975105715,0.37116322927747525,0.9718400704507552,,,,,,val,0,0.4727735072374344,,,,,0.0,0.13783807157426364
C_0_011,C,0,102.36543891428263,18.876123665907823,0.4507797043909754,1.2410057238942789,0.6530759573595213,1.0,,,,,,val,0,0.4534178599715233,,,,,0.0,0.13602535799145699
C_0_012,C,0,113.09841941364311,72.88072611643364,0.4816083491912944,0.8597295862327544,0.8134109835296076,1.0,,,,,,val,0,0.43990793973207476,,,,,0.0,0.13197238191962243
C_0_013,C,0,116.45871158768408,31.53125277192126,0.45142342430537574,1.0542189572723504,1.433812641692265,0.9874247493587828,,,,,,val,0,0.5022202640771866,,,,,0.0,0.1487714155137953
C_0_014,C,0,87.39580734457431,117.8949276347176,0.4042845761364074,1.1011288153441248,1.7519586090054031,1.0,,,,,,val,0,0.4043995073065162,,,,,0.0,0.12131985219195485
C_0_015,C,0,83.90390004168911,104.6718919972855,0.9947084619630608,0.9357950825458372,0.7522257985098498,0.9900359981374308,,,,,,val,0,0.4031458869576454,,,,,0.0,0.1197386821767337
C_0_016,C,0,130.15726531955835,57.82434046554236,0.9717332985093089,1.0104472240058346,0.8003551714683006,1.0,,,,,,val,0,0.4052608517929912,,,,,0.0,0.12157825553789736
C_0_017,C,0,16.039525956610706,67.60004263941391,0.5589621858771395,0.7560285329656505,1.7774485303701826,0.9970307648079628,,,,,,val,0,0.40234531071037055,,,,,0.0,0.12034519585633746
C_0_018,C,0,147.95496935869912,144.1340382787847,1.3231442635035673,0.15472942879912785,0.15770088456090758,0.9711108831863363,,,,,,val,0,0.4090819373726845,,,,,0.0,0.11917917644926955
C_0_019,C,0,99.31259907884487,71.7771603865629,0.9806746132336946,0.7554191903081532,0.536500685066951,1.0,,,,,,val,0,0.4136074878275395,,,,,0.0,0.12408224634826184
C_0_020,C,0,137.49644102211292,125.79355457462191,0.8773975186682307,0.3496754032921587,1.0257636695303696,0.9602249136059438,,,,,,val,0,0.4004358022473753,,,,,0.0,0.11535253008531382
C_0_021,C,0,104.62119515017059,148.30834878975813,0.4158211335418329,0.5821299205480939,1.1800251916729174,0.9990668634596296,,,,,,val,0,0.4226685486733914,,,,,0.0,0.12668224236184766
C_0_022,C,0,1.8654633091554185,103.36419141343339,0.8552685919038449,0.3819748941190369,0.4242859983755515,0.967299244684324,,,,,,val,0,0.5184331268072129,,,,,0.0,0.15044399159398483
C_0_023,C,0,10.30495645939894,93.49379440125446,1.1660836301031947,1.5893238904046831,1.5268578828649062,1.0,,,,,,val,0,0.4787052392959595,,,,,0.0,0.14361157178878783
C_0_024,C,0,58.4166385675732,63.05124414424583,0.8294692070869244,1.0496212781092578,1.1318155116896493,0.9996233178220876,,,,,,val,0,0.4166942421346903,,,,,0.0,0.12496118425201183
C_0_025,C,0,105.90393356170908,1.0186950380314863,0.7412078180248906,1.0194789201868848,0.3779659788017736,0.9565274629162482,,,,,,val,0,0.4240901350975037,,,,,0.0,0.12169615829178725
C_0_026,C,0,140.0806643255277,138.7874023577441,0.3537637295104058,1.0139934955388947,0.45139525100862,0.9982929710555708,,,,,,val,0,0.5619786381721497,,,,,0.0,0.16830579731119166
C_0_027,C,0,101.66906732440266,69.0609179933943,0.8574078500297747,0.5553587446829563,0.9122443982968925,0.9923987128596714,,,,,,val,0,0.5521223425865174,,,,,0.0,0.1643776506371779
C_0_028,C,0,143.26984614484923,46.05418098368636,1.0329486916547255,0.9158098056006013,1.5371700576822804,0.9992988271602681,,,,,,val,0,0.4870765656232834,,,,,0.0,0.14602051222937953
C_0_029,C,0,57.45902605474344,59.67658626340853,0.37510302965532577,0.5120882458043264,1.1069148660283132,1.0,,,,,,val,0,0.48617646992206576,,,,,0.0,0.14585294097661972
C_0_030,C,0,141.48842483248757,57.36750846433491,1.0824056770608619,0.7308393273934105,1.8235144257947464,1.0,,,,,,val,0,0.551287192106247,,,,,0.0,0.1653861576318741
C_0_031,C,0,58.80383906606232,126.11607267131694,0.24844707263162905,0.3861401900847176,0.1,1.0,,,,,,val,0,0.4037550979293883,,,,,0.0,0.12112652937881649
C_0_032,C,0,75.83881473514539,42.73853185243702,0.46327568736282426,1.096940590484819,0.9814724408544404,0.9759065143789469,,,,,,val,0,0.44321271628141407,,,,,0.0,0.12976025312238598
C_0_033,C,0,39.35424884115265,83.89735437960498,0.34181401546548773,0.2842622638562887,0.2960498125704568,0.968987209417267,,,,,,val,0,0.4175624005496502,,,,,0.0,0.1213837875798542
C_0_034,C,0,21.327644209142193,16.83327152962758,0.682792147003143,0.6226098880901587,0.6537503411253103,1.0,,,,,,val,0,0.43683903440833094,,,,,0.0,0.13105171032249927
C_0_035,C,0,136.95762404429462,75.25930376665575,0.6652241259586211,1.0388889807773982,0.19083167090639697,1.0,,,,,,val,0,0.4014140769373626,,,,,0.0,0.12042422308120877
C_0_036,C,0,121.0725542227317,114.05836736307647,0.9980179528080998,1.090507220723966,1.0913345774290033,1.0,,,,,,val,0,0.4123775497078896,,,,,0.0,0.12371326491236687
C_0_037,C,0,79.89128513383872,60.2250266667595,0.994573923240274,0.5290171453936261,1.4078941555764382,0.9841574010849742,,,,,,val,0,0.481298828125,,,,,0.0,0.14210214114982309
C_0_038,C,0,76.11649659736443,45.597986442562274,0.5271040581182297,0.38997225801158497,1.5004175644392888,0.9868307878041502,,,,,,val,0,0.46044996827840806,,,,,0.0,0.1363158614821732
C_0_039,C,0,17.732484857213056,65.94211634964292,0.7279573630356779,1.2417147686931114,1.5826742240318579,1.0,,,,,,val,0,0.42302562668919563,,,,,0.0,0.1269076880067587
C_0_040,C,0,53.39867971083513,142.39417150289427,0.4352958513138864,0.35265810494194566,1.3938219403784475,0.9983286984360461,,,,,,val,0,0.500232943892479,,,,,0.0,0.14981907113730306
C_0_041,C,0,108.2113289918164,84.46778637720371,0.6241345908478314,0.38469973628613735,1.3691125171858505,1.0,,,,,,val,0,0.5660978317260742,,,,,0.0,0.16982934951782225
C_0_042,C,0,88.91064036267764,43.51426366493075,0.5459784434533185,0.3043333831769616,0.6991945577991461,0.9852638918593926,,,,,,val,0,0.41930123642086986,,,,,0.0,0.12393671041724444
C_0_043,C,0,88.78449479215408,34.46684838970583,1.4919812056099047,0.7131181906405293,0.7994806151537382,0.971995671576354,,,,,,val,0,0.4136540409177542,,,,,0.0,0.12062098119063754
C_0_044,C,0,118.7576973794662,146.65675785651868,0.6912408486272886,0.5501974298820287,0.8247549787297958,0.9792118903802899,,,,,,val,0,0.4026963666081429,,,,,0.0,0.11829752111869016
C_0_045,C,0,35.61303104855627,90.6336520495928,0.591703795812487,1.4742500893952974,1.0946743485413324,0.9855031211823763,,,,,,val,0,0.4264431476593018,,,,,0.0,0.12607831590752366
C_0_046,C,0,130.71841314494083,107.96272905837587,0.601078458717872,0.6085446598530385,1.154627540405188,0.9742588945337785,,,,,,val,0,0.4873630434274674,,,,,0.0,0.14244533397787867
C_0_047,C,0,97.20817890683294,120.45744257122854,1.483074136447331,0.687886895942396,0.9557384673623603,1.0,,,,,,val,0,0.5033142566680908,,,,,0.0,0.15099427700042725
C_0_048,C,0,9.751091067971313,108.93178315502327,0.5111009396640988,0.7545561452133221,1.2037995149774228,0.965427182868697,,,,,,val,0,0.48819194436073304,,,,,0.0,0.14139413206301224
C_0_049,C,0,124.83505622217211,60.657857969117416,0.5882065071351645,0.33944154928875203,1.1913165393676008,0.9785594147177405,,,,,,val,0,0.43943282663822175,,,,,0.0,0.12900333889285817
D_2_000,D,2,121.09841907001596,101.08074196388463,0.3025349959992945,0.24257264157135658,3.2990255765154926,0.9937420544587997,16.655810624173544,4411.960789811797,8.210773542394756,0.7191904686274876,,test,2,0.212232875651322,0.03512475813011757,0.15330865081717615,0.0888564390329854,0.7206148215843585,0.2494761673911594,0.6360273138662144
D_2_001,D,2,60.96985369294021,56.85776728944533,0.9153661382898389,1.2319964754349197,3.6399000416397502,0.9979704641912173,158.2301701519992,3035.8815583083465,55.62245046996662,0.841887344432812,,test,2,0.4666073444132455,0.7825395541799713,0.10244574730913193,0.6225103391413956,0.8467560405217347,0.5885629202880585,0.784561388581868
D_2_002,D,2,42.18061140974921,59.362989644950424,0.5744273220938027,0.9630423843543388,4.1054514741726305,1.0,66.83931777539406,2128.8369449928387,62.56856739307018,0.3953932757903077,,test,2,0.29910402441873307,0.3000590010791304,0.06891939098577346,0.7006940826163617,0.38772800335935803,0.3643501195101559,0.6897444672247696
D_2_003,D,2,34.120854919407826,84.405085719036,0.476879809977593,0.39992461655316724,3.1915363653872535,1.0,149.75786903612058,8841.760314362282,65.02101880813416,0.21595410582715957,,test,2,0.3882787477747599,0.7378116583115617,0.31704374732831514,0.72829825836561,0.20325162223148352,0.49660132155924264,0.7437250728887426
D_2_004,D,2,119.87904645488014,102.38873472879445,0.6653377336373792,0.7250425432619231,2.9868675157721474,0.9953750627566742,80.21138644367667,11076.556633751372,34.98116259009905,0.4231383513619782,,test,2,0.36742399417606514,0.37065428407954354,0.3996467159299342,0.3901771989915705,0.4162519378862081,0.3941825342218141,0.7130692021247749
D_2_005,D,2,109.93592871489825,108.17334652019088,0.36862753104832846,0.49324684634727295,2.132609088639953,1.0,95.86163202034841,12048.660415135715,56.59584015796084,0.4652000733384847,,test,2,0.42937868371990995,0.45327676702652947,0.4355778016555259,0.6334665684288971,0.4594944152997309,0.4954538881026709,0.7558188173724052
D_2_006,D,2,79.4167914626089,108.53673640376951,1.2814391026274186,0.39081289663857166,3.227994206031019,0.9979825723113781,199.89302563499422,2572.8826530570523,34.433505484190924,0.9209266052877103,,test,2,0.49771120772452443,1.0,0.0853322932993672,0.3840129084743541,0.928014089210481,0.5993398227460506,0.7960975393385059
D_2_007,D,2,11.497681544743688,33.1981875983855,0.47654021542499825,1.2617212170501009,3.061344254881504,1.0,73.21682230141482,7527.798210877305,89.18837900086851,0.4440826214464133,,test,2,0.3975469616741118,0.33372781837429866,0.26847682897597197,1.0,0.4377841549118157,0.5099972005655216,0.7492635121480762
D_2_008,D,2,61.88603586362524,140.3668194167293,0.5473716399381181,0.30026771725886514,3.754253816432238,1.0,186.3026624634348,1705.7787336612344,38.260608402580324,0.08693054104655262,,test,2,0.3075044708571086,0.9307429166076069,0.053282232536884244,0.427089815491053,0.07060611168976351,0.3704302690813269,0.6935163966562292
D_2_009,D,2,113.33420982237469,104.49835022217361,0.323326929727629,0.687011965686919,2.725641585648128,1.0,70.59694789140791,9787.246086539337,68.80869052125777,0.24078381359476553,,test,2,0.3207498572106957,0.31989669171858043,0.35199097311118577,0.7709313376622262,0.2287783488339936,0.4178993378314965,0.7072630561285167
D_2_010,D,2,46.55524729596261,14.652662867800148,0.8226087896592651,0.7629662133698567,3.088834563661935,0.9934379075384406,33.55714450723639,14491.881609074473,7.510802159700562,0.2629967302561459,,test,2,0.18815734247500487,0.12435212288254004,0.5258846102978915,0.08097773735977369,0.2516148258463877,0.24570732409664822,0.627886539184299
D_2_011,D,2,32.586980391232245,20.21056898844375,0.4598178648535153,0.47617292234618247,2.807757605404313,0.9858458922021899,98.23537114785782,4834.390856396082,64.45584353656439,0.4734495062757713,,test,2,0.3943808915998546,0.4658084694603611,0.16892259165988358,0.7219367877857191,0.46797542607870557,0.4561608187461673,0.7267949010905135
D_2_012,D,2,58.05681241602023,25.209771729105086,0.8883749308441905,0.6147866486716091,2.580921797553356,0.9903372117576544,82.397141317672,6997.427154875922,77.08259608828203,0.24407244233180037,,test,2,0.33167065478504826,0.3821935595444705,0.24887315265612467,0.8640603358564125,0.23215929586136735,0.4318215859795938,0.7065121529716959
D_2_013,D,2,17.760102131788003,88.1043957080562,1.0122460807912437,0.6905339038264589,3.725941725441703,1.0,124.87252611180809,2564.9294271936824,54.957182258051006,0.7964432000593724,,test,2,0.4323346616411275,0.606434242454349,0.0850383246452336,0.6150222476223113,0.8000361894480449,0.5266327510424846,0.7631247884128498
D_2_014,D,2,28.384497693769813,19.3765022423902,1.061341933642035,0.8801262263209741,2.772116350745591,0.9826861416990631,53.172058134810975,7260.581888247086,88.48316625378362,0.12392001419007237,,test,2,0.3969845895335387,0.22790531371020345,0.2585999281968898,0.992382283666308,0.10863395224845883,0.396880369455465,0.7132395382091127
D_2_015,D,2,40.374617992237795,31.477658734291257,0.5199606819070035,0.20950617408551786,2.7225928900212257,1.0,102.01664101382649,9336.355570654401,64.96568490482517,0.819073005808195,,test,2,0.45546378963134615,0.48577096164544464,0.335325071702957,0.727675433879689,0.8233012584462291,0.59301818141858,0.7837311154167586
D_2_016,D,2,49.01939992953756,92.87563053404378,0.502081136616583,0.8431005117828568,2.878388148612483,1.0,45.69396347332719,18489.158590509483,1.917732974813643,0.6746995491956221,,test,2,0.30307792034917075,0.18842614096384272,0.6736327259202187,0.018023558610713104,0.6748749543551021,0.3887393449624692,0.695957947126436
D_2_017,D,2,82.23931330881086,136.26588905200543,0.640723271409522,0.26616079836328455,2.7620890037103316,1.0,190.71377976681933,4941.740662079068,1.3662628190457426,0.4149466478891166,,test,2,0.33682526864147416,0.9540305680626935,0.17289047569087465,0.011816349364170127,0.4078302771515062,0.38664191756731114,0.7056503283268887
D_2_018,D,2,13.471769442655546,33.79622902805332,0.2901390895534789,0.45270029537907724,2.3399146432157423,0.997643005371069,57.45806591776946,19185.43020221158,32.54264595467796,0.21576019232852162,,test,2,0.38260941318406333,0.250532473343148,0.6993684502816001,0.3627298696140489,0.2030522651987469,0.378920764609386,0.7161040814171471
D_2_019,D,2,18.163681004691806,117.88948295603967,0.9752004005091179,0.6385053459901233,1.0808674488908316,1.0,192.7322248739818,3449.917380770436,61.569646207645995,0.7992837635103273,,test,2,0.5548661385557097,0.964686563563144,0.11774941849654944,0.6894504772210729,0.8029564931136485,0.6437107380986037,0.8239885229399548
D_2_020,D,2,100.46380151708848,24.111478444487695,0.5404070275323791,0.6159311656684477,2.2594010798177377,0.9967314060060535,27.672836887820147,2803.070831466204,31.074114079611412,0.9535293740506514,,test,2,0.40513639756980846,0.09328704447477805,0.09384055273608975,0.3462004445156712,0.961532081950703,0.3737150309193105,0.7211174794317435
D_2_021,D,2,13.246034048490424,54.46054296498519,0.5018378446754409,1.0586813719810355,3.5932438927689176,0.9805746074417548,122.17743013201822,10636.947736786477,79.30349248163374,0.7911422043707032,,test,2,0.5288110555097788,0.5922059978852926,0.383397807876018,0.8890581865727959,0.7945863843624495,0.664812094174139,0.8045775417945227
D_2_022,D,2,53.680872219631986,71.35003108279841,0.7284032228382841,0.42413107119625143,3.13855845517414,1.0,160.56410768769612,10456.729735825738,9.092058808766177,0.08415554230093703,,test,2,0.2826682408493467,0.7948611317103514,0.3767365556868808,0.09877596413701495,0.0677532132600021,0.3345317161985623,0.6786746491192139
D_2_023,D,2,38.08320857596286,141.5262187856455,0.3076306440451997,0.5187411445200707,4.149387770942194,1.0,163.08174521273116,2053.7027781997695,53.42060130516056,0.2563596735430459,,test,2,0.34963289822266813,0.8081525182550434,0.06614226755547657,0.5977268792345836,0.24479145387010962,0.42920327972880334,0.7182552505874364
D_2_024,D,2,18.083943106269274,120.34048798151433,0.405904897352949,0.5184838936316659,4.235288521425446,0.9955174929635932,144.49149311429946,15989.783639945941,20.617607381165467,0.18411452114441784,,test,2,0.3926129364041506,0.7100088323008521,0.5812503513951387,0.2285046374329586,0.1705182376527821,0.4225705146954329,0.726512432232407
D_2_025,D,2,54.97543644627759,1.9563559894018978,0.6002889500986144,0.37837480998435197,2.956386906279283,0.9879917304491881,108.3129917610526,4134.580503179675,68.06441586157811,0.8685054468531752,,test,2,0.44287005375039606,0.5190113430626138,0.14305606765843681,0.7625539694561476,0.8741213655397237,0.5746856864292305,0.7668580949105516
D_2_026,D,2,119.10476338916574,64.68540824807779,0.759143656027301,0.9059189906435013,1.70031165137903,1.0,86.93502075697037,2644.5225585726057,63.960577790278045,0.37874293979696705,,test,2,0.3072512091451958,0.4061504274895832,0.08798026117661066,0.7163622012234349,0.3706102596178689,0.3952757873768744,0.6985556719093858
D_2_027,D,2,56.69034036326249,27.000612014646087,0.9089157714395817,0.38148221448925523,3.468015559070051,0.9999612076669564,192.21741797655602,7474.856241448199,10.798493819520042,0.3809323592182363,,test,2,0.3369178774827792,0.9619687388558464,0.26651997778532044,0.11798316704109021,0.37286114035750784,0.42983325600994127,0.7145427255098278
D_2_028,D,2,32.40306988023078,54.46377364207012,0.8905988612656572,0.45954769583227334,2.100391726592417,1.0,38.96478989365096,2971.4339697755627,23.5636872821748,0.2121450886172248,,test,2,0.16676468205530845,0.15290075405471634,0.10006362322657622,0.26166497115425624,0.199335678401121,0.17849125670916746,0.6117776045273035
D_2_029,D,2,83.03029639318474,60.358239345654816,0.3770912873382212,0.6532918776943832,4.277905036844608,1.0,16.458529118110807,7975.681861553759,55.55560896396869,0.2754352587661226,,test,2,0.2439852195877768,0.03408324809178816,0.2850315900577869,0.6217579879765253,0.2644025283672345,0.3013188386233337,0.6602317973576075
D_2_030,D,2,126.35297244473675,43.04055973408572,0.3042388498897087,0.795121698424245,2.8391188427829155,1.0,66.98122511035008,2710.660233112706,40.834463755099186,0.016952652522374323,,test,2,0.16216823412426803,0.30080817375536834,0.09042485454112517,0.4560604833981361,0.0,0.2118233779236574,0.6172611656921511
D_2_031,D,2,140.67797355701552,116.48504047843609,0.9102020227243778,0.6110181034918823,2.71778162783295,1.0,133.86190780814945,4033.6081792364685,49.141673352666466,0.3215158851678187,,test,2,0.32026131070513286,0.6538919665054667,0.13932390932617625,0.5495643433761771,0.31177672877418194,0.4136392369955005,0.7062394125929664
D_2_032,D,2,80.37432464365725,48.535876840311296,0.3213557868940645,0.23304985825360194,4.165036709816754,0.9997049869320775,190.88418371633094,8633.192181759208,47.17613428830838,0.7411006259218841,,test,2,0.5772211973561078,0.9549301831737566,0.30933461215602365,0.5274407304714385,0.743140040177617,0.6337113914947089,0.8283918930211203
D_2_033,D,2,91.70445191362369,22.18356109333402,0.902097639647849,0.17855071690447377,2.2123616045808223,1.0,133.57160628099257,599.0162883191695,7.973468004990476,0.5890779569162418,,test,2,0.41489614003771963,0.6523593750288986,0.012373867542336074,0.08618538764312261,0.5868497952254075,0.3344421063599412,0.7183245697913038
D_2_034,D,2,50.61690196415271,8.927811478470298,0.4082505079332544,0.3300591925246593,2.787422675178019,0.976427211465411,126.15555464206199,1365.9182765779758,54.930128886954996,0.6853605238642563,,test,2,0.38459482559959507,0.6132077465723554,0.04072024537867443,0.6147177416876547,0.6858352035948276,0.4886202343083781,0.7235098434199987
D_2_035,D,2,85.36702133457263,25.675362665352004,0.802634701075262,0.4463197247976152,2.3516415879224417,1.0,53.461802707103274,13716.594893747857,89.03474162375967,0.5635825999957378,,test,2,0.4374858001891052,0.22943496484992013,0.497228314577446,0.9985906771774914,0.5606387333863229,0.5714731724977951,0.7739019814533363
D_2_036,D,2,113.0643724664304,69.25177892635848,0.2745937061565854,1.0815575689294903,3.559516797960571,0.998405589066896,149.7990108749834,1571.492787946408,16.339409099902042,0.6327300942900799,,test,2,0.32780840010902107,0.7380288587933814,0.04831872975084387,0.18035031457023742,0.6317273341310785,0.3996063093113853,0.7044893679184085
D_2_037,D,2,131.88172676152718,115.7809455532499,0.804024241999172,0.7572861798076829,2.4737119147683777,0.9953684522174774,157.688872684863,2346.470822154328,36.860200735001094,0.5488397902654171,,test,2,0.3593419575830106,0.7796818775685338,0.07696361594079461,0.4113271793226037,0.5454820639296768,0.4533636841904022,0.7227790071600206
D_2_038,D,2,21.053236211553568,144.96658171964518,1.0936040553416306,0.6022629112394584,1.9982092458617544,0.9888998550886328,76.49435063725797,4013.8023658183647,37.36652853411915,0.5671497174262232,,test,2,0.30246958158893017,0.3510309033457009,0.13859184306594882,0.41702627756680694,0.564305986833657,0.36773875270302836,0.6837765790365327
D_2_039,D,2,10.643906574899964,48.79699252896007,1.0360424279288767,1.000876298672497,3.1434725875552725,1.0,121.19625895774743,16633.311918139912,45.461528680683344,0.660431702466069,,test,2,0.47063641000665757,0.587026092035438,0.6050365665847367,0.5081415613858427,0.6602065810467788,0.5901027002631991,0.7876826554091265
D_2_040,D,2,45.6318003874911,19.37777965266777,0.3618677393753747,0.6376355740182291,4.9633685224197315,1.0,190.6555092924905,971.4757107225132,71.77533845726019,0.34904720120068833,,test,2,0.5276230757443403,0.9537229402208197,0.02614078388600131,0.8043231800076206,0.3400809031106698,0.5310669518062778,0.7926242363304767
D_2_041,D,2,42.04168411692368,14.383083035681816,0.7676396400328251,0.5133464072878553,3.8107782246354263,0.991992735319572,168.31365088331975,2907.177599267703,36.2963613752663,0.6329488304847882,,test,2,0.4302254949343943,0.8357733651568192,0.09768856698119736,0.40498074543002566,0.6319522106818882,0.4925987220624826,0.7494356638175551
D_2_042,D,2,26.97853766945234,122.9587394400293,0.32651339744665747,0.30156383406498427,2.273731423898312,0.9937753660500606,80.01646923248684,34644.39328721631,24.45682379152386,0.8102982436706515,,test,2,0.50259437036086,0.36962525588450923,1.0,0.271717890865817,0.814280171440954,0.61390582954782,0.7971774688830672
D_2_043,D,2,3.78411912701323,95.42632581698983,1.1496751578507507,0.6175003389606498,3.2053696120174657,1.0,155.38733592604302,5711.340150442176,60.55200841101445,0.7470435737445157,,test,2,0.5152012112206952,0.7675313537524145,0.20133655904153006,0.6779962023617431,0.7492498182588242,0.5990284833536279,0.8028897569978377
D_2_044,D,2,34.0960511581704,60.02411039745602,0.7011223724572372,0.8109656789820303,2.8034761013749274,1.0,71.07697716577466,3541.6651191986316,71.4826878999161,0.7201412318498572,,test,2,0.44146789356762994,0.322430914606082,0.12114061593628996,0.8010291790058389,0.7215922746042776,0.4915482460381221,0.7586414775487258
D_2_045,D,2,58.42287822533096,86.60297309623527,0.430327674592566,0.8297673991052926,4.275021367030128,1.0,91.83564018637799,2078.7327231971426,14.433243549537377,0.9212346426838,,test,2,0.3749310553109322,0.4320223119435527,0.06706742916540953,0.1588949949923544,0.9283307738234021,0.3965788774811797,0.7191279090158754
D_2_046,D,2,15.190554098851377,131.08764656067981,0.45255219674501274,0.42948824096381966,2.897057108728591,0.9892700261090842,124.94660959519416,14506.347909482367,80.96277113984178,0.31132366089678654,,test,2,0.4759432032374318,0.6068253520578841,0.5264193164579148,0.9077346094437284,0.3012983886795981,0.5855694166597813,0.7798824879632663
D_2_047,D,2,129.43062955516618,137.4160553782517,0.33262050923813646,0.27798406113108276,2.5199911592606097,1.0,108.1729203975837,913.4764235341321,19.87680920513153,0.09526893294229788,,test,2,0.1642723342194369,0.5182718630472444,0.023997003149935046,0.22016639965162826,0.07917857868049354,0.21040346113232528,0.6176000599107216
D_2_048,D,2,116.094719162598,85.64779425505928,0.5137513039675101,0.5473065830345668,3.3441795251678226,1.0,169.97975737978584,9421.02222931692,25.215037147552604,0.6354733668095892,,test,2,0.4984410651478431,0.8445692562447727,0.3384545369192842,0.28025214952908145,0.6345476157170363,0.5244558896025437,0.7825085321095824
D_2_049,D,2,42.16911139866126,92.8155295832227,0.6631699612566976,0.7178969777643156,2.3637784534127086,0.9811436844635419,121.10653095800056,21642.813646859184,51.15983561304283,0.31148898416457393,,test,2,0.4481495145282052,0.5865523901952571,0.7901987267409123,0.5722802697279643,0.3014683528973545,0.562624934890372,0.7606604867859553
D_2_050,D,2,32.15216388753508,81.01130909349392,0.4791158361542925,0.5847392521019646,2.8622686592622135,0.9989504422852833,93.04456182207383,3163.2560904112684,65.4227680184826,0.024964185285027862,,test,2,0.26770153582035894,0.4384045828632122,0.10715378910455593,0.7328202463411764,0.00690023819003553,0.321319714124745,0.6707597787698583
D_2_051,D,2,129.0744991099661,115.9995749901686,0.7487446161006741,0.44784542556621826,2.8521730226667152,0.9844678911771058,43.41558387623035,17091.38950751179,80.82353057733398,0.294192145879253,,test,2,0.3841088488845542,0.1763978709609431,0.6219681179765585,0.90616735272448,0.283685958270332,0.49705482498307835,0.7310338327968238
D_2_052,D,2,3.333378413024918,54.71842454629969,0.4674399564015446,0.29677728858773406,3.0843593027216536,0.9927998661667339,52.161854383851086,7573.194282801297,48.96860601052212,0.9047387237322577,,test,2,0.47891079486156124,0.22257213591578734,0.2701547672611037,0.5476163409408737,0.9113717819144215,0.48792875650804657,0.7635913260367446
D_2_053,D,2,46.11152226449719,138.306364403278,0.971238860632028,0.37812926708764694,3.47961824319147,0.9908783878074103,199.18135755487808,4100.042289606921,50.75573584213075,0.9193303633577095,,test,2,0.5414311236250037,0.998733528023846,0.14177945960849778,0.5677318244344223,0.9263730376234077,0.6586544624225434,0.8155272645274811
D_2_054,D,2,148.8490095719322,104.00793041284915,0.45902332685214686,0.5717313389287163,1.2636216647639702,1.0,197.65085621534337,17649.502594888316,52.816957381462935,0.02170180598616811,,test,2,0.4511540728201391,0.9906535384667149,0.642597200561283,0.5909324151904181,0.0035462774743025087,0.5569323579231796,0.7750087661243433
D_2_055,D,2,147.02406887721347,142.0368691837721,0.8843176317481082,1.0967484503679235,3.02205946563338,1.0,168.16038656190904,20462.022543463765,85.96635734760969,0.48691131973410773,,test,2,0.6092152108433985,0.8349642354393269,0.7465541003413548,0.9640537161984438,0.48181513917324587,0.7568467977880928,0.8635859627976268
D_2_056,D,2,97.24203140497197,135.6287966287088,0.3376510644161472,1.0281123350752093,5.00381151463438,1.0,34.642074293849,3416.2861733978025,9.66547030001679,0.25768254030769855,,test,2,0.1200617826784327,0.13007980251248108,0.11650633538309792,0.10523013953225213,0.24615145611213726,0.1494919333849921,0.5917962857945576
D_2_057,D,2,110.32199841083894,119.01296411818342,0.5854944120002763,1.2830179426077142,3.6300782763471777,0.995943195447749,37.18547341873561,5752.949762520775,13.608285687598068,0.055082568378037156,,test,2,0.10613512229157888,0.14350719250414745,0.20287454147430656,0.14960947697278423,0.03786410365799545,0.1334638286523084,0.5819479182837354
D_2_058,D,2,8.707346863641696,39.441763029950586,0.7067605938993009,0.48853336997067914,2.7130761493303117,1.0,133.33394523481405,2993.9630459843834,34.73035124196961,0.44233035588576364,,test,2,0.30638495399134835,0.6511046889194156,0.1008963472464589,0.38735412959613025,0.4359826998032681,0.3938344663913182,0.6979990528073817
D_2_059,D,2,37.76716205574324,133.54528642544548,0.5703264276141595,0.5105914633093974,3.2180775150723817,1.0,20.436722635431316,6058.6032066191165,19.501136522324874,0.22631470855589342,,test,2,0.14113953866554424,0.05508536108959099,0.21417216248199367,0.2159379225055821,0.21390306749894059,0.17477462839402685,0.6033248733278452
D_2_060,D,2,98.45275102224768,78.00859768890227,0.48303906226304105,0.8099708301633848,1.784277737158065,0.9991183129284482,13.434567836052546,9331.357611963589,53.26232740474053,0.04092771934355932,,test,2,0.18896868359749933,0.01811882195961124,0.3351403361987737,0.5959453880552367,0.023311900112759843,0.24312911158159536,0.6311895958316486
D_2_061,D,2,72.48644198944031,15.744865796373485,0.9562976511456681,0.5070595270465473,3.163175520038816,1.0,187.87592401101867,6011.886556225576,28.983455163091893,0.5330692919176871,,test,2,0.41485803688392725,0.9390486505176329,0.2124454127231229,0.3226685140526033,0.529268856610618,0.5008578584759943,0.7525752054572946
D_1_000,D,1,102.84972124892425,108.94459958441915,0.5997880356897167,0.4903752889225802,2.917921406100202,1.0,,,,,0.20647482500263847,test,1,0.004718764219433069,,,,,0.0,0.24868181801675338
D_1_001,D,1,145.50497640618832,74.47724393794282,0.7234466551389127,0.44972253558653225,2.2228332377494526,1.0,,,,,0.579447665040738,test,1,0.01306193508207798,,,,,0.0,0.38172526328888173
D_1_002,D,1,65.78739897412821,106.3501825538761,0.6767478585845818,0.21941616385107787,2.4710901871426474,1.0,,,,,0.9110229583527235,test,1,0.019322622567415237,,,,,0.0,0.4996548221936777
D_1_003,D,1,90.06483013962779,59.186973462006286,0.48627967779576176,1.724367131274033,2.281209911599649,1.0,,,,,0.05029358421616126,test,1,0.012509223073720932,,,,,0.0,0.1963555213977727
D_1_004,D,1,119.37537705299374,107.53209769691202,0.7320814545524554,0.79259225804635,3.8436956342756123,0.9623446475986861,,,,,0.9455180519928241,test,1,4.197698945063166e-05,,,,,0.0,0.48689241501923675
D_1_005,D,1,136.07399314201803,90.57909398673442,0.46805768483939636,0.8976095635771648,3.704627008105081,1.0,,,,,0.4853718191534315,test,1,0.020992405712604523,,,,,0.0,0.35117785841748234
D_1_006,D,1,54.0205587521234,45.65107296384201,0.31275272751068717,0.8193189950200943,1.7892615229059365,0.9942253187781559,,,,,0.3318075588650061,test,1,0.025087902322411537,,,,,0.0,0.2969343556863166
D_1_007,D,1,104.4375658337152,66.78205678690719,0.39660674128143336,0.8547601513143048,1.6646946382505412,0.9777176501449548,,,,,0.8328816155289342,test,1,0.16076187789440155,,,,,0.0,0.5032675760160676
D_1_008,D,1,39.49362071110188,29.731280151566626,1.519879010715513,0.8528502491896335,3.79554191515881,0.9951146880562133,,,,,0.09217742714896349,test,1,0.0030551706440746784,,,,,0.0,0.20716163304667615
D_1_009,D,1,71.78255621581627,79.98126309252744,0.533322205736402,0.7999620483146171,1.8296210888060227,0.9568811336967898,,,,,0.9117097132569346,test,1,0.028136976063251495,,,,,0.0,0.480870559271484
D_1_010,D,1,47.07114092202104,14.120984515767187,0.37259834915553963,0.4525275715704991,3.2236973458524307,1.0,,,,,0.6210495140281457,test,1,0.0033712766598910093,,,,,0.0,0.39337871290781823
D_1_011,D,1,94.17663863105382,35.23938135419258,0.29905567019749824,0.2793230482386739,3.6188932720574583,1.0,,,,,0.06263423417379976,test,1,0.08345972746610641,,,,,0.0,0.22195990020066184
D_1_012,D,1,32.47209197113193,148.50662146063502,0.2893289558444929,0.34531540121294674,3.542866190711984,1.0,,,,,0.688293254245156,test,1,0.0016303398879244924,,,,,0.0,0.4163917409521819
D_1_013,D,1,96.04987009074532,62.314743162021266,0.30238446857140894,1.0493840962853802,2.724986109234578,0.9928413839909483,,,,,0.9395372356914181,test,1,0.0011760209454223514,,,,,0.0,0.5005815301655466
D_1_014,D,1,80.6296074548744,95.51290251619473,0.5829905533615724,0.6831359406826392,2.968586786537848,0.9776993882371825,,,,,0.9471105351706267,test,1,0.0012573947897180915,,,,,0.0,0.49556248596677027
D_1_015,D,1,16.407072688693138,87.88944050719755,1.0639044225708632,1.0511072984326106,2.207271100481353,1.0,,,,,0.9633248277059462,test,1,0.0057757762260735035,,,,,0.0,0.5138964225649032
D_1_016,D,1,120.65332730424791,30.634000241612814,0.4783366949191187,0.5118953296404686,2.6865180418028265,1.0,,,,,0.8924478350054045,test,1,0.04633477330207825,,,,,0.0,0.501257174242515
D_1_017,D,1,9.045947933909588,7.870038801264551,0.4459166017470582,0.7213467369539799,2.711538278844019,0.9681308827748961,,,,,0.640383042957875,test,1,0.0007881977362558246,,,,,0.0,0.3866429382991762
D_1_018,D,1,25.73905279758226,78.17889119701358,0.3284832892229259,1.3835365851670987,2.819702123021877,0.983139565806605,,,,,0.7867964873227941,test,1,0.007324296981096268,,,,,0.0,0.4449454307859487
D_1_019,D,1,44.079669331371626,138.57655095464742,0.5145754862966897,0.45383547186362144,3.4728592611450066,0.9794395985147848,,,,,0.8301992324787106,test,1,0.03393860533833504,,,,,0.0,0.4659696749672873
D_1_020,D,1,82.62639889741418,123.58683817785368,0.45863353496738435,0.8196575396645377,4.732567903906222,0.9963222226133766,,,,,0.17800414124568043,test,1,0.11659207940101624,,,,,0.0,0.27127769143782027
D_1_021,D,1,81.09888342419613,147.73124714754974,0.4806917719671056,0.7542829936790165,1.6009714962823816,0.9958579957002364,,,,,0.4027266078662187,test,1,0.03572172299027443,,,,,0.0,0.3253177576692401
D_1_022,D,1,28.354494648155836,112.51330413627888,0.8145371858780823,0.6968727962274377,1.8351914508412646,1.0,,,,,0.42671624984212153,test,1,0.02668246626853943,,,,,0.0,0.3323554273253043
D_1_023,D,1,58.26464167312471,104.12843495572923,0.3724230779134162,0.8916333404719646,2.9016217088409633,1.0,,,,,0.8698786602987952,test,1,0.00016424828208982944,,,,,0.0,0.4795068055892052
D_1_024,D,1,69.44610985617284,7.35548926729162,0.5888420853841618,1.8213423814603455,2.712094282142905,1.0,,,,,0.09512388671845606,test,1,0.01068719383329153,,,,,0.0,0.21149951850144708
D_1_025,D,1,65.4644614886503,26.118099551900613,0.5454648830797297,0.4447488598158723,4.027083815942251,0.9793097608226616,,,,,0.5152625454474176,test,1,0.01393449679017067,,,,,0.0,0.35208363880964083
D_1_026,D,1,44.625497800464196,73.92250552141414,0.7985947439350539,0.8872145163855429,3.1711718892027365,1.0,,,,,0.7991369206640677,test,1,0.0966021865606308,,,,,0.0,0.4836785782006129
D_1_027,D,1,107.03491419084786,8.959613704907133,0.7931951977185403,0.3056799533226707,1.825501211978944,0.9370060139050248,,,,,0.603973604228427,test,1,0.02967599220573902,,,,,0.0,0.3703924421736675
D_1_028,D,1,55.69107357570455,26.467506743455193,1.304895541635023,0.39068709517188166,2.7755160744289604,1.0,,,,,0.17094852503188818,test,1,0.04374387860298157,,,,,0.0,0.24795514734205532
D_1_029,D,1,124.24870158204908,68.15486314989532,1.0859482077074731,0.9326652398629419,2.490326016842248,1.0,,,,,0.5701922673257493,test,1,0.008410917595028877,,,,,0.0,0.3770905688425209
D_1_030,D,1,137.7337865994539,120.14564280479804,0.6779997543574143,0.4264537162524649,3.146281085979476,0.9927351800339586,,,,,0.7467518749118189,test,1,0.015319941565394402,,,,,0.0,0.43775564993380045
D_1_031,D,1,99.99722251791327,39.54957637139122,0.6849870809814569,0.7778586951524337,3.3328650017821624,0.9924667773224514,,,,,0.6230846482713583,test,1,0.3202294409275055,,,,,0.0,0.4854635949078953
D_1_032,D,1,95.95378726019955,67.02441385422047,0.37194871101196403,0.479344452238051,3.6824307848381586,0.9974503459673092,,,,,0.45267957926009594,test,1,0.11697348952293396,,,,,0.0,0.3675902758532368
D_1_033,D,1,16.759650127692993,110.641267614871,0.6979038809188055,0.6746670006253722,3.1462744458570118,1.0,,,,,0.09804230906058353,test,1,0.002354648895561695,,,,,0.0,0.21002120283987274
D_1_034,D,1,115.68837980293928,34.755652483889335,1.2055286935643525,0.8388222487367446,4.205711959242267,0.9876112355035076,,,,,0.31698232005714433,test,1,0.0020064280834048986,,,,,0.0,0.2829957927491756
D_1_035,D,1,25.802237155317837,55.11798764504274,0.40035765120823885,2.097677508238281,2.8695117414594535,0.9872795287981518,,,,,0.2433822708148884,test,1,0.18973810970783234,,,,,0.0,0.3130714997806783
D_1_036,D,1,70.82270939594513,123.52622996863187,0.5736768726451656,0.8273950364616162,3.2092848731855517,1.0,,,,,0.7186078440089131,test,1,0.16733688116073608,,,,,0.0,0.4767138097513403
D_1_037,D,1,25.395085292104515,84.64357671668124,0.4706548715995984,0.6207345810745236,3.924798350009812,0.9721241966816669,,,,,0.11732708926008206,test,1,0.00037522506318055093,,,,,0.0,0.21015093986681188
D_1_038,D,1,36.77410345811135,148.0221170687362,0.5764071787153144,0.7762434534516823,1.9299319290588084,1.0,,,,,0.4951043938974885,test,1,0.054871201515197754,,,,,0.0,0.36474789831868026
D_1_039,D,1,9.546158860262066,47.70967175385816,0.955440132552932,1.050873906593386,2.2391836613213862,1.0,,,,,0.6364835028207169,test,1,0.060522012412548065,,,,,0.0,0.41592582971101527
D_1_040,D,1,95.51039509724141,31.4637777915088,0.35269386451019763,0.8340471654233003,3.2240313374023053,1.0,,,,,0.0208500913082601,test,1,0.20528171956539154,,,,,0.0,0.2438820478275085
D_1_041,D,1,138.7481923112317,65.31509777696562,0.5353111172127591,0.9724509039413546,3.58894338346698,0.9931417962614264,,,,,0.6125070469276089,test,1,0.036444105207920074,,,,,0.0,0.3975652856615134
D_1_042,D,1,116.63335476509029,113.74874879771934,0.4931352954157053,1.5128746052918218,3.5751132270179538,0.9906075325350198,,,,,0.7749454944321335,test,1,0.05828751251101494,,,,,0.0,0.45936172830846195
D_1_043,D,1,0.6898826471891717,12.281890269034445,1.1789320531890755,0.7149536595385813,3.245732390653617,1.0,,,,,0.6281292095180803,test,1,0.024155959486961365,,,,,0.0,0.40209201117741644
D_1_044,D,1,51.8285773257961,45.27005242999446,1.0235691861193001,2.059256911356021,2.619333055507489,0.9768797320939607,,,,,0.5186473490771761,test,1,0.037142280489206314,,,,,0.0,0.35916864461675363
D_1_045,D,1,82.89876666927312,41.70949282868887,0.6977821819108464,1.1499621599240208,3.7829083451670327,0.980733417747758,,,,,0.36082049333814625,test,1,0.0007778575527481735,,,,,0.0,0.2957112598434592
D_1_046,D,1,57.17707094365983,98.56527410289796,0.5061600270332485,0.8263962901560558,3.67388433435369,0.9617460882025999,,,,,0.7925517586033095,test,1,0.04973358288407326,,,,,0.0,0.44943663280996055
D_1_047,D,1,78.7933690707035,94.87914750728427,0.746119517236882,0.48589222995089604,2.275845723476926,0.9913732225573278,,,,,0.7663729267281699,test,1,0.0068674772046506405,,,,,0.0,0.4414493431676152
D_1_048,D,1,106.62419713427187,111.77392807636657,0.6644569786876711,0.5526347535346283,1.7063179355224136,0.9572040162258273,,,,,0.6456908532421646,test,1,0.03000056929886341,,,,,0.0,0.3924459597533882
D_1_049,D,1,29.595695142460414,35.6915998799582,0.9756873558410346,0.7876852401138342,3.4017172392298085,0.9967374698170892,,,,,0.7579749782641697,test,1,1.049317233992042e-05,,,,,0.0,0.43885791660629714
D_1_050,D,1,138.50323810543765,53.248421436151276,0.39959763100857515,0.3799464943419963,2.347003798297756,0.9868635801999796,,,,,0.6288278673556411,test,1,0.15866076946258545,,,,,0.0,0.4368726492095726
D_1_051,D,1,36.00598354734855,43.03870782318982,0.3194041179798188,0.2553957074254151,2.8692685820495574,0.9903386539154735,,,,,0.36287048694711266,test,1,0.038086093962192535,,,,,0.0,0.31040233809953227
D_1_052,D,1,130.0499120918855,75.77711633295279,0.2086889813013158,1.680754783019673,2.854407606498554,0.9607805704763057,,,,,0.721715819195897,test,1,0.00027809306629933417,,,,,0.0,0.4109104435289017
D_1_053,D,1,146.05515020452685,55.00685519632653,1.9759126848669952,0.4329931384358228,2.4217737162304616,0.9426764351286364,,,,,0.09432508959373931,test,1,0.001940576359629631,,,,,0.0,0.19663849054944393
D_1_054,D,1,123.02445196165765,57.380695627775694,0.5476994732368399,1.1857527743605851,3.027038747736832,1.0,,,,,0.711871066113814,test,1,0.076848603785038,,,,,0.0,0.44720945427534625
D_1_055,D,1,20.731774138883086,19.198686683193962,0.45423743536410044,0.249596307931692,1.8811294093136877,1.0,,,,,0.5846322755418006,test,1,0.10165562480688095,,,,,0.0,0.41011798388169446
D_1_056,D,1,26.03437641529917,112.53303592142107,0.28198095973278897,0.39305777706902434,3.4236776644071014,1.0,,,,,0.03324384288526394,test,1,0.16968372464179993,,,,,0.0,0.23754046240238233
D_1_057,D,1,10.578777367698283,97.45902232027983,0.836980319076575,0.4398509187420636,3.140662004620859,1.0,,,,,0.3805281467203707,test,1,0.0009846362518146634,,,,,0.0,0.3084802422276742
D_1_058,D,1,48.09374901216261,26.02323924896123,0.6729192547345385,0.27494636602165745,2.6066263441676734,0.9659568405711968,,,,,0.6448631266195588,test,1,0.030688058584928513,,,,,0.0,0.3959539310707503
D_1_059,D,1,128.71662734771832,45.182253608411955,0.5971724686567034,0.6056467255494458,2.8098306186703805,1.0,,,,,0.061288657486438636,test,1,0.14052346348762512,,,,,0.0,0.23860806916654104
D_1_060,D,1,33.61609470225772,30.411407000985818,0.3129553231190266,0.44852476537411934,2.3372568881337212,1.0,,,,,0.9777165999670594,test,1,0.0020647929050028324,,,,,0.0,0.5178202478599716
D_1_061,D,1,25.057682053952053,100.27565802728645,0.49685500948052974,1.1953417999302898,4.242994793715638,1.0,,,,,0.5851347163349974,test,1,0.017802909016609192,,,,,0.0,0.3851380234222318
D_1_062,D,1,115.61669758900337,132.6423700317464,0.4645635741405097,0.6304382741105528,2.789637919297317,1.0,,,,,0.9936129937811463,test,1,0.011443566530942917,,,,,0.0,0.526197617782684
D_1_063,D,1,138.66168223806505,54.07864714011607,0.5056690274520995,0.3563509227363223,2.0038147610936385,0.9756983624535234,,,,,0.6759072349456172,test,1,0.3131884038448334,,,,,0.0,0.4932389910680422
D_1_064,D,1,72.62202583248124,124.86932068458316,1.520190428128011,0.8312795244815226,2.7373515742495687,0.9945052624545316,,,,,0.15593787580145535,test,1,0.04042942821979523,,,,,0.0,0.24037896800151223
D_1_065,D,1,147.70981973589272,133.5027410675703,1.3501070945650966,0.5232397324725018,2.646517254005512,0.9875875043386493,,,,,0.9791422541027033,test,1,0.004931033588945866,,,,,0.0,0.5127347906986717
D_1_066,D,1,74.3612033117745,9.860735127665821,0.823977879539956,1.4301010667722895,3.2927096252636665,0.9922699517783782,,,,,0.2974492881227091,test,1,0.025761326774954796,,,,,0.0,0.2846183954779473
D_1_067,D,1,53.18140780244507,128.7504386864062,0.5232325499416015,0.42653229239692936,2.9508038939688617,0.9896193542847973,,,,,0.3054875921574267,test,1,0.023098550736904144,,,,,0.0,0.285851770651888
D_1_068,D,1,92.70356320922994,7.9749334233880305,0.41481967145140974,0.49253213435440074,3.140257760267636,1.0,,,,,0.44682062688804247,test,1,0.014399711042642593,,,,,0.0,0.33570713272360764
D_1_069,D,1,96.98626477632091,85.84496117254,0.5595145537561639,0.2851639820171229,4.031157277137204,0.9922604617095706,,,,,0.5662624809712852,test,1,0.01132198516279459,,,,,0.0,0.3736738430527869
D_1_070,D,1,6.48572446837849,81.52235772648162,1.0899430409856279,0.6838822161528334,3.4088504972692903,0.9956499826584012,,,,,0.1859814551307244,test,1,0.16861441731452942,,,,,0.0,0.289413380869262
D_1_071,D,1,122.76114197580982,15.083847376438243,0.627951992600607,1.7441209538640519,3.445234344811796,0.9948168184510717,,,,,0.6615598094440451,test,1,0.027708450332283974,,,,,0.0,0.412708181646247
D_1_072,D,1,73.25930233201001,101.49764123788076,0.7280416955073856,0.8064528429559114,3.4247639150805678,1.0,,,,,0.63443158325731,test,1,0.009325995109975338,,,,,0.0,0.3998488526730511
D_1_073,D,1,12.261269403863206,112.08445899068825,0.39070603645075613,0.9347371133244803,3.15792196100744,1.0,,,,,0.7494271037570435,test,1,0.01790217123925686,,,,,0.0,0.44267013768674224
D_1_074,D,1,76.88080356245435,27.67818692988897,0.43289785426203814,0.46446977443348514,3.6015789429321963,1.0,,,,,0.9696776812601664,test,1,0.0008118281257338822,,,,,0.0,0.5146307368787784
D_1_075,D,1,38.429984148017006,136.96018834310559,0.7060828312797017,2.2442377365040964,3.5034260373072375,1.0,,,,,0.5988432115217465,test,1,0.038572363555431366,,,,,0.0,0.3961668330992406
D_1_076,D,1,12.198149522900053,92.09698907498259,1.8365822479718639,0.7738718107676729,3.709256890303269,0.9969992547913682,,,,,0.7283065149174546,test,1,0.047025758773088455,,,,,0.0,0.44268263194566
D_1_077,D,1,5.477191576222645,142.92032892084148,0.41915575497099644,0.5774222561899351,2.2671588190617107,0.9787161191408944,,,,,0.3047093412616414,test,1,0.060484856367111206,,,,,0.0,0.29341295239773074
D_1_078,D,1,143.19432822034972,55.4762686122105,0.44669183664556067,0.6592624924963097,3.209114370198386,0.9678088268281768,,,,,0.14297063717701242,test,1,0.0080639673396945,,,,,0.0,0.2201367439491205
D_1_079,D,1,19.010198139923506,146.0863447324284,0.34442030569520427,0.34853099358227624,2.8155756526460434,0.9603984066881938,,,,,0.8362744881398921,test,1,0.01015415508300066,,,,,0.0,0.4521001715665655
D_1_080,D,1,93.28478879635561,71.32210570219036,0.4242928613121653,0.6895253535290897,2.8066875282798454,0.988116913872133,,,,,0.590412722496418,test,1,0.040335528552532196,,,,,0.0,0.38906620436784367
D_1_081,D,1,6.748183869791319,123.17032500338769,0.29154052502274724,1.0490251970407012,3.450523907054629,0.9882266450987933,,,,,0.4917197164866922,test,1,0.35565173625946045,,,,,0.0,0.44845470354986383
D_1_082,D,1,67.46973565281259,135.6910928395135,0.17425265921035865,0.23996771060506092,3.486609295364557,1.0,,,,,0.17768156527164825,test,1,0.017747340723872185,,,,,0.0,0.24251275006223852
D_1_083,D,1,53.43000042394561,85.8418158662687,0.5804201198035793,0.7284496488903641,3.2194638923667713,0.9674636877059535,,,,,0.23088603926021156,test,1,0.0016187159344553947,,,,,0.0,0.24795681065860786
D_1_084,D,1,39.77110402712134,33.19164344279841,0.5713411139918214,0.559429460363981,2.2891954520240176,0.9557892755357926,,,,,0.7377811050385068,test,1,0.0056006573140621185,,,,,0.0,0.41567618143884605
D_1_085,D,1,147.757695518398,72.53278812418311,0.5287660980721557,0.40800738585485613,4.382148844423993,0.9783336766983179,,,,,0.6870975379158836,test,1,0.0016655359650030732,,,,,0.0,0.4069709595813629
D_1_086,D,1,4.052871508947575,24.79804360439986,1.125518978484871,0.3366077699109412,4.144205526752416,0.9929871598321051,,,,,0.27455844907186666,test,1,0.00631058681756258,,,,,0.0,0.2710742075679952
D_1_087,D,1,66.48600450823861,56.83534339848721,0.460681326468993,0.4856017566847562,3.443470959813417,0.9782691324488938,,,,,0.785159386950574,test,1,0.0724216178059578,,,,,0.0,0.46128546545221544
D_1_088,D,1,45.712099852263236,64.48572788439415,0.6135552723015608,0.8620351864439862,2.377612651942775,0.9905211677899435,,,,,0.4164170986580332,test,1,0.017055289819836617,,,,,0.0,0.32277377483770153
D_1_089,D,1,149.1491921557429,49.54325810092997,0.4878933726656116,0.8017470314869161,2.816349860073623,1.0,,,,,0.7371226958512178,test,1,0.0023353637661784887,,,,,0.0,0.43369355267777976
D_1_090,D,1,42.21433525615858,17.845506202384627,0.9674199541747184,0.6064917383690609,2.29660023950798,0.999068530155362,,,,,0.5068279589046089,test,1,0.00010907217802014202,,,,,0.0,0.35209423633192544
D_1_091,D,1,5.805576182614947,84.03129567536472,0.47499890749069157,1.247622041347027,2.435416325895676,0.9853619518584429,,,,,0.19266460318246625,test,1,0.10548119246959686,,,,,0.0,0.27006501699015445
D_1_092,D,1,42.818739964459354,14.954854748822783,1.061534009430246,0.6320156479533575,3.5552454332194285,1.0,,,,,0.40384407179516024,test,1,0.037426114082336426,,,,,0.0,0.32757325935300696
D_0_000,D,0,56.507451649967095,79.6724021429849,0.8502022347689415,0.2864408168159963,1.434057007948475,0.9911039408567577,,,,,,test,0,0.46794293820858,,,,,0.0,0.13913402704638417
D_0_001,D,0,31.37593508092655,20.719996099671356,0.6211782256421257,1.9110432805868431,1.1908102276871635,0.9733767830416098,,,,,,test,0,0.47624770998954774,,,,,0.0,0.13907053916416784
D_0_002,D,0,79.3070089317579,59.25519180590633,0.7068670519944886,0.39509592991714304,1.795884328356274,0.9953334619794583,,,,,,test,0,0.47915224730968475,,,,,0.0,0.14307487953899584
D_0_003,D,0,149.38037623429355,146.89224242240383,0.7044857346153838,0.5583622273352963,0.3411200615984631,1.0,,,,,,test,0,0.49090232551097873,,,,,0.0,0.14727069765329362
D_0_004,D,0,22.287261082445852,18.69837363788977,0.6454674321853686,0.5939949386287134,0.3290331361571417,1.0,,,,,,test,0,0.41033204458653927,,,,,0.0,0.12309961337596177
D_0_005,D,0,86.08690492713683,4.1744351112962095,0.7262986264194987,1.8537794505390714,1.2602667386396262,0.9845496621349571,,,,,,test,0,0.4800674617290497,,,,,0.0,0.14179507717419668
D_0_006,D,0,73.55180579746965,2.6180968953034123,0.9566135652663086,0.7789638832977119,1.3025329701274342,0.9864586613655835,,,,,,test,0,0.44263397604227067,,,,,0.0,0.13099203584447522
D_0_007,D,0,52.59688822627497,9.723812401240195,0.7657766234761659,0.5503975556111231,0.5075971085233764,1.0,,,,,,test,0,0.4950735539197922,,,,,0.0,0.14852206617593766
D_0_008,D,0,103.24685886545527,37.448545405115944,0.6910646525445494,0.8539547057820117,1.259174684969631,1.0,,,,,,test,0,0.41144714616239075,,,,,0.0,0.12343414384871722
D_0_009,D,0,136.545016795855,13.219146593719017,0.4901245485833342,0.8583241365688237,1.0593134870212784,0.9971620222468199,,,,,,test,0,0.6099905014038086,,,,,0.0,0.18247780857935203
D_0_010,D,0,109.35857021772692,91.36865816772725,0.7643313704871882,0.35670091980891455,1.3829635065613468,1.0,,,,,,test,0,0.5492606937885285,,,,,0.0,0.16477820813655855
D_0_011,D,0,124.86435724909406,28.995137243411357,0.8170938370569167,0.421963659309658,1.860381988813709,1.0,,,,,,test,0,0.4237797297537327,,,,,0.0,0.1271339189261198
D_0_012,D,0,56.165538013388336,137.78505780084842,0.9098972620332172,1.215967928060359,1.0045171317138788,0.96073152289362,,,,,,test,0,0.426542266458273,,,,,0.0,0.12293778036988585
D_0_013,D,0,132.42161945432048,103.04078670862249,0.237748969250518,0.5655690341772626,1.6676318685217155,1.0,,,,,,test,0,0.4712214604020119,,,,,0.0,0.14136643812060357
D_0_014,D,0,123.82674585160865,86.22712638070499,0.2953024868775101,0.9529286699707944,0.640611874978231,0.9812318165049007,,,,,,test,0,0.4011450977530331,,,,,0.0,0.11808489988507337
D_0_015,D,0,10.22135840858584,82.966952064103,0.6332262363867112,0.9901710834350531,0.7795009982522729,1.0,,,,,,test,0,0.49680906832218175,,,,,0.0,0.1490427204966545
D_0_016,D,0,145.67844790419878,47.568045922984375,1.116158342551668,0.5578996553728898,0.7966645274443298,0.9762080558989803,,,,,,test,0,0.4593423455953598,,,,,0.0,0.13452410945571713
D_0_017,D,0,113.84721819903987,107.17881066640086,0.7230085023103477,0.7457678021619898,1.1962362326495517,0.9585912144732397,,,,,,test,0,0.4709041371941567,,,,,0.0,0.13542137063202592
D_0_018,D,0,116.41466386501617,43.922385941366436,0.2985322178433465,0.28162671691755353,1.9853905775178609,0.9952810815252284,,,,,,test,0,0.46748399883508684,,,,,0.0,0.13958339398689715
D_0_019,D,0,53.05218682218367,1.719972408218634,0.5560505175065685,0.5737753369210997,0.92406579134934,1.0,,,,,,test,0,0.43934224843978886,,,,,0.0,0.13180267453193664
D_0_020,D,0,44.10857479896117,135.91250957215004,0.48975028992073805,0.39366080999318454,0.6109596602830563,0.9839621693030502,,,,,,test,0,0.4371859557926655,,,,,0.0,0.12905233243517358
D_0_021,D,0,123.69256853670731,11.632649605830542,0.3961703450154533,0.9057717363853581,0.5514924088511901,1.0,,,,,,test,0,0.4267931289970875,,,,,0.0,0.12803793869912625
D_0_022,D,0,127.9953965882375,22.692113893280684,0.9000291460996942,1.3976479197495597,0.1,0.9581935278810629,,,,,,test,0,0.4071791453287006,,,,,0.0,0.11704692652263109
D_0_023,D,0,98.47563202654366,66.49485369987738,0.30090121652235624,0.3674174071306593,1.1569158283313317,0.9869889989068423,,,,,,test,0,0.44375835359096527,,,,,0.0,0.1313953839501886
D_0_024,D,0,41.37095450117705,135.44450223790173,0.6795895071768208,0.5788911356733308,0.9153800000204834,1.0,,,,,,test,0,0.42857920527458193,,,,,0.0,0.12857376158237457
D_0_025,D,0,27.107418288766798,140.40510919460226,0.8282193331106867,0.5872587781646427,0.6896665555342181,0.9982163030867341,,,,,,test,0,0.4035782034508884,,,,,0.0,0.1208575026765395
D_0_026,D,0,16.72793639659297,141.4075312752786,0.6162219704500108,0.1460907542133583,0.5829464304428158,0.9971762910859996,,,,,,test,0,0.4624397650361061,,,,,0.0,0.13834019092481561
D_0_027,D,0,38.02624495787923,99.6434031041588,0.5695011086952674,0.44218319851580135,0.7243542505954577,0.9982215096977003,,,,,,test,0,0.4604995578527451,,,,,0.0,0.1379041691564672
D_0_028,D,0,36.83557073559296,89.64603422537219,0.2636589201319772,0.531883072436126,1.4229075066570975,0.9846949327828051,,,,,,test,0,0.4525836616754532,,,,,0.0,0.13369705149363187
D_0_029,D,0,67.37959141646127,8.714855415898715,1.2259895450293319,0.42256229326879546,0.8394445846137616,0.9747042139638509,,,,,,test,0,0.44587773680686954,,,,,0.0,0.13037967269349615
D_0_030,D,0,24.87637364409298,72.80482176461734,0.6478952906271112,0.8346511528247683,1.5253877601798207,0.9812958462939338,,,,,,test,0,0.48280402123928073,,,,,0.0,0.1421320741848343
D_0_031,D,0,79.00638680595466,12.358063005006553,1.0859827047600659,0.46453406918861007,1.3083220830827804,0.9376303963296645,,,,,,test,0,0.5265963047742843,,,,,0.0,0.14812581058537472
D_0_032,D,0,147.8212555475511,130.28966530809183,0.4058410156530746,0.32521668169744766,0.666407421875169,1.0,,,,,,test,0,0.47240004986524586,,,,,0.0,0.14172001495957376
D_0_033,D,0,55.08946537449899,51.136848652505456,0.5681833513385808,0.9202335255411831,0.1,1.0,,,,,,test,0,0.4157508209347725,,,,,0.0,0.12472524628043175
D_0_034,D,0,9.79184203025653,141.21184549085095,1.613257678055956,0.46250384111148424,0.9025210302188343,0.9699166608111037,,,,,,test,0,0.47940660119056705,,,,,0.0,0.13949533493926658
D_0_035,D,0,146.05897058101587,131.76868711322774,1.1943259447487844,0.3018853476833893,0.8859724063806214,0.9892101093779846,,,,,,test,0,0.5138046264648437,,,,,0.0,0.15247821922326077
D_0_036,D,0,79.62774267295356,89.37052981789694,0.5360948863572251,1.2743020376221537,1.7283829201285148,0.9971236994174326,,,,,,test,0,0.4740292236208916,,,,,0.0,0.14179973192665105
D_0_037,D,0,144.86652967036798,118.92394159877865,0.39458536941107203,0.38392342299896665,0.38845852147235105,0.9934307225018562,,,,,,test,0,0.4383553877472878,,,,,0.0,0.13064271286871082
D_0_038,D,0,87.78522231427746,149.3561820925589,0.578192453163413,0.7046670920147823,1.9899356500182173,1.0,,,,,,test,0,0.48778955042362215,,,,,0.0,0.14633686512708663
D_0_039,D,0,134.11579794320522,85.22735007143412,0.672734230413218,0.762758746982727,0.7944575826221127,0.9772741421557457,,,,,,test,0,0.413034450635314,,,,,0.0,0.12109436652761886
D_0_040,D,0,19.788097318825454,140.59136594125795,0.28648419598323394,0.3469497366565829,0.6379267150579868,0.9697786706075592,,,,,,test,0,0.4806693226099015,,,,,0.0,0.13984285700473986
D_0_041,D,0,46.38094419800787,22.767585677836966,0.5946718216782083,0.2413159932135208,0.875160357302855,1.0,,,,,,test,0,0.5291064858436585,,,,,0.0,0.15873194575309754
D_0_042,D,0,33.11525028310847,98.19903111603963,0.5436446651677875,0.7328170900879585,1.6649053785363135,1.0,,,,,,test,0,0.5253515541553497,,,,,0.0,0.1576054662466049
D_0_043,D,0,7.9878536333929056,86.74562368007163,0.5869606172156928,0.49621623753320804,0.8606188457995355,0.9993920824113862,,,,,,test,0,0.5113327831029892,,,,,0.0,0.15330658047315182
D_0_044,D,0,92.5032745326607,20.63693292583077,0.6089730645702498,1.6346091763788069,0.9014046843766751,0.9967988076462742,,,,,,test,0,0.46395526677370075,,,,,0.0,0.13874101701637018
D_0_045,D,0,61.16636216649018,63.704640443231106,0.4350194303775202,0.7101652807868166,0.9154446332188027,0.9913796949699956,,,,,,test,0,0.45156485587358475,,,,,0.0,0.13430166872253732
D_0_046,D,0,4.419170660785776,113.44838175641269,0.39331035509844126,1.3692455426363916,1.264648857528476,0.9827106881040204,,,,,,test,0,0.48805633187294006,,,,,0.0,0.1438854521185143
D_0_047,D,0,88.58443661666323,133.38216365707717,0.7760792845230357,0.26977981564693304,1.1025622513228062,0.9966952007579966,,,,,,test,0,0.4930187851190567,,,,,0.0,0.14741683710351053
D_0_048,D,0,116.42627440648567,82.33189561565952,0.6411858144595504,0.5865122831229053,1.9976409625852622,1.0,,,,,,test,0,0.45827305614948277,,,,,0.0,0.13748191684484481
D_0_049,D,0,35.613518908702765,113.81715827635962,0.2011612500622234,0.651929235187497,0.7167307725878547,1.0,,,,,,test,0,0.4597311317920685,,,,,0.0,0.13791933953762053
E_2_000,E,2,23.13565586279284,45.74238105742345,0.8070667416678999,0.278939202125586,2.9360623484234645,1.0,81.73618937681591,823.9045758196532,52.361800545408656,0.22936557277328695,,test,2,0.23096412098735022,0.37870418998827904,0.02068623139854309,0.5858092844247118,0.21703957548798708,0.30055982032488027,0.6561691993042686
E_2_001,E,2,4.746539016570578,19.681840688397102,0.38161584722549324,0.9227663496129461,4.340501800564378,0.9866364647023684,23.693607592533283,5802.805408252066,73.74644096162764,0.20280460233822506,,test,2,0.24784534302096195,0.07227946328499428,0.20471731537867788,0.8265094135925675,0.1897329862627305,0.3233097946297425,0.6570183736851455
E_2_002,E,2,94.30804038754773,125.63157546350281,1.048070632460741,0.23658728443212013,2.3969019080326874,0.9992615292401884,148.10604423161786,7860.157654026916,12.126709299753045,0.9924522486691585,,test,2,0.5130268603439769,0.7290911646890931,0.2807615622238072,0.13293322612239022,1.0,0.5356964882588227,0.7886157115437648
E_2_003,E,2,105.74706016964305,47.35520009428499,0.7447349309640661,0.9109068261287228,2.831310174282501,0.9881088447718237,80.90623372991851,7576.143241263614,78.25775500819057,0.37770187669433863,,test,2,0.37713508040183724,0.37432259763903497,0.27026376722730056,0.8772876288250709,0.36953997182207665,0.47285349137837074,0.7267468554962979
E_2_004,E,2,46.97986119277348,50.062339374676625,0.3418372196488674,0.6316726967835861,3.6091085086707286,0.9976757288973577,96.19681101005976,9122.142996759982,14.731607175282784,0.4014129513521094,,test,2,0.256082140518345,0.45504628049684165,0.32740730561306575,0.1622533008538568,0.3939166630785996,0.33465588751059094,0.6691654383989258
E_2_005,E,2,146.8879924395081,137.01753360176417,0.6979105701506996,1.2995988137701264,2.5643888048166326,1.0,72.56994206296466,21548.775594704144,19.80026870429937,0.18452261940874093,,test,2,0.3043851031754783,0.3303127376838232,0.7867228742875471,0.21930487904252324,0.17093779203972195,0.37681957076340383,0.6938960308156972
E_2_006,E,2,27.761980872812885,10.57588334100273,0.9388456372681944,0.6182948599657088,2.8313801218233303,0.9805347229113489,199.5593434949783,6693.088704149449,13.416115499527134,0.102907772528668,,test,2,0.30112413862575715,1.0,0.23762413668472898,0.14744645771267065,0.08703185554974856,0.368025612486787,0.6776546270816111
E_2_007,E,2,36.75983292250764,66.45127098691192,0.28678210413482425,1.112069350423572,2.8167292138891193,0.9821015911255634,91.59882546189367,7822.330843360026,37.20382468288672,0.5874055090687564,,test,2,0.33217791774108973,0.43077209382784043,0.2793634004196609,0.41519492397630886,0.5851303984705486,0.42761520417358967,0.6999357504783214
E_2_008,E,2,84.74563949713631,26.986705657696607,0.66761667063133,0.39201856917816724,2.5660046095654403,1.0,34.765907922929486,4597.104855790726,69.52227089097305,0.3890431035330849,,test,2,0.28931398626388843,0.1307335585099088,0.1601519811628312,0.7789632186674286,0.38119956925106563,0.36276208189780856,0.686480506858127
E_2_009,E,2,18.72441014118451,138.8708211517365,0.5891214288726629,0.7910379470509034,3.307799514071489,1.0,31.61724626486859,28401.9194903392,40.02144249997447,0.7235847465105673,,test,2,0.49799450284188795,0.11411080055544291,1.0,0.44690932081995643,0.7251324555084749,0.5715381442209686,0.7920679687804129
E_2_010,E,2,144.9796820849995,64.25711419487102,0.8220367269782494,0.2705453907790253,2.467657792381084,0.9847779573481311,44.38812446296209,6870.122098803799,0.5209948818927979,0.8709188751543915,,test,2,0.26339875633438514,0.18153221327198452,0.24416767884702717,0.0023022262508419536,0.8766025435300778,0.3261511654749829,0.660951842308313
E_2_011,E,2,141.96112704305537,75.32456599678673,0.4300270148491489,0.2889994835347086,1.6346260512270316,1.0,30.53352295875093,1918.0828356767377,89.0095378824486,0.35550557771045577,,test,2,0.36626321315057636,0.10838949030888513,0.061129457324499564,0.9983069902100693,0.34672057897813985,0.3786366292053985,0.7128335640756961
E_2_012,E,2,42.05664137358711,19.392740842718432,0.7626206032759414,0.9071686465801974,2.693018642759383,1.0,39.13359108578676,9675.800405809898,14.38408372698692,0.2343749288578425,,test,2,0.17264502308442406,0.15379190771427684,0.3478716965640522,0.15834166440519198,0.22218955407097704,0.2205487056886245,0.6222005933906323
E_2_013,E,2,40.26541881388568,26.954631655742766,0.4887311586166367,0.5114147175240873,2.18136049371217,1.0,13.881157031339484,1268.0544870711856,84.50355009272967,0.319685543002146,,test,2,0.27001003744873814,0.02047650433533727,0.03710298529025855,0.9475887259837731,0.309895005296424,0.3287658052264482,0.673690088781243
E_2_014,E,2,143.44515904844917,5.14574045250959,1.3570712370506888,0.6419659046515419,3.4538720853636753,1.0,104.21422327715392,4683.055090178078,31.836915137136522,0.02045178547125648,,test,2,0.20584195943431965,0.49737267755378906,0.16332889015037644,0.3547863411920734,0.0022611664198217128,0.2544372688290152,0.6391367314127402
E_2_015,E,2,81.74036492061506,95.37891992531928,0.3816194138132921,0.536010312035371,2.943258728916673,1.0,196.65258887490225,6584.042876761308,46.06086120091586,0.26651003012794217,,test,2,0.41397249635076083,0.9853833766722525,0.23359356397538136,0.5148874973579551,0.25522675097008907,0.4972727972439195,0.7515714424554469
E_2_016,E,2,148.4461564070136,96.60948123433612,0.6257738132021453,0.5873320664606315,2.0926977484868874,0.9833012409339849,63.07531469006809,11525.592414094266,38.48127215463717,0.26730537887091577,,test,2,0.28086357127787126,0.280187665565181,0.4162440622486391,0.4295735511344385,0.25604442671986266,0.34551242641703034,0.6690322475173656
E_2_017,E,2,102.737971531526,44.16930500426155,0.7930203917104728,0.30301558625957287,2.492644480291385,0.998516537556854,24.943861548823122,12932.267989416065,58.37994631049573,0.02474390952817085,,test,2,0.26036515016969736,0.0788799402983989,0.4682378736635131,0.6535480181519709,0.0066737788585332115,0.30183490274310404,0.6642651486330755
E_2_018,E,2,39.22164301024382,29.629850438500966,0.6828290385634241,0.7845482732428565,3.221246411924152,0.9942502624592181,34.943032523018395,33653.817772031405,46.17287618389438,0.7212636100909381,,test,2,0.45611666144594554,0.13166865401231753,1.0,0.5161483098077738,0.7227461602147258,0.5926407810087043,0.7793423492631791
E_2_019,E,2,134.44532219338262,69.88504668024187,1.9532546338176853,1.6455167624662066,4.472531594731592,0.9823474345911167,133.1292652994248,2893.153770218252,61.93843755417477,0.7622206477715652,,test,2,0.4587617099283589,0.6500241202862629,0.09717021553207607,0.6936014997782789,0.7648529426669173,0.5514121945658838,0.7624534340213157
E_2_020,E,2,106.27163213951307,148.4446315289701,0.48099607505052233,0.728607835470091,3.7402328369016935,0.9783041906321847,46.27935743055249,1558.3484018914255,82.32523959800551,0.3366288978883112,,test,2,0.29444374176424126,0.19151661657402816,0.04783288444173575,0.9230702114217917,0.32731399354858187,0.3724334264965343,0.675040254409541
E_2_021,E,2,82.78454080488694,139.55063607983737,0.4040129320648793,0.5367865920522215,2.873689344945019,0.9961505547895895,132.6741213160156,5211.378869926177,1.2095981278100876,0.2606232882856707,,test,2,0.20948203289328424,0.64762127454027,0.18285689465413846,0.01005297103830105,0.24917475668188932,0.2724264742286497,0.6414536308411128
E_2_022,E,2,67.9004658852902,74.93052218405104,0.5714864237327472,0.7212793703613853,3.3168300850861057,0.9997793217842197,158.64974484148792,2030.370975379955,34.47216846480862,0.45506520333968437,,test,2,0.3575932839324042,0.7847546186310328,0.06527987300120634,0.38444808925119034,0.4490750395248423,0.42088940510206796,0.7187730336683618
E_2_023,E,2,74.29525149985906,139.88398269411402,0.7670989667730587,0.5145337620139305,3.6019728367275645,0.9952328505399761,14.33761541340982,5047.3839203081625,52.63227601377599,0.4761190349333271,,test,2,0.24372092418157448,0.022886289198063722,0.17679528198877303,0.5888536882073153,0.4707198936671601,0.3148137882653281,0.6597705901308017
E_2_024,E,2,37.34315294174147,59.849293097236064,0.2940369980394756,0.4591820152327728,2.966916154580494,1.0,117.39101267585006,5288.686643562855,3.989867067818138,0.17736378619646798,,test,2,0.21720918789708912,0.5669370209410016,0.18571435935594058,0.04134697832372439,0.16357799626954886,0.23939408872255385,0.6394497746355349
E_2_025,E,2,1.5323482718342163,105.7068671918989,1.1552754863142365,0.5680739001172558,3.2714334728487735,1.0,11.204310801779132,3448.9515642940787,16.391182932272315,0.1704772183559664,,test,2,0.08824625488749449,0.00634460583764044,0.1177137198033937,0.18093306779388238,0.1564981088967515,0.11537237558291702,0.5752270126156723
E_2_026,E,2,139.0095639109509,71.64308617136452,1.0020617482536753,0.5505804847817999,3.667114621564396,0.995115428729944,13.285616414032837,5171.973723483785,81.47693616522079,0.0654558085986745,,test,2,0.22969341723667938,0.017332461370861307,0.18140039410145592,0.9135219215337862,0.04852854117666151,0.2901958295456913,0.6504614047217866
E_2_027,E,2,11.688498322421593,0.7008305534181136,0.7824498978731207,0.4368010846396867,2.7857103787441586,1.0,70.03537802866111,5440.4817320939765,11.326949911254244,0.06796554974801072,,test,2,0.13646237016843626,0.31693199086573887,0.19132503842455645,0.12393133577641717,0.05110873570660914,0.17082427519333038,0.6011084147668048
E_2_028,E,2,84.77391337356107,125.06016841862501,0.8359114620636449,0.7995534214445303,2.673556138393193,0.9960395624337325,148.0375160751888,4498.947378630222,1.348532081646261,0.9871932838312546,,test,2,0.3666002020903902,0.7287293833733808,0.15652386573523835,0.011616776647527216,0.9961410040283984,0.4732527574461362,0.7295137701567801
E_2_029,E,2,27.317853185308056,127.16963501626844,1.5595178610112643,0.47021561692076075,3.9678576521807196,1.0,22.0739517296768,722.1068309396594,45.4538989608541,0.5787145326231043,,test,2,0.22539494468417778,0.06372879944695728,0.016923563699888382,0.5080556831801459,0.5761954491866729,0.29122587387841614,0.6525767515566919
E_2_030,E,2,60.51603487246377,100.28289966601086,0.7697693584358815,0.7454290592230685,1.1727003504841924,1.0,78.37654199200168,2392.5266013961195,66.90441705241163,0.7198411747897362,,test,2,0.3671225649757526,0.3609675731793093,0.07866593845386945,0.7494973148776042,0.7212837943510844,0.4776036552154668,0.7334669338017924
E_2_031,E,2,125.68949682490168,109.55631181532597,0.7539303879352686,0.544432927720098,4.1868921462646025,1.0,94.06613572171747,21442.00067251561,11.139733294924973,0.23668257825268546,,test,2,0.32102178871288484,0.4437977871863576,0.7827762392101316,0.12182407267281843,0.22456198373257202,0.3932400207004699,0.7022677173463151
E_2_032,E,2,80.85370868755393,8.36111682520338,0.7671373043782516,0.3817166259552676,2.0769379675493407,0.9857322104106492,131.50582061180677,1996.861933712769,2.439127231480792,0.922685079929723,,test,2,0.36911300506286127,0.6414534540714123,0.06404130539990406,0.0238922411082676,0.9298219277015433,0.4148022320702818,0.7108453677334459
E_2_033,E,2,26.893917328461864,74.20214140270288,1.1170464826250277,0.7384681271312707,2.0848185395189818,1.0,190.95009020827362,20215.335439877636,74.645008389188,0.5031908224986493,,test,2,0.6832043522900844,0.9552781239124468,0.7374360044794824,0.8366234623523385,0.4985516396663134,0.7569723076026452,0.8858085454875699
E_2_034,E,2,44.055059676584435,119.73439863377817,0.24178334369375687,1.660246264620657,4.5231150877873505,1.0,131.54937666189034,1164.726316953286,85.71193692989594,0.45091250873301914,,test,2,0.40453780660006106,0.6416833999203536,0.03328374972151337,0.9611900240243078,0.4448057705958555,0.5202407360655076,0.7534697288170346
E_2_035,E,2,67.17471344595312,12.433882105954897,0.6618175976824546,1.099559886082853,4.450651604689091,0.9945850375543117,94.41497841344592,632.0736408230276,64.3296936570714,0.7312604996543982,,test,2,0.41245258549174646,0.44563943556224483,0.013595739722470728,0.7205168764990444,0.733023682171503,0.4781939334888158,0.7431414757581747
E_2_036,E,2,56.14329662789142,12.194699934819836,0.7258908691008004,0.9976538979435386,5.655317279131156,1.0,79.12139567682172,978.4624951053358,25.721047102431314,0.4086712676071036,,test,2,0.2089910295523534,0.3648998859708592,0.026399030745454858,0.28594767019854056,0.40137873457657824,0.2696563303728582,0.6432147886483532
E_2_037,E,2,35.36205514121306,71.5350945678622,0.5419529197301484,1.6544854322402593,2.1539213128859442,1.0,149.5914954594309,5960.523406063269,51.266265338248935,0.8363429655885928,,test,2,0.524349270520428,0.7369333207841708,0.2105469181519053,0.5734782159223263,0.8410560200357194,0.5905036187235304,0.8038790555992081
E_2_038,E,2,63.38468083823863,42.1956729667036,0.46267926758005906,1.0883406245724465,3.5363618344006307,1.0,57.878859254805825,4032.085180543243,40.30467887196852,0.8401678945783119,,test,2,0.39982239517572815,0.25275397141122413,0.13926761595744938,0.4500973581213597,0.844988322320886,0.42177681695272984,0.7317831220429863
E_2_039,E,2,74.83058878382722,98.67600810795527,0.5070051223416222,0.5081436315546284,2.000177285020317,1.0,172.09436563325534,1097.1617501354428,25.743057678424748,0.23139045991674234,,test,2,0.4016516317623989,0.8557329267128112,0.030786415291965925,0.2861954157009929,0.2191213052044906,0.34795901572756516,0.7171341104138066
E_2_040,E,2,26.99441194875899,149.43748542400814,0.7564585084956921,0.6765571080771887,3.595892008648823,0.9985339116330774,75.02901546691136,7058.459081756221,37.26961585860204,0.7013487919045538,,test,2,0.3296075917442057,0.3432949461346494,0.25112902639998685,0.41593545288792766,0.7022722938309354,0.42815792981337486,0.7109885370671758
E_2_041,E,2,88.41181733235294,37.45368970749496,0.1956825553040845,1.7093244142283226,3.2669402034640274,0.9816620612980085,72.76652090135298,526.7048198342131,20.907902376231252,0.692832625031405,,test,2,0.3549509381904403,0.33135053812234716,0.009701077226289443,0.23177212481872364,0.6935170613688022,0.3165852003840406,0.6838891949186225
E_2_042,E,2,148.19364061181983,86.00110152935692,0.49798485043415575,0.42474144966912686,3.848726840145328,1.0,78.84119652414175,5491.375066654124,55.43430822864683,0.10524132557734034,,test,2,0.2959252253120864,0.3634206280511899,0.19320616758171058,0.6203926574359199,0.08943091603179046,0.3166125922751527,0.6789625130620398
E_2_043,E,2,111.46327866465754,68.34929772891569,1.7779666714531628,1.81102956092534,2.3030240509705524,0.9971865032525913,131.35798976778807,5759.136244868072,16.76740433422654,0.009356162847676264,,test,2,0.26080230543540917,0.6406730093602329,0.20310320741699434,0.18516772118451935,0.0,0.2572359844904366,0.6543548218830887
E_2_044,E,2,24.190458856593423,114.67649063191269,0.5427458717323479,0.4475527738972898,3.6522596885925203,0.9933682917091833,94.91135054979452,15449.440536145621,31.304498545026583,0.46036678754969373,,test,2,0.38741744488150126,0.44825993746874226,0.5612780863390012,0.34879359406153126,0.4545254496527317,0.4532142668805016,0.7296628375463796
E_2_045,E,2,86.97897269936723,141.36790316224494,0.40136808496319665,0.5562153274342638,3.044166957239636,1.0,48.64916798762199,9744.04572230849,34.90938153456478,0.4304065754523315,,test,2,0.27847855177766767,0.2040275788704231,0.3503941929933831,0.3893692495005984,0.42372419535201217,0.3418788041791042,0.6789303781584101
E_2_046,E,2,1.3078077859388082,136.99551996763665,0.6878174638608232,0.645857167306499,2.98917755491312,1.0,112.4025442179407,2117.6548587217303,5.835147074947558,0.340082558172327,,test,2,0.24568323638270348,0.540601354316731,0.06850607657625025,0.0621169855542432,0.3308646048837277,0.25052225533273803,0.6502830823068453
E_2_047,E,2,75.3797089608962,4.076606089529722,0.3826478922135994,0.45843644870127287,3.0582627265561464,1.0,172.46885311191275,2045.0461860581213,82.37085937892385,0.04125138019191099,,test,2,0.3607201194792193,0.8577099618441546,0.06582230094255989,0.9235836961915111,0.0236446467590409,0.4676901514343167,0.729505184668478
E_2_048,E,2,110.35812654628468,84.19000633661979,0.4655253177614845,0.4294908821845098,3.1792084118113277,1.0,85.98771532567973,3049.8346748868134,10.202132747857206,0.49971672297758574,,test,2,0.21850100119136834,0.40114930936278104,0.10296148507038835,0.11127067694604725,0.4949800153244514,0.27759037167591705,0.647701259231864
E_2_049,E,2,46.07672317321124,36.779062197753404,0.7794570056795707,0.9973235449118292,3.1772682662544005,0.9989180659661502,110.83778645047741,2229.9581392750347,43.44134470801735,0.6677604294643528,,test,2,0.3751435373774782,0.5323405144899674,0.07265705189195118,0.485402879149468,0.6677410398563866,0.4395353713469433,0.7272479511327783
E_2_050,E,2,68.6942411946254,136.57922214207053,0.5594472158685101,0.35608991528173367,3.9652811785365847,1.0,82.8305641024405,6910.643078591351,50.14467719478677,0.5154495413317852,,test,2,0.33270720391560354,0.38448173237012573,0.24566542304503666,0.5608539021274717,0.5111544848982963,0.4255388856102326,0.7124231082120818
E_2_051,E,2,88.95322475248383,50.25149201202856,0.33009355261343026,0.8649209186273522,1.4698545450317495,1.0,83.39621953165143,11971.930440809288,38.41586029608909,0.6129713063846879,,test,2,0.3682741245094637,0.3874680021909338,0.4327416936822402,0.42883729172136514,0.6114138781057942,0.46511521642508336,0.7312412524991798
E_2_052,E,2,33.9735374415143,35.736748893081085,0.46456027159208463,0.7066651720484239,3.0525264733761954,1.0,58.93707497250178,436.7544279958386,43.174578940952685,0.08521111158359007,,test,2,0.16221614078277707,0.2583406192156454,0.006376313654654549,0.48240023083084926,0.06883841445288308,0.20398889453850808,0.6156625558162906
E_2_053,E,2,94.25852875476762,37.280325798156724,0.24563800696273183,0.4889209234930631,2.597837487933604,0.9916793404006593,11.313764198883655,9740.759636380955,35.893787161311714,0.00460425585944535,,test,2,0.16420807865429263,0.006922444146403988,0.3502727320573956,0.4004494714215544,0.0,0.1894111619063385,0.6081561212349271
E_2_054,E,2,37.64149514780483,47.99982209319247,1.544591356091585,0.7414152785292198,3.042716780234393,0.9917197773000749,148.41453230483222,695.6610031467661,50.98994561890433,0.5306156129222523,,test,2,0.3562357325165885,0.7307197685626639,0.015946067959508183,0.570368030721951,0.5267462980097269,0.4609450413134625,0.7207533423023352
E_2_055,E,2,70.1548270079884,143.08574831371016,0.5059561989966922,1.144107186834665,3.6171262594972355,1.0,62.208836418491295,4772.2793810268295,86.63808187616871,0.0754093330061768,,test,2,0.28757584121837365,0.27561325899331224,0.16662681543848318,0.9716144783923569,0.058761480632083085,0.36815400836405887,0.6870691658522301
E_2_056,E,2,137.48500876695547,52.2824855962459,0.6810037480623907,0.46623753194913037,3.4598913138597633,0.9855017343620719,19.55033945545333,23235.440230664448,56.04088060657884,0.6966273441165577,,test,2,0.4731838198728985,0.050405870354864706,0.8490656948644917,0.6272200834237402,0.6974183056978394,0.556027488585234,0.7701019936893708
E_2_057,E,2,71.37291877697126,93.77848011711083,1.1536122025005742,0.6451663682457246,2.838118806873234,1.0,153.96348740028105,7755.69862954342,88.70584644840423,0.07561648449670322,,test,2,0.40204025969038815,0.760014417359147,0.27690052779990737,0.9948887158795732,0.058974447273231756,0.5226945270779648,0.7532256570114033
E_2_058,E,2,135.02795589242263,15.616008290487498,0.35008473258908046,0.35871564863794536,2.112648383661552,0.998233528099672,132.0173418514715,49241.1901570723,77.24419193781381,0.14011301768498552,,test,2,0.5138552819530278,0.6441539327759905,1.0,0.8658792180586957,0.12528152526691458,0.6588286690254002,0.8133584637651102
E_2_059,E,2,95.50958817461718,59.962692475771476,0.5770462441338272,0.42818151502859897,0.9687733471024829,0.9962759106464788,16.621636668017047,3872.3306612680076,2.2365368701302324,0.3762041064040328,,test,2,0.10919627382026209,0.03494434325445709,0.13336273888871214,0.021611935000887,0.36800015616770637,0.13947979332794064,0.584291223725424
E_2_060,E,2,8.951121861371163,105.97865371110251,0.7727423606915214,1.0062883264176707,1.576737481186963,0.9891927448324194,40.03398806695127,17473.059622787456,9.073580982189245,0.7656043326114338,,test,2,0.34595685178769775,0.15854538163628815,0.63607548171023,0.09856798237266247,0.7683316142092812,0.41538011498211547,0.7065867984579906
E_2_061,E,2,18.24846525202215,62.89994716537774,0.2593666190864062,0.8993930707784847,2.7077822270869834,0.9904943099761858,195.24853468824003,2873.5750051373097,84.69999311609405,0.0536839828650687,,test,2,0.4064028764564617,0.9779709407123297,0.0964465414758732,0.9497998392023086,0.036426257093149665,0.5151608946209153,0.7458257732706806
E_2_062,E,2,39.75664749699173,113.76770564200177,0.39844542312777137,0.4161711688699331,3.1464177605922674,0.9849030046942138,115.71228583841783,4695.2837357497365,35.53698003366366,0.5072865846688948,,test,2,0.3134624616302719,0.558074503172901,0.16378088768475227,0.39643334021516946,0.5027623779531797,0.4052627772565006,0.6918699279445575
E_2_063,E,2,15.679847230858767,7.260280668111335,0.30127555675993284,0.7527677749490534,4.093156969906925,0.9942219563176456,147.40193452425348,4926.747011973327,36.50293771942047,0.3697200269292469,,test,2,0.31919363362427644,0.7253739519460396,0.1723362775305489,0.4073059167564147,0.3613340558023308,0.4165875505088335,0.7024437764357391
E_2_064,E,2,0.10181742480354083,100.01471144638587,0.7325990198879432,0.8695747556691739,2.064488434777617,1.0,97.82268331826928,10522.408733730232,27.593742673910832,0.5298612032915094,,test,2,0.35369512418489646,0.463629762871026,0.37916419535794205,0.30702626011980566,0.5259707106137529,0.41894773224063164,0.7173624821285401
E_2_065,E,2,138.55875216887273,61.89965130328689,0.6203859951255968,0.5537688711854762,3.276602154081375,1.0,23.04876160666106,5120.335370933254,17.83477981823687,0.6928998826964732,,test,2,0.22929365662680476,0.06887512204254263,0.1794917274469767,0.19718183093204789,0.6935862070890898,0.28478372187766426,0.6524200397275606
E_2_066,E,2,78.64653588764095,47.939155810319775,0.7360019104565032,0.5427330368615547,3.168449694230918,1.0,52.21067753623138,10148.031580621759,40.477319148791736,0.8635611874540816,,test,2,0.4397572807256778,0.22282988842549695,0.3653263954854971,0.45204055361691764,0.8690383110344583,0.47730878714059255,0.7551966403937076
E_2_067,E,2,136.60646266319145,49.140517545796584,1.3385890433821068,0.443172296784951,3.4663497915751194,1.0,18.953307277653572,11699.736337179935,32.50352524004217,0.17701048538672126,,test,2,0.19671155764500356,0.04725395298159415,0.42268080321067025,0.36228953669833475,0.1632147776097378,0.24885976762508424,0.6352493018045478
E_2_068,E,2,107.77704450118681,50.3676415811501,0.5493020670481948,0.6162125840304445,2.6239067519044603,1.0,153.78590178686625,3824.9964444341954,87.02544218244498,0.2897444310374231,,test,2,0.41317448670548723,0.7590768880249195,0.13161316252106606,0.9759745084859414,0.2791133873067122,0.5364444865846598,0.7593967991320173
E_2_069,E,2,44.27606526941262,129.35297261465226,0.44663638212046153,1.2283771373285057,2.906466432779761,0.9935862680851917,105.93201066989101,1751.1746838408228,83.14231914387257,0.77902285653469,,test,2,0.49722373409394566,0.5064414080646077,0.05496016632207603,0.9322670530989354,0.7821268225461704,0.5689488625079473,0.7862284412654412
E_2_070,E,2,21.01632761039602,78.46694134699577,0.35893104815254606,0.7139835199098118,3.8552638916897197,1.0,174.88436673031754,13139.579016221813,3.207898396768305,0.6128909110152301,,test,2,0.4853539158440501,0.8704622047254005,0.4759005434511051,0.03254533581473192,0.6113312258798612,0.4975598274677747,0.7730449627612862
E_1_000,E,1,121.6231195897074,126.28987358361105,0.34140383961929316,1.5604561999474995,2.9692849314674157,0.9880482155448435,,,,,0.773139473815268,test,1,0.23446573317050934,,,,,0.0,0.5097721496146672
E_1_001,E,1,56.77539404837787,5.264365173613244,0.7585940234396351,0.32452816882703023,1.8896060881533272,0.9556798161659994,,,,,0.6993776205281675,test,1,0.008199179545044899,,,,,0.0,0.40352808148508673
E_1_002,E,1,18.162741552920764,30.365171894864947,2.1561139216191227,0.33359024039412877,2.0298465310229457,0.9948458577746176,,,,,0.39822155346048826,test,1,0.13106326758861542,,,,,0.0,0.3518735217984993
E_1_003,E,1,65.40628750619848,7.587941978427204,0.3148195788799669,0.7699005125511419,2.6269931376006617,0.9818042880079293,,,,,0.045741153010842805,test,1,0.07919848710298538,,,,,0.0,0.21086107573138843
E_1_004,E,1,4.464452227234295,28.26320183896308,0.5278972559338103,0.4996303591072786,2.148433565602443,1.0,,,,,0.3121757820702493,test,1,0.29682374000549316,,,,,0.0,0.3733086457262352
E_1_005,E,1,139.76721232107897,124.46000357664133,0.6069435160286049,0.5597477963859155,4.09004432093014,0.981265307106339,,,,,0.6740174772378853,test,1,0.05626211687922478,,,,,0.0,0.41977033614189857
E_1_006,E,1,83.04763643172936,133.30517918405167,0.6493823421709045,0.35522661215833884,4.399401809697455,1.0,,,,,0.8660408306661802,test,1,0.07629010826349258,,,,,0.0,0.5010013232122108
E_1_007,E,1,25.37742429443417,9.89068951631955,0.2959495824345301,0.7977037825510188,2.7402474453449646,1.0,,,,,0.4361858616756613,test,1,0.24271826446056366,,,,,0.0,0.4004805309246505
E_1_008,E,1,129.25537712067856,109.8243457526393,1.5973939724878832,0.9438968042983813,3.69388107901132,0.9909751048136154,,,,,0.7749367848518371,test,1,0.01828218437731266,,,,,0.0,0.44763587177360786
E_1_009,E,1,18.049131458728358,46.992020889704115,0.741427714186781,0.3879359934791913,4.689587904965242,0.9977836517001507,,,,,0.0173289953406629,test,1,0.04729432985186577,,,,,0.0,0.19482069767877372
E_1_010,E,1,81.6417026361275,110.06970837543379,0.9684653532645159,0.7350340867149346,2.143134270420391,1.0,,,,,0.23374669168446904,test,1,0.5257630348205566,,,,,0.0,0.4145402525357311
E_1_011,E,1,135.28335141849485,43.178047635868424,0.5244614767115587,0.3812519978710897,2.274779026664558,1.0,,,,,0.36805976929873985,test,1,0.1380426585674286,,,,,0.0,0.34523371682478754
E_1_012,E,1,6.505055475101962,132.95219517616718,0.929687081607024,0.40235565547929947,4.320886877954653,0.988638460179939,,,,,0.09944826762080083,test,1,0.010180342942476273,,,,,0.0,0.2104425678615822
E_1_013,E,1,78.64358574069927,72.73141653421224,0.9671215178537907,0.99003898973907,3.0744737274183356,1.0,,,,,0.559829205486103,test,1,0.30217722058296204,,,,,0.0,0.4615933880950246
E_1_014,E,1,52.011670497177256,37.50303957852874,0.6186507817153121,1.1696287901662048,3.0922076645350995,0.989261010006149,,,,,0.7597496202786023,test,1,0.010511253960430622,,,,,0.0,0.4392969257118834
E_1_015,E,1,104.58151602185441,123.11290098874782,0.5633027058807072,0.8002936929809559,3.2817262556095486,0.9662555046108247,,,,,0.9683013238153158,test,1,0.46869298815727234,,,,,0.0,0.6324271367312064
E_1_016,E,1,30.657713721213863,123.05590831506008,0.5111021211734881,0.8985580209162871,3.783629632696346,0.9813893283900094,,,,,0.6183310060981326,test,1,0.10071302950382233,,,,,0.0,0.41378294796279325
E_1_017,E,1,12.991404255901944,50.32320607146929,0.2716832242681584,0.6577142609005073,2.9978007307156305,0.9992179462420555,,,,,0.8274588862905162,test,1,0.12614649534225464,,,,,0.0,0.5020616123284477
E_1_018,E,1,110.83792819342142,101.60545605027569,0.33063581121934293,0.3547545206712348,3.088376838241517,0.9895317618474848,,,,,0.7831716662132489,test,1,0.1319558471441269,,,,,0.0,0.4835810424404507
E_1_019,E,1,37.41029133118101,110.96899468184388,0.229054740112187,0.6030071939740723,4.48583108556128,0.9871704604982826,,,,,0.5510436354881959,test,1,0.028519855812191963,,,,,0.0,0.3715919181356748
E_1_020,E,1,99.49393871068554,91.75074431653587,2.2875162301397416,0.8854544637939906,2.0002006556471503,0.9998451280362277,,,,,0.19251266186139926,test,1,0.08370683342218399,,,,,0.0,0.26745005474708505
E_1_021,E,1,48.12563448740859,143.60256814523075,0.8664137679617828,0.7390505172383809,0.9581925004934004,0.9866064475778384,,,,,0.31749008086286357,test,1,0.24614876508712769,,,,,0.0,0.3551449322230652
E_1_022,E,1,63.62451009409441,126.80328880336536,0.5200450520006404,1.010934318868657,2.013247575405404,1.0,,,,,0.3362042034054269,test,1,0.15755710005760193,,,,,0.0,0.33993860120917996
E_1_023,E,1,112.99363540231472,7.640489340599283,0.7773327818037945,0.5512494486034056,3.310736705973237,1.0,,,,,0.8280788854356156,test,1,0.09081484377384186,,,,,0.0,0.492072063034618
E_1_024,E,1,126.87378962667631,3.834801505854207,1.0307037294878045,0.7465667447721674,3.7718139782495825,0.9937743939919942,,,,,0.65129364920436,test,1,0.18335632979869843,,,,,0.0,0.4551085996498023
E_1_025,E,1,104.65443485056632,117.06679871758858,0.9720093945504723,0.7076526093836668,2.9133536248503136,0.9686870732682705,,,,,0.047650097091597066,test,1,0.023899922147393227,,,,,0.0,0.19262101309524954
E_1_026,E,1,1.8881587180432702,22.68317857692012,0.4542928163383666,0.3347303628246933,2.245067459574261,0.9337145958656534,,,,,0.9643106088053089,test,1,0.211452454328537,,,,,0.0,0.5377677387943045
E_1_027,E,1,7.479124730937797,50.15755543321687,0.7271936426114342,1.2317627273117042,2.9280453579997077,0.9861831005334344,,,,,0.3787133298299229,test,1,0.0005740132764913142,,,,,0.0,0.30347010728993334
E_1_028,E,1,70.69287404318123,1.9894037998310465,0.5668675240574694,0.8576443922069399,3.280208488313895,1.0,,,,,0.9329594960066259,test,1,0.18299438059329987,,,,,0.0,0.556434137780309
E_1_029,E,1,119.41459450503712,83.09532803686908,0.39769185729800727,0.5931459351497294,3.541756903502502,1.0,,,,,0.3020531993068388,test,1,0.00900054071098566,,,,,0.0,0.2834187819706893
E_1_030,E,1,62.69458891850556,90.45841903679292,0.2899109678800988,0.9886905695153597,4.285630001902661,0.9932601934415217,,,,,0.8276996010316798,test,1,0.070189468562603,,,,,0.0,0.4824778284301497
E_1_031,E,1,30.34096193849603,75.67316017409732,0.9507643072647461,1.2754425753953553,3.2452416788306317,0.9884100760006284,,,,,0.11529044784525877,test,1,0.34971073269844055,,,,,0.0,0.31655303097642784
E_1_032,E,1,29.49362030484822,38.32864370894931,0.3959425240909789,0.42308455573669623,1.5349899871715225,0.986029650554117,,,,,0.6106459339222209,test,1,0.4213293492794037,,,,,0.0,0.5079284070515865
E_1_033,E,1,84.44849721265606,149.81506556931038,0.9459389326879307,0.5619716943046272,2.271901116104198,0.9649910908238647,,,,,0.2663276897252672,test,1,0.0018401802517473698,,,,,0.0,0.25935751489731507
E_1_034,E,1,27.6826509002845,144.6918047670947,0.4198568863805328,0.5054310884802601,2.8617445429276454,1.0,,,,,0.7969756575552661,test,1,0.4284674823284149,,,,,0.0,0.5824817248428675
E_1_035,E,1,86.96497481369975,3.1957562811992135,1.1236232300534206,0.4480822241819586,2.945155490022555,0.9997402309552583,,,,,0.9254500462886118,test,1,0.0014005122939124703,,,,,0.0,0.4991979600173676
E_1_036,E,1,138.06934633377088,95.35615008590257,0.4065617860420442,0.40207985486427955,3.043672829645674,1.0,,,,,0.5090439688811265,test,1,0.0718785971403122,,,,,0.0,0.37472896825048796
E_1_037,E,1,80.34447876504588,97.61394430912054,0.3524962201895327,1.2174417976691814,2.886416375639999,0.9863974826309067,,,,,0.15648019568598381,test,1,0.04925061762332916,,,,,0.0,0.24121684992009557
E_1_038,E,1,104.1043276641165,134.17633955877622,0.2322250012202351,0.8091566279357886,3.6946240548247546,0.9990200218169939,,,,,0.2589779833777065,test,1,0.0057520680129528046,,,,,0.0,0.2671058998629529
E_1_039,E,1,33.91536173067321,29.59243630781796,0.6377225537953872,0.23955505424977347,2.611592476310812,0.9801887843334482,,,,,0.04535764656213548,test,1,0.14012183248996735,,,,,0.0,0.2282974616078163
E_1_040,E,1,56.02953976229025,66.15013067098675,0.7039256488461244,0.6895921292054286,3.645866907693782,0.9696489338406041,,,,,0.5943812569070223,test,1,0.0711059644818306,,,,,0.0,0.39209231343611645
E_1_041,E,1,22.282987421968116,131.86273236288915,0.4126553591281004,0.9787620239743968,2.392228080798171,0.9763731511459323,,,,,0.8698147876066822,test,1,0.02614542469382286,,,,,0.0,0.4757659404405482
E_1_042,E,1,30.855827498072212,103.846749890782,0.4263908570507729,0.37346313235448303,3.3626145420154,0.9649046716402836,,,,,0.8596495128708672,test,1,0.013165694661438465,,,,,0.0,0.46298735045215095
E_1_043,E,1,7.060529920671582,65.5113802867796,0.39370926554937,0.5790592877156018,1.6007217290049311,0.9978966654656484,,,,,0.5079079780664485,test,1,0.40200498700141907,,,,,0.0,0.4723736344518397
E_1_044,E,1,77.17958969509608,69.20120161029372,1.3781767218729044,0.6356407518769982,2.29722841739293,0.99458884510587,,,,,0.19105927948831058,test,1,0.2878168821334839,,,,,0.0,0.32643978586102496
E_1_045,E,1,33.84434183682033,140.2009880782403,0.8554524767987898,0.7030439817190044,4.385114712156692,0.9643068081392048,,,,,0.23596545706250838,test,1,0.14741985499858856,,,,,0.0,0.2910411662292404
E_1_046,E,1,43.160282603434,91.576022879453,1.0718253452598185,0.8713954144174976,3.4250878448463995,0.9971746932399014,,,,,0.11539638859390844,test,1,0.13225455582141876,,,,,0.0,0.2543444655952166
E_1_047,E,1,5.48253599080425,112.0995113016295,1.4363343176107857,1.4614454996784878,3.4874534921659293,1.0,,,,,0.3975001516899256,test,1,0.3261023461818695,,,,,0.0,0.41195575694603476
E_1_048,E,1,146.81594638648482,32.07215897564448,1.1676929755121257,0.6371924821824978,2.5110127308115433,0.9749704787912555,,,,,0.9634287719140835,test,1,0.00756551418453455,,,,,0.0,0.5015927935465299
E_1_049,E,1,45.01460094514152,76.06133459813405,0.662788117257489,0.7521737435749597,2.5213329338443478,0.9910923686007216,,,,,0.051472420345962666,test,1,0.07831120491027832,,,,,0.0,0.2145801288232798
E_1_050,E,1,48.54545012743341,42.30366462715443,0.411933950597873,0.4660225950031669,2.510419646386114,1.0,,,,,0.11393176559780438,test,1,0.24038179218769073,,,,,0.0,0.28699065561553877
E_1_051,E,1,34.69143257251514,71.2465576061018,0.4247643904334118,0.48192330059730676,2.9912436729658367,0.9631345436430966,,,,,0.4646265796166771,test,1,0.14591598510742188,,,,,0.0,0.3673338309087892
E_1_052,E,1,72.95792680980553,70.4421541863428,0.8125880466621702,0.33301440866907817,2.4525743713504813,0.9838214376146949,,,,,0.5484335481924807,test,1,0.008291246369481087,,,,,0.0,0.36346212199602274
E_1_053,E,1,61.85754806862333,2.753216838837169,0.7385906283679676,0.22870601701076707,2.459395467742676,0.9965869662087639,,,,,0.04895876857360748,test,1,0.14417369663715363,,,,,0.0,0.2345842918928817
E_1_054,E,1,126.91336762344879,33.72895389018324,0.5595255480019055,0.36213234425226126,2.2005060885049,0.9824967397698706,,,,,0.8480283890408882,test,1,0.005268753506243229,,,,,0.0,0.4651046840152267
E_1_055,E,1,82.65878416773056,70.66087329726017,1.0528792299966891,0.45590589081084754,4.207053379164904,1.0,,,,,0.4371078958274489,test,1,0.010988656431436539,,,,,0.0,0.3312843604690381
E_1_056,E,1,27.01878363176332,84.09951055391318,0.6620482878749407,0.5868360022369176,3.282689559272429,0.9844633034503516,,,,,0.8298926606718859,test,1,0.13971282541751862,,,,,0.0,0.4994933275792716
E_1_057,E,1,71.69793747751635,73.1089339324102,0.5524945930921902,0.4549056141191832,3.7645130844388746,0.9911012533689226,,,,,0.9307522794358801,test,1,0.2099282443523407,,,,,0.0,0.5587251759218129
E_1_058,E,1,73.88028953801233,70.05097431365552,1.008402184625972,0.27613234480704346,1.9468090815211212,1.0,,,,,0.16517324510390552,test,1,0.09604182094335556,,,,,0.0,0.26162318206937357
E_1_059,E,1,113.35019129599188,25.153512440558018,1.073517646229994,0.4021591044861754,3.1316537854518773,0.9623222915841901,,,,,0.5259173057945158,test,1,0.028581412509083748,,,,,0.0,0.35379344155555614
E_1_060,E,1,58.36528583802898,38.60168596966664,0.9680747179343862,0.2718846432671644,2.133219698526808,1.0,,,,,0.9005810403753861,test,1,0.06557968258857727,,,,,0.0,0.5098772689079583
E_1_061,E,1,96.2696752600647,81.30508235309,0.23568248203206751,0.5055566231514745,2.9733879795232148,1.0,,,,,0.6855223145132726,test,1,0.17459352314472198,,,,,0.0,0.4673108670230619
E_1_062,E,1,83.91730692244072,88.67761221157215,0.7527151844697182,0.6837857802012082,3.1412414962910513,0.99229023533282,,,,,0.5911998837553577,test,1,0.07550633698701859,,,,,0.0,0.4014527065757528
E_1_063,E,1,99.86377302522773,52.89461168888812,1.06411161164902,0.47708023691904344,3.7065347848706685,0.9912247792884455,,,,,0.32556692813728194,test,1,0.0803423821926117,,,,,0.0,0.31030404666266487
E_1_064,E,1,37.768264189450505,48.247529498671604,0.3865841037701823,0.389424938722755,4.405123148037757,0.9738533716924034,,,,,0.6397054544328116,test,1,0.031775083392858505,,,,,0.0,0.39775038146684843
E_1_065,E,1,93.28715882110326,36.387434223545576,0.7670940737604153,0.7347861280081444,2.9597288162576794,1.0,,,,,0.6979623061684201,test,1,0.03779012709856033,,,,,0.0,0.4306238452885151
E_1_066,E,1,18.399656978079236,13.563278940001638,0.6583133474352931,2.847817134610619,2.7847563700048115,1.0,,,,,0.25613873820991984,test,1,0.5486147999763489,,,,,0.0,0.4292329983663765
E_1_067,E,1,97.06391163742047,145.88903426295352,0.5497086186584216,0.8434895803153265,3.1805197902935225,1.0,,,,,0.6006592523698052,test,1,0.6158478856086731,,,,,0.0,0.5699851040120337
E_1_068,E,1,88.03779655260666,0.08834422515547335,0.4431005940871911,0.3289768477110402,2.618729433459585,1.0,,,,,0.12835004248837234,test,1,0.12230098992586136,,,,,0.0,0.2566128118486887
E_1_069,E,1,62.91479694157959,29.101702234028526,1.570704672966133,0.4243651323052643,2.6583343418232035,0.9777427696513273,,,,,0.8447993083026801,test,1,0.2223198562860489,,,,,0.0,0.5254152197238501
E_1_070,E,1,84.60011951684967,42.119692970743756,0.2550279250117939,0.5608165920060866,2.6148060335847525,1.0,,,,,0.18880878609154073,test,1,0.0021677634213119745,,,,,0.0,0.24173340415843284
E_1_071,E,1,15.85589692930528,121.73444851900122,0.48164552355143647,0.6805661114694066,2.3909963218154076,0.992135415020502,,,,,0.7905879992176612,test,1,0.0011168263154104352,,,,,0.0,0.4484857339604864
E_1_072,E,1,74.50738589576898,110.16403101567867,0.3739692338341849,0.3788416606324629,2.764791118569941,1.0,,,,,0.24056115359324404,test,1,0.17733889818191528,,,,,0.0,0.31239807321221
E_1_073,E,1,24.28156725502881,23.249235970404015,1.314734881269707,1.6024991414326277,2.3612732232993947,0.9876056774901268,,,,,0.5537875266355933,test,1,0.00039694749284535646,,,,,0.0,0.3643718987400364
E_1_074,E,1,115.26167055612933,33.17644756858586,0.3666404241662766,0.7589517232430393,3.4264117242468295,1.0,,,,,0.3068678683738032,test,1,0.008797039277851582,,,,,0.0,0.2850428657141866
E_1_075,E,1,47.40565621173501,41.92361057088368,0.45116044822114065,0.1880702265751187,3.366805967643198,0.9933153328023248,,,,,0.5642911298891576,test,1,0.09248775988817215,,,,,0.0,0.3975726972575821
E_1_076,E,1,37.63240779731643,73.59529975639748,0.5428930697053452,1.0033984598139625,3.1226788272304615,0.9979727435703539,,,,,0.21553576908875793,test,1,0.03895174711942673,,,,,0.0,0.2615916526919707
E_1_077,E,1,10.318025614023869,20.73072067338002,0.26589490869769883,0.6110203196620523,3.353758718033063,0.9995571486186009,,,,,0.31528789455349737,test,1,0.36640557646751404,,,,,0.0,0.3950973890896516
E_1_078,E,1,72.60700828347234,21.944948974221294,0.5907895475575198,0.3526370519397632,3.3113601730945668,0.9932321263256277,,,,,0.053242047702960815,test,1,0.06439630687236786,,,,,0.0,0.2115123656351725
E_1_079,E,1,114.77509174526722,35.752804852618006,1.033418386241752,0.639769955807517,4.135883939983919,1.0,,,,,0.10441038405770509,test,1,0.5823709964752197,,,,,0.0,0.3862549333627627
E_1_080,E,1,108.02372849856008,131.8250470226182,0.35888114564306295,0.8818074151285504,2.307560869473509,1.0,,,,,0.4735010759788053,test,1,0.19740018248558044,,,,,0.0,0.399945431338256
E_1_081,E,1,127.7291190850371,37.54618259473324,0.29841951063051503,0.6749293239159949,2.912660236055382,0.9886763603697857,,,,,0.7207298436279223,test,1,0.019903304055333138,,,,,0.0,0.428320736441319
E_1_082,E,1,146.95986043320667,96.10281350081114,0.7624074776661942,0.5949328575772729,3.202231633628359,1.0,,,,,0.08199781360479175,test,1,0.4936351180076599,,,,,0.0,0.35178977016397506
E_1_083,E,1,141.56586574692238,74.1333786226002,0.39321161767246743,0.5062829846052609,3.335967990914302,0.9760467171706786,,,,,0.08575001354260292,test,1,0.3569958508014679,,,,,0.0,0.3046351706958262
E_1_084,E,1,70.32072955060768,83.37662216754063,1.1212314200852265,0.6186178944890549,1.7398118642376104,0.9990065070978693,,,,,0.6176976590134902,test,1,0.0014696625294163823,,,,,0.0,0.39124599274192373
E_1_085,E,1,94.29858066066834,98.55013475632059,0.4540064977016136,0.7862308783727804,2.790805309628765,1.0,,,,,0.7204330819309622,test,1,0.06989692896604538,,,,,0.0,0.44812065736565043
E_1_086,E,1,109.01615594760814,123.39961900817144,0.6743636187438007,1.0822339031952315,1.8604371766924779,0.9652228344736828,,,,,0.3019373111200291,test,1,0.10901954025030136,,,,,0.0,0.3024853164743414
E_1_087,E,1,128.8173083325508,11.884833329831974,0.44024051472285464,1.2083587464293983,2.5094090116371937,0.9990844560698022,,,,,0.4761132221122756,test,1,0.2361321896314621,,,,,0.0,0.4121016417233609
E_0_000,E,0,4.224482223047005,32.25239550848815,0.5592181143674357,0.4430035174982662,0.7512093339355947,0.9900915140577569,,,,,,test,0,0.4136952240020037,,,,,0.0,0.12287883920718201
E_0_001,E,0,110.54708094525256,13.823368067337755,0.2033232188135509,0.37363513651292324,1.7303766468681734,0.9865711479758589,,,,,,test,0,0.40475737322121863,,,,,0.0,0.11979658390516523
E_0_002,E,0,68.26469950125048,136.3261802252824,0.4914157701791526,0.24286897908181315,1.2017230484179826,1.0,,,,,,test,0,0.4180113207548857,,,,,0.0,0.1254033962264657
E_0_003,E,0,25.290284194558964,30.207057104388536,0.28632484170919215,0.8154453085527862,0.4352019952926548,0.9992054657625062,,,,,,test,0,0.4040622983127833,,,,,0.0,0.121122377094808
E_0_004,E,0,31.17810666290734,119.53398173012886,0.5189189599431252,0.9056828167346613,1.4264079517656079,1.0,,,,,,test,0,0.4626799881458283,,,,,0.0,0.13880399644374847
E_0_005,E,0,139.15614818648277,48.51375724129412,0.3084304485594795,0.2668273912472052,1.3414036821415742,0.9800148325917404,,,,,,test,0,0.4579416960477829,,,,,0.0,0.13463689637671367
E_0_006,E,0,13.301101854541741,85.71159483577875,0.34435761946550464,0.4516006671825878,1.2994145830862889,0.9703337213304537,,,,,,test,0,0.4379425957798958,,,,,0.0,0.12748514060766747
E_0_007,E,0,95.00795103447976,60.29721780381918,0.3271691817470735,0.3941887868553903,1.2438095858291351,0.9552927141292877,,,,,,test,0,0.4434803515672684,,,,,0.0,0.12709606461351194
E_0_008,E,0,59.74385974454191,41.26753235587781,0.44143415675794934,1.4166201433896892,0.9864832025631117,0.9846907956391312,,,,,,test,0,0.47831563949584965,,,,,0.0,0.1412979022865424
E_0_009,E,0,96.94446850923224,57.98625289200518,1.032414800854357,1.1838629344897944,1.3370693966295857,1.0,,,,,,test,0,0.4775234937667847,,,,,0.0,0.1432570481300354
E_0_010,E,0,27.060225027911187,32.26678812697668,1.5486458524477786,0.5863430680675277,0.27354362180084824,0.9779091432049739,,,,,,test,0,0.41585242301225667,,,,,0.0,0.12199976600628848
E_0_011,E,0,124.06807311069907,113.99599146548323,1.3113076592078743,1.540420009310051,1.2809248205049768,0.9988680171751513,,,,,,test,0,0.4671594560146332,,,,,0.0,0.1399891918601877
E_0_012,E,0,10.192695025816189,130.8730674895079,1.1239628651858,0.9288799617874384,0.6485641320276712,1.0,,,,,,test,0,0.4054892033338547,,,,,0.0,0.1216467610001564
E_0_013,E,0,82.56706579781834,130.7447176327945,0.8876238889893453,0.2975690723883452,1.80086188842606,1.0,,,,,,test,0,0.4464104324579239,,,,,0.0,0.13392312973737716
E_0_014,E,0,97.18784579325464,68.57011805919407,0.9096181245425066,0.7072749501237922,1.5844729006673435,0.9893803774390079,,,,,,test,0,0.419938325881958,,,,,0.0,0.124643621808659
E_0_015,E,0,39.79243755855453,69.826063886798,0.6305810545147318,0.6185969395997694,1.761824658026058,1.0,,,,,,test,0,0.5190262883901596,,,,,0.0,0.1557078865170479
E_0_016,E,0,44.644438949134845,43.67449491075451,1.3808746185040042,0.6941007239680694,0.4855642785574963,0.9907502972503969,,,,,,test,0,0.44621229320764544,,,,,0.0,0.13262548863967677
E_0_017,E,0,37.35340329619338,147.25415069940064,1.1251515970573638,0.36690557050704975,0.35965721146506,0.9923486097204868,,,,,,test,0,0.43671470731496814,,,,,0.0,0.13001196979454938
E_0_018,E,0,36.40427581251412,3.5754572156277806,0.5132357950967811,0.1702040958000802,1.1360666407606503,1.0,,,,,,test,0,0.40934707038104534,,,,,0.0,0.1228041211143136
E_0_019,E,0,15.947357070754203,82.16398286096239,0.5277962826807278,1.1346214680814033,0.8171533281127897,0.9969933634373119,,,,,,test,0,0.4425519496202469,,,,,0.0,0.13236640702428892
E_0_020,E,0,40.474626190222175,100.79981006684197,0.483519647574009,0.8559217259612062,1.9082576141689833,1.0,,,,,,test,0,0.4304702430963516,,,,,0.0,0.12914107292890548
E_0_021,E,0,146.24551774988046,81.70944538925221,0.44240529705769216,0.9690497983569413,0.21501446584003314,0.9848242293133499,,,,,,test,0,0.40086700359825045,,,,,0.0,0.11843506136273965
E_0_022,E,0,110.79599300754238,29.80897393076227,1.748530063164579,1.310123135247809,0.30092567215498245,0.9709353322486444,,,,,,test,0,0.4168883960694075,,,,,0.0,0.12143150200447636
E_0_023,E,0,23.339437382388013,49.859511420923425,0.8325763415263546,0.7335067189074108,1.0264254741187782,1.0,,,,,,test,0,0.4025706796906889,,,,,0.0,0.12077120390720666
E_0_024,E,0,96.97049509352519,45.25505835060584,1.6241721647874097,0.842932319850068,0.469617409462151,1.0,,,,,,test,0,0.45926301926374435,,,,,0.0,0.1377789057791233
E_0_025,E,0,24.654190847667827,49.49174197742184,0.6417579499562192,0.5489362728951147,0.40380880587398293,0.9603638603811903,,,,,,test,0,0.43472802191972737,,,,,0.0,0.12524912440401242
E_0_026,E,0,139.42124647184295,133.42014796294336,1.2856776271955186,0.7257501355369361,0.1,0.9698816646472582,,,,,,test,0,0.40156584596261385,,,,,0.0,0.11684140534431131
E_0_027,E,0,69.93786246504635,67.7619743492525,0.673941823698393,0.4318804610415923,0.44943998122418516,1.0,,,,,,test,0,0.43375092893838885,,,,,0.0,0.13012527868151666
E_0_028,E,0,35.89871270919178,134.1692059035567,0.9782256775957741,0.5586708723750778,1.9948634915051506,0.9880989662505064,,,,,,test,0,0.40736773367971185,,,,,0.0,0.12075589095982046
E_0_029,E,0,126.90600090965567,135.22830146486118,0.5084323065045436,0.6040149440846532,1.534083664802528,1.0,,,,,,test,0,0.4498103603720665,,,,,0.0,0.13494310811161994
E_0_030,E,0,17.550450683836665,82.6105911844278,0.4904248202152733,0.3813619795138672,1.6134115280916848,0.966964886814639,,,,,,test,0,0.4549453511834145,,,,,0.0,0.13197485400417497
E_0_031,E,0,77.94120636103047,83.97395366169414,0.40320574017906124,0.895358264680639,0.7407919855551179,0.9815258606744997,,,,,,test,0,0.4616509854793549,,,,,0.0,0.13593671425615642
E_0_032,E,0,107.56145768119913,65.66086613547743,0.9353926010855459,1.1698958653563771,1.1010454167956631,1.0,,,,,,test,0,0.41764545515179635,,,,,0.0,0.1252936365455389
E_0_033,E,0,18.833284911291887,85.68387815335528,0.7512727817949267,0.4767045693811049,1.1375441527852037,0.9988424615604571,,,,,,test,0,0.4596596464514733,,,,,0.0,0.1377382718224797
E_0_034,E,0,116.35317267612508,19.918090875620237,0.4332559888882884,0.41190786394756324,1.2432593169383295,1.0,,,,,,test,0,0.4156165048480034,,,,,0.0,0.124684951454401
E_0_035,E,0,84.33934505958352,61.59652699587424,0.7612265667165533,1.1295353618823927,1.378731906044555,1.0,,,,,,test,0,0.4527507945895195,,,,,0.0,0.13582523837685584
E_0_036,E,0,40.89166729755443,143.76649963785707,0.5495002752644733,0.33807045032617344,0.7392001107525747,0.9695953224964653,,,,,,test,0,0.45522892326116565,,,,,0.0,0.13241635039773855
E_0_037,E,0,62.05218580086232,18.763007032553876,0.6603028211337103,0.31560467563691386,0.6317166771442237,0.9902637754200286,,,,,,test,0,0.528945928812027,,,,,0.0,0.15713879773753545
E_0_038,E,0,15.386897766197476,120.71779647146532,0.47412184583670564,0.4290802021660434,0.7177905429804494,0.9947054650093594,,,,,,test,0,0.42876692414283757,,,,,0.0,0.1279490407980402
E_0_039,E,0,6.0556723542394,83.56463647151526,1.2196484908534342,0.3201387748233442,1.302052658381788,0.9941809355065919,,,,,,test,0,0.49638191759586336,,,,,0.0,0.14804803176120343
E_0_040,E,0,134.0307955327539,77.8533847555935,0.7159408525939936,0.45334801256179486,1.2435175847868816,0.9818430534333749,,,,,,test,0,0.419898396730423,,,,,0.0,0.12368229719327314
E_0_041,E,0,146.3073303103116,104.9818076680475,0.4665987340788121,1.1688050836768804,0.5452928098602645,1.0,,,,,,test,0,0.4404209837317467,,,,,0.0,0.132126295119524
E_0_042,E,0,140.32389697919444,84.27592684643889,0.5801024967012581,1.6752985899937602,1.0644361848611439,0.9732992227678131,,,,,,test,0,0.40036796401254837,,,,,0.0,0.11690334845836352
E_0_043,E,0,4.3100259001615235,140.43716884782276,0.1874434454394497,1.1715120450098926,0.5626877965447197,1.0,,,,,,test,0,0.4082073947414756,,,,,0.0,0.12246221842244268
E_0_044,E,0,38.275609713114775,77.13280232418003,0.5213625092572551,0.6782013092917801,1.4019737993261892,1.0,,,,,,test,0,0.40431429268792274,,,,,0.0,0.12129428780637681
E_0_045,E,0,18.500005890333515,67.63268335092893,0.7803065426094202,0.6038606800963728,0.12486479637082881,1.0,,,,,,test,0,0.4089538021013141,,,,,0.0,0.12268614063039422
E_0_046,E,0,63.54726735699993,48.68983017334968,0.8744960226307804,0.6084062899904281,1.0798071932897324,0.9850699403595972,,,,,,test,0,0.510642883181572,,,,,0.0,0.15090568634421717
E_0_047,E,0,28.263258541991636,53.92387463834816,0.7196002861549552,0.3010829717020651,1.2605292722673183,0.9815203360193604,,,,,,test,0,0.49955440759658815,,,,,0.0,0.14709684300124673
E_0_048,E,0,31.688864666099796,46.68392469868443,0.3808168478459833,0.5987490731559321,0.5159650798491291,0.9814377566074993,,,,,,test,0,0.45131994336843495,,,,,0.0,0.13288272981952215
E_0_049,E,0,37.361362999628945,57.42324298817945,1.0870717797538674,0.5973595167828817,1.1154637568004406,0.9914463617155862,,,,,,test,0,0.4542122140526772,,,,,0.0,0.13509811412079237
