roi_id,wafer,z_star,U_star,Direct_pred_label,Direct_U_pred,Student_pred_label,Student_U_pred,Teacher_pred_label,Teacher_U_pred,Student_Psub_pred,Student_P_normal_pred,Student_P_surface_pred,Student_P_subsurface_pred
A_2_000,A,2,0.6254,2,-0.0488,2,0.5302828072308216,2,0.6954,0.9999996423721312,1.6394859869706124e-07,1.9145262797337642e-07,0.9999996423721312
A_2_001,A,2,0.7617,2,0.0258,2,0.7562024451911326,2,0.7032,0.4739443063735962,0.0721114054322242,0.4539442956447601,0.4739443063735962
A_2_002,A,2,0.7776,2,0.8825,1,0.7851856724866112,2,0.7314,0.2061766535043716,0.0285182688385248,0.7653051018714905,0.2061766535043716
A_2_003,A,2,0.7408,2,1.4355,2,0.696169911650445,2,0.7648,0.4106490015983581,0.1987020075321197,0.3906489908695221,0.4106490015983581
A_2_004,A,2,0.7238,2,0.8085,2,0.6654122434801865,2,0.7045,0.4392148852348327,0.3481093943119049,0.2126757055521011,0.4392148852348327
A_2_005,A,2,0.6251,2,0.6807,2,0.3842641777770008,2,0.5188,0.434899091720581,0.2444027662277221,0.3206981420516968,0.434899091720581
A_2_006,A,2,0.6868,1,0.9022,2,0.5059592911514764,2,0.7422,0.9999895095825196,6.389628197212005e-06,4.080818143847864e-06,0.9999895095825196
A_2_007,A,2,0.8068,0,0.5603,2,0.943706906672462,0,0.8624,0.999998927116394,2.665782119493088e-07,7.477347594431194e-07,0.999998927116394
A_2_008,A,2,0.8495,0,1.2901,2,0.969372229781302,2,0.7842,0.9999741315841676,2.552959301738156e-07,2.565673094068188e-05,0.9999741315841676
A_2_009,A,2,0.7531,1,0.431,2,0.8341230242889568,2,0.7603,0.9999997615814208,4.7405954717305584e-09,1.987302340467068e-07,0.9999997615814208
A_2_010,A,2,0.7549,1,0.0025,2,0.8003097915866244,2,0.7332,0.9999997615814208,3.524466052340358e-08,2.211596239476421e-07,0.9999997615814208
A_2_011,A,2,0.5829,2,0.5741,2,0.5395264307033748,2,0.6326,0.6132016777992249,0.0621382668614387,0.3246600329875946,0.6132016777992249
A_2_012,A,2,0.6963,1,0.5992,2,0.8693654127723688,2,0.8202,0.9999561309814452,3.4147437872888986e-06,4.051194991916418e-05,0.9999561309814452
A_2_013,A,2,0.751,2,0.6836,2,0.9245761214457802,2,0.7665,0.999963879585266,2.3267507458513137e-06,3.380377893336117e-05,0.999963879585266
A_2_014,A,2,0.6901,1,0.431,2,0.8341230242889568,2,0.7603,0.9999997615814208,4.7405954717305584e-09,1.987302340467068e-07,0.9999997615814208
A_2_015,A,2,0.752,2,1.1894,2,0.7476761444680765,2,0.7598,0.7731359601020813,0.0088892132043838,0.2179748564958572,0.7731359601020813
A_2_016,A,2,0.7681,2,1.1448,2,0.5144438006804269,2,0.6067,0.9988818764686584,0.0002672972623258,0.0008507791790179,0.9988818764686584
A_2_017,A,2,0.8375,2,1.1721,1,0.4786525603431199,2,0.6051,0.0078469421714544,0.4484326243400574,0.5437204241752625,0.0078469421714544
A_2_018,A,2,0.6772,2,1.0783,2,0.8400073737223936,2,0.7815,1.0,1.6802868429977025e-08,3.932561654096389e-08,1.0
A_2_019,A,2,0.6822,2,-0.4002,2,0.8281714955297916,2,0.7481,0.9999974966049194,1.2230677270963497e-07,2.4274515908473404e-06,0.9999974966049194
A_2_020,A,2,0.7505,2,0.8628,2,0.5448779841983655,2,0.6494,0.999995231628418,4.768184226122685e-06,1.873559085652232e-10,0.999995231628418
A_2_021,A,2,0.665,1,0.431,2,0.8341230242889568,2,0.7603,0.9999997615814208,4.7405954717305584e-09,1.987302340467068e-07,0.9999997615814208
A_2_022,A,2,0.6277,2,1.1173,2,0.9014200803743012,2,0.7903,0.9999754428863524,1.5118808732950129e-05,9.467634299653582e-06,0.9999754428863524
A_2_023,A,2,0.8356,2,0.291,2,0.6144659930243626,1,0.7169,0.6833266615867615,0.0210416875779628,0.2956316471099853,0.6833266615867615
A_2_024,A,2,0.8005,2,1.2737,2,0.5353310239203093,2,0.6505,0.4428436160087585,0.1343127638101577,0.4228436350822449,0.4428436160087585
A_2_025,A,2,0.7536,2,1.2705,2,0.9039234265869748,2,0.7967,0.7646782398223877,0.0104991700500249,0.2248225957155227,0.7646782398223877
A_2_026,A,2,0.793,2,0.2933,2,0.656492257250817,2,0.6472,0.4358002543449402,0.3302334249019623,0.2339663356542587,0.4358002543449402
A_2_027,A,2,0.6333,0,0.0817,2,0.8159479315391627,2,0.7799,0.999994158744812,3.570329909052816e-06,2.229936399089638e-06,0.999994158744812
A_2_028,A,2,0.8254,0,1.0494,2,0.5607485426904775,2,0.6808,0.4658473432064056,0.0883053392171859,0.4458473324775696,0.4658473432064056
A_2_029,A,2,0.7112,2,1.4355,2,0.696169911650445,2,0.7648,0.4106490015983581,0.1987020075321197,0.3906489908695221,0.4106490015983581
A_2_030,A,2,0.827,2,0.788,2,0.8186121316197856,2,0.7413,0.9999240636825562,5.832771421410144e-05,1.762578722264152e-05,0.9999240636825562
A_2_031,A,2,0.6565,1,1.2021,2,0.598043654222693,2,0.648,0.4184344708919525,0.1831310391426086,0.3984344899654388,0.4184344708919525
A_2_032,A,2,0.6964,2,0.291,2,0.6144659930243626,1,0.7169,0.6833266615867615,0.0210416875779628,0.2956316471099853,0.6833266615867615
A_2_033,A,2,0.6108,2,-0.0867,2,0.8945537027063228,2,0.8051,0.9999961853027344,1.3832139700298285e-07,3.70346810996125e-06,0.9999961853027344
A_2_034,A,2,0.8669,2,0.4333,2,0.5929667264701861,2,0.6846,0.4401796162128448,0.1396407485008239,0.4201796352863312,0.4401796162128448
A_2_035,A,2,0.789,1,0.4049,2,0.9600884596486592,2,0.9259,0.9999592304229736,6.771939297323115e-06,3.397542968741618e-05,0.9999592304229736
A_2_036,A,2,0.7644,1,0.5603,2,0.7684470631231898,2,0.7462,0.9996875524520874,0.0001078257337212,0.0002046680310741,0.9996875524520874
A_2_037,A,2,0.6981,1,1.2147,2,0.7914943575693946,2,0.7251,0.8949156999588013,0.0078140208497643,0.0972702875733375,0.8949156999588013
A_2_038,A,2,0.7854,1,0.9344,2,0.5785830082289345,2,0.6392,0.4126394987106323,0.1947209984064102,0.3926394879817962,0.4126394987106323
A_2_039,A,2,0.7064,2,0.8578,2,0.5683276928143921,2,0.68,0.9986373782157898,0.0012973066186532,6.530038808705285e-05,0.9986373782157898
A_2_040,A,2,0.7905,2,0.929,2,0.718152597111756,2,0.7068,0.4307559132575989,0.1584881693124771,0.4107559025287628,0.4307559132575989
A_2_041,A,2,0.8483,1,0.7316,2,0.95999369932516,2,0.7291,0.4258549511432647,0.1682901084423065,0.4058549404144287,0.4258549511432647
A_2_042,A,2,0.7077,2,0.3834,2,0.5740093758656207,2,0.6321,0.4438941776752472,0.1322116702795028,0.4238941669464111,0.4438941776752472
A_2_043,A,2,0.652,2,0.9481,2,0.8250568412364913,2,0.704,0.4246560633182525,0.1770829111337661,0.39826101064682,0.4246560633182525
A_2_044,A,2,0.7415,1,0.5831,2,0.9336104799817088,2,0.7987,0.9999980926513672,1.875807242868177e-07,1.672751523074112e-06,0.9999980926513672
A_2_045,A,2,0.6267,2,0.8825,1,0.7851856724866112,2,0.7314,0.2061766535043716,0.0285182688385248,0.7653051018714905,0.2061766535043716
A_2_046,A,2,0.672,2,1.0839,2,0.5268831545083683,2,0.5999,0.9998421669006348,1.3488898730429357e-05,0.0001443578221369,0.9998421669006348
A_2_047,A,2,0.7351,1,1.0114,2,0.8302132718623759,2,0.7197,0.8047940135002136,0.0027078094426542,0.1924981772899627,0.8047940135002136
A_2_048,A,2,0.7285,2,0.4507,2,0.8096089723107146,2,0.7273,0.9890534281730652,0.0003755383659154,0.0105710523203015,0.9890534281730652
A_2_049,A,2,0.7079,2,0.4333,2,0.5929667264701861,2,0.6846,0.4401796162128448,0.1396407485008239,0.4201796352863312,0.4401796162128448
A_2_050,A,2,0.7269,2,0.6836,2,0.9245761214457802,2,0.7665,0.999963879585266,2.3267507458513137e-06,3.380377893336117e-05,0.999963879585266
A_2_051,A,2,0.7599,2,0.0352,2,0.6969291003857604,2,0.6903,0.9999994039535522,9.440829273899001e-08,4.960851924806775e-07,0.9999994039535522
A_2_052,A,2,0.7357,2,0.2283,2,0.6204491221446372,2,0.7191,0.6162585616111755,0.0086944047361612,0.3750470578670501,0.6162585616111755
A_2_053,A,2,0.7721,2,0.431,2,0.6828735520878774,2,0.677,0.9999303817749025,4.4697433622786775e-05,2.486930497980211e-05,0.9999303817749025
A_2_054,A,2,0.7675,2,0.6907,0,0.6750408000022726,2,0.7026,0.2179549187421798,0.4110225439071655,0.3710225522518158,0.2179549187421798
A_2_055,A,2,0.7313,2,-0.0867,2,0.8945537027063228,2,0.8051,0.9999961853027344,1.3832139700298285e-07,3.70346810996125e-06,0.9999961853027344
A_2_056,A,2,0.7041,2,0.3338,2,0.8403500919795834,2,0.7259,0.4260769784450531,0.2618088126182556,0.3121141791343689,0.4260769784450531
A_2_057,A,2,0.644,0,0.4217,2,0.4728891814876703,1,0.6882,0.9999992847442628,6.357423671943252e-07,1.2246457004039257e-07,0.9999992847442628
A_1_000,A,1,0.2976,1,0.5565,1,0.3516151980420204,1,0.424,0.0104654375463724,0.0049999952316284,0.9845345616340636,0.0104654375463724
A_1_001,A,1,0.2153,2,0.9599,1,0.3055119824979364,1,0.3451,0.1450936049222946,0.0049999998882412,0.8499063849449158,0.1450936049222946
A_1_002,A,1,0.5159,1,0.0934,1,0.2565435568115892,1,0.2891,0.2464143186807632,0.0049999998882412,0.7485857009887695,0.2464143186807632
A_1_003,A,1,0.3768,2,0.2849,0,0.2458772113151898,1,0.2583,3.636444671428762e-05,0.9999629259109496,6.623787385251489e-07,3.636444671428762e-05
A_1_004,A,1,0.418,1,1.1808,2,0.4272877432440755,1,0.5217,0.9319691061973572,3.665837056132659e-08,0.0680308565497398,0.9319691061973572
A_1_005,A,1,0.4939,0,0.3173,1,0.3374827952888666,1,0.4576,0.0001124843402067,2.2259860088524874e-06,0.9998852014541626,0.0001124843402067
A_1_006,A,1,0.4895,1,-0.7721,1,0.2483223623031341,1,0.1836,8.04006340331398e-05,3.1874014894128777e-07,0.9999191761016846,8.04006340331398e-05
A_1_007,A,1,0.243,1,0.8491,1,0.3658827875224608,1,0.4191,0.0002116242540068,6.78609512760886e-06,0.9997815489768982,0.0002116242540068
A_1_008,A,1,0.2695,2,0.5223,1,0.3311959910702538,0,0.3856,7.120608529476158e-07,2.565645829122332e-08,0.9999992847442628,7.120608529476158e-07
A_1_009,A,1,0.1893,2,-0.2751,1,0.2910777929158057,1,0.2721,0.0011939355172216,4.176364745944738e-05,0.9987642765045166,0.0011939355172216
A_1_010,A,1,0.4588,1,0.4238,1,0.4022884565065585,1,0.5272,0.1812124848365783,0.0049999998882412,0.8137875199317932,0.1812124848365783
A_1_011,A,1,0.1694,1,0.7293,1,0.1673998573739082,1,0.2265,9.019096069096122e-06,1.7031090465025045e-05,0.9999738931655884,9.019096069096122e-06
A_1_012,A,1,0.1913,1,0.858,1,0.1626794022163414,1,0.1388,0.2631146609783172,0.0049999998882412,0.7318853139877319,0.2631146609783172
A_1_013,A,1,0.4698,1,-0.3088,1,0.3103584033656499,1,0.3458,0.0003060718008782,6.281991227297112e-05,0.99963116645813,0.0003060718008782
A_1_014,A,1,0.3534,1,0.8491,1,0.3658827875224608,1,0.4191,0.0002116242540068,6.78609512760886e-06,0.9997815489768982,0.0002116242540068
A_1_015,A,1,0.3044,2,1.1378,1,0.2497570438657502,1,0.362,0.3869907259941101,0.0049999998882412,0.6080092787742615,0.3869907259941101
A_1_016,A,1,0.2545,2,0.2158,1,0.473988335494343,1,0.515,0.101128339767456,0.0049999952316284,0.8938716650009155,0.101128339767456
A_1_017,A,1,0.2668,1,0.0479,1,0.6166701821010855,1,0.6595,0.0001470053539378,8.840746158966795e-05,0.999764621257782,0.0001470053539378
A_1_018,A,1,0.1836,1,0.6331,0,0.2322086259438202,1,0.291,0.2008275687694549,0.4195862114429474,0.3795862197875976,0.2008275687694549
A_1_019,A,1,0.4532,1,-0.3088,1,0.3103584033656499,1,0.3458,0.0003060718008782,6.281991227297112e-05,0.99963116645813,0.0003060718008782
A_1_020,A,1,0.2259,1,1.2341,1,0.2706570382324642,1,0.2992,0.2849559783935547,0.0049999998882412,0.7100440263748169,0.2849559783935547
A_1_021,A,1,0.2868,1,-0.7165,1,0.4345549501699249,1,0.4975,0.0011398036731407,4.910019924864173e-05,0.99881112575531,0.0011398036731407
A_1_022,A,1,0.4506,1,0.0934,1,0.2565435568115892,1,0.2891,0.2464143186807632,0.0049999998882412,0.7485857009887695,0.2464143186807632
A_1_023,A,1,0.4139,0,-0.728,1,0.5497695758716494,1,0.5277,7.172754521889146e-06,0.0049999952316284,0.9949928522109984,7.172754521889146e-06
A_1_024,A,1,0.329,1,0.4493,1,0.2582831438551907,1,0.3064,7.420762995025143e-05,0.0001188821624964,0.9998069405555724,7.420762995025143e-05
A_1_025,A,1,0.3688,1,0.4435,1,0.5596724705122031,1,0.5663,0.0005543621955439,7.31709660612978e-05,0.9993725419044496,0.0005543621955439
A_1_026,A,1,0.4052,2,-0.3104,1,0.2773975401693176,1,0.3281,4.800872193300165e-05,3.470380249837035e-07,0.9999516010284424,4.800872193300165e-05
A_1_027,A,1,0.3982,2,0.889,1,0.1465091153700208,1,0.1337,0.0001584179408382,0.0003240796504542,0.9995174407958984,0.0001584179408382
A_1_028,A,1,0.3012,1,-0.2992,1,0.3174824359812943,1,0.3951,0.0002591257507447,0.0049999952316284,0.994740903377533,0.0002591257507447
A_1_029,A,1,0.3865,1,0.7324,1,0.3216270276643494,1,0.417,0.4661484658718109,0.0049999998882412,0.5288515090942383,0.4661484658718109
A_1_030,A,1,0.3657,2,0.5474,1,0.4608499395120703,1,0.4532,0.0020423925016075,0.0014780381461605,0.9964796900749208,0.0020423925016075
A_1_031,A,1,0.3792,0,0.3486,1,0.2658578994438635,1,0.3675,0.2748728990554809,0.0049999998882412,0.7201271057128906,0.2748728990554809
A_1_032,A,1,0.4201,1,0.3365,1,0.2409048817770149,1,0.3371,0.1783893257379531,0.0049999998882412,0.8166106939315796,0.1783893257379531
A_1_033,A,1,0.2697,1,0.858,1,0.1626794022163414,1,0.1388,0.2631146609783172,0.0049999998882412,0.7318853139877319,0.2631146609783172
A_1_034,A,1,0.4786,2,0.0718,2,0.3250629315193641,1,0.349,0.9763418436050416,0.0025999292265623,0.0210583135485649,0.9763418436050416
A_1_035,A,1,0.4858,2,-0.5577,1,0.313868092946543,1,0.3588,0.0056384848430752,0.0049999952316284,0.9893615245819092,0.0056384848430752
A_1_036,A,1,0.2336,0,-0.8534,1,0.273988015495419,1,0.2528,0.073308028280735,0.0158959962427616,0.9107959866523744,0.073308028280735
A_1_037,A,1,0.1946,1,0.0934,1,0.2565435568115892,1,0.2891,0.2464143186807632,0.0049999998882412,0.7485857009887695,0.2464143186807632
A_1_038,A,1,0.239,1,1.1808,2,0.4272877432440755,1,0.5217,0.9319691061973572,3.665837056132659e-08,0.0680308565497398,0.9319691061973572
A_1_039,A,1,0.4037,2,0.295,1,0.4413952310381911,1,0.4859,3.822140206466429e-05,1.4664354921478662e-06,0.9999603033065796,3.822140206466429e-05
A_1_040,A,1,0.3178,1,0.1727,1,0.2634016005745515,1,0.3083,0.0442066863179206,0.0002509940823074,0.9555423855781556,0.0442066863179206
A_1_041,A,1,0.5019,1,-0.1657,1,0.4133914298284264,1,0.4371,1.0265559922117973e-06,3.080353749851383e-08,0.999998927116394,1.0265559922117973e-06
A_1_042,A,1,0.3981,1,0.3859,1,0.2767227700745341,1,0.2602,0.3041768372058868,0.0049999952316284,0.6908231973648071,0.3041768372058868
A_1_043,A,1,0.3476,1,0.0785,1,0.3514911756384941,1,0.3877,0.000195868575247,0.0001909608690766,0.9996131062507628,0.000195868575247
A_1_044,A,1,0.258,1,0.4435,1,0.5596724705122031,1,0.5663,0.0005543621955439,7.31709660612978e-05,0.9993725419044496,0.0005543621955439
A_1_045,A,1,0.1995,0,-0.2644,1,0.294111338037017,1,0.3307,8.117151992337313e-06,5.595338279817952e-06,0.9999862909317015,8.117151992337313e-06
A_1_046,A,1,0.2079,2,-0.7408,1,0.103481902421281,1,0.1183,3.703418315126328e-06,2.514618699933635e-07,0.9999960660934448,3.703418315126328e-06
A_1_047,A,1,0.3334,1,-0.2437,1,0.075999579940597,1,0.1491,7.714573439443484e-05,3.034345127161941e-06,0.999919891357422,7.714573439443484e-05
A_1_048,A,1,0.4434,1,-1.1301,1,0.1314155190712482,1,0.1881,0.0596447885036468,0.0006461411830969,0.9397090673446656,0.0596447885036468
A_1_049,A,1,0.4661,1,0.1604,1,0.3403280243993214,1,0.4479,0.3911709785461426,0.0049999998882412,0.603829026222229,0.3911709785461426
A_1_050,A,1,0.1976,1,0.1727,1,0.2634016005745515,1,0.3083,0.0442066863179206,0.0002509940823074,0.9555423855781556,0.0442066863179206
A_1_051,A,1,0.3536,1,0.0785,1,0.3514911756384941,1,0.3877,0.000195868575247,0.0001909608690766,0.9996131062507628,0.000195868575247
A_1_052,A,1,0.4741,1,-0.4641,1,0.1477254046255894,1,0.1692,3.45684056810569e-05,5.305884769768454e-06,0.9999600648880004,3.45684056810569e-05
A_1_053,A,1,0.411,1,1.5014,1,0.2755700330067718,1,0.3845,0.1617581993341446,0.0049999998882412,0.8332418203353882,0.1617581993341446
A_1_054,A,1,0.333,1,0.9983,1,0.3016354850058412,1,0.3228,3.868003113893792e-05,1.328437247138936e-05,0.9999481439590454,3.868003113893792e-05
A_1_055,A,1,0.3612,1,0.0479,1,0.6166701821010855,1,0.6595,0.0001470053539378,8.840746158966795e-05,0.999764621257782,0.0001470053539378
A_1_056,A,1,0.5133,1,1.4178,2,0.2931225964537669,2,0.3024,0.9999949932098388,2.980660553930648e-07,4.670116595661966e-06,0.9999949932098388
A_1_057,A,1,0.3523,0,1.4409,1,0.4510537839984626,2,0.5336,0.187117725610733,0.0049999998882412,0.8078822493553162,0.187117725610733
A_1_058,A,1,0.2972,1,0.1923,1,0.4669589523603364,1,0.4489,0.3026646077632904,0.0031706148292869,0.6941648125648499,0.3026646077632904
A_1_059,A,1,0.4681,1,-0.0445,1,0.3675141493125183,1,0.4444,0.0001514676114311,4.294126483728178e-06,0.9998441934585572,0.0001514676114311
A_1_060,A,1,0.403,2,0.7734,1,0.4085227911281248,1,0.4637,0.3898607790470123,0.0049999998882412,0.6051391959190369,0.3898607790470123
A_1_061,A,1,0.2003,1,-0.1657,1,0.4133914298284264,1,0.4371,1.0265559922117973e-06,3.080353749851383e-08,0.999998927116394,1.0265559922117973e-06
A_1_062,A,1,0.4788,1,-0.5158,1,0.3069449907693623,1,0.308,0.4136570990085602,0.0005854454939253,0.5857574343681335,0.4136570990085602
A_1_063,A,1,0.3051,2,1.4969,1,0.4302004834166755,1,0.5084,9.84224971034564e-05,1.6751796465541702e-06,0.9998998641967772,9.84224971034564e-05
A_1_064,A,1,0.2027,2,-0.1602,1,0.3858710772824317,1,0.4272,2.983680496981833e-05,3.141215074720094e-06,0.999967098236084,2.983680496981833e-05
A_1_065,A,1,0.3638,2,0.6204,1,0.261157851158923,1,0.3311,0.1611381769180297,0.0049999998882412,0.8338618278503418,0.1611381769180297
A_1_066,A,1,0.2055,1,0.6646,1,0.2911720695295784,1,0.3403,0.1850959211587906,0.0049999998882412,0.8099040985107422,0.1850959211587906
A_1_067,A,1,0.3196,1,0.3365,1,0.2409048817770149,1,0.3371,0.1783893257379531,0.0049999998882412,0.8166106939315796,0.1783893257379531
A_1_068,A,1,0.2436,1,0.6269,1,0.569835533436626,1,0.532,0.0078862477093935,0.0028344083111733,0.989279329776764,0.0078862477093935
A_1_069,A,1,0.1923,2,-0.3925,1,0.3561831816124157,1,0.4454,1.3091022083244752e-05,1.4833553905191366e-06,0.9999854564666748,1.3091022083244752e-05
A_1_070,A,1,0.3014,1,-0.438,1,0.2557637192654914,1,0.2715,0.0014981975546106,1.813870585465338e-05,0.9984837174415588,0.0014981975546106
A_1_071,A,1,0.3057,2,0.0687,1,0.488233545496449,1,0.5139,2.3160979253589176e-05,8.97570885172172e-07,0.9999759197235109,2.3160979253589176e-05
A_1_072,A,1,0.3239,1,0.3326,1,0.3275232309983867,1,0.3796,1.2264298732134193e-07,1.205677224724866e-09,0.9999998807907104,1.2264298732134193e-07
A_0_000,A,0,0.12,0,0.4476,0,0.1793270295141575,0,0.1136,0.0049691624008119,0.9842208623886108,0.0108099319040775,0.0049691624008119
A_0_001,A,0,0.117,0,0.0156,0,0.065207661106797,0,-0.0228,0.0654632747173309,0.4872683584690094,0.4472683668136596,0.0654632747173309
A_0_002,A,0,0.1192,0,0.476,0,0.2290946833202622,0,0.2751,0.0001394207065459,0.9989181756973268,0.0009423821466043,0.0001394207065459
A_0_003,A,0,0.1151,0,-0.3192,0,0.2236004931913422,0,0.2965,0.0235291495919227,0.8699581027030945,0.1065127402544021,0.0235291495919227
A_0_004,A,0,0.1171,0,0.2958,0,0.1884414897634997,0,0.0794,0.0174920968711376,0.5039612054824829,0.478546679019928,0.0174920968711376
A_0_005,A,0,0.12,0,1.137,0,0.2146379162673593,0,0.1839,0.0001403930946253,0.9946858882904052,0.0051736864261329,0.0001403930946253
A_0_006,A,0,0.12,0,0.4186,0,0.1278666624642961,0,0.0328,0.240794837474823,0.6974916458129883,0.0617134869098663,0.240794837474823
A_0_007,A,0,0.12,0,0.8239,0,0.1147747723433384,0,0.113,0.0827897787094116,0.91221022605896,0.0049999998882412,0.0827897787094116
A_0_008,A,0,0.1167,0,-0.0798,0,0.102840683696192,0,0.1642,0.0425976663827896,0.4987011551856994,0.4587011635303497,0.0425976663827896
A_0_009,A,0,0.12,0,-0.5653,0,0.1217665289651147,0,-0.0091,1.9628050722531043e-05,0.9990750551223756,0.0009052980458363,1.9628050722531043e-05
A_0_010,A,0,0.12,1,0.6053,0,0.2167783205712657,0,0.2416,2.304114241269417e-05,0.99861741065979,0.0013594586635008,2.304114241269417e-05
A_0_011,A,0,0.1198,0,0.5875,0,0.2253339180239094,0,0.2662,8.03949433247908e-07,0.60808265209198,0.3919165730476379,8.03949433247908e-07
A_0_012,A,0,0.12,0,0.3383,0,0.1982290705294559,0,0.1831,0.0114105846732854,0.9135017395019532,0.0750876739621162,0.0114105846732854
A_0_013,A,0,0.12,0,-0.6168,0,0.1676665657163532,0,0.1349,0.0833029150962829,0.4783485531806946,0.4383485317230224,0.0833029150962829
A_0_014,A,0,0.1198,0,-0.1796,0,0.1722511320843845,0,0.0593,0.0578752160072326,0.7052435278892517,0.2368812412023544,0.0578752160072326
A_0_015,A,0,0.1186,1,0.1591,0,0.0719500304728513,0,0.0099,0.0633279234170913,0.4883360266685486,0.4483360350131988,0.0633279234170913
A_0_016,A,0,0.1164,0,0.3668,0,0.0611813981849583,0,-0.0304,1.684284688963089e-05,0.9999431371688844,4.009485928690992e-05,1.684284688963089e-05
A_0_017,A,0,0.1194,0,-0.2007,0,0.1951387646564149,0,0.1841,0.0001105854462366,0.9935948252677916,0.0062945787794888,0.0001105854462366
A_0_018,A,0,0.118,0,-0.1458,0,0.0780799418790197,0,-0.0099,0.1064776256680488,0.4667612016201019,0.4267611801624298,0.1064776256680488
A_0_019,A,0,0.12,0,-0.1137,0,0.1286776283203941,0,0.169,0.0456387102603912,0.8434195518493652,0.1109417080879211,0.0456387102603912
A_0_020,A,0,0.12,0,0.7688,0,0.212555763681837,0,0.1236,0.1764443218708038,0.8058761954307556,0.0176794677972793,0.1764443218708038
A_0_021,A,0,0.117,0,0.4378,0,0.05756181125732,0,0.0637,5.299149563597893e-09,0.9999998807907104,8.450515309732509e-08,5.299149563597893e-09
A_0_022,A,0,0.1169,0,-0.0308,0,0.1649278014845702,0,0.1575,0.0937719494104385,0.8091609477996826,0.0970670655369758,0.0937719494104385
A_0_023,A,0,0.1185,0,-0.0936,0,0.1859504077487386,0,0.1199,9.90057596936822e-05,0.9998699426651,3.1020932510728016e-05,9.90057596936822e-05
A_0_024,A,0,0.1184,0,0.3574,0,0.2317713685903605,0,0.2673,0.0045906328596174,0.8911064863204956,0.1043028756976127,0.0045906328596174
A_0_025,A,0,0.1178,0,-0.0282,0,0.1381992717505848,0,0.0686,0.0153321353718638,0.98062002658844,0.0040478049777448,0.0153321353718638
A_0_026,A,0,0.1154,0,0.1647,0,0.2386249787148635,0,0.2647,0.1914378106594085,0.7334461212158203,0.0751161202788353,0.1914378106594085
A_0_027,A,0,0.118,0,-0.111,0,0.1410084072558375,0,0.1225,0.0187837611883878,0.9092594385147096,0.0719567984342575,0.0187837611883878
A_0_028,A,0,0.1194,0,0.4044,0,0.22319399199322,0,0.3065,0.0001936842018039,0.9948063492774964,0.0049999952316284,0.0001936842018039
A_0_029,A,0,0.1164,0,1.0496,0,0.1492820802909545,0,0.0724,0.0775062963366508,0.5307466387748718,0.3917470872402191,0.0775062963366508
A_0_030,A,0,0.119,0,0.4378,0,0.05756181125732,0,0.0637,5.299149563597893e-09,0.9999998807907104,8.450515309732509e-08,5.299149563597893e-09
A_0_031,A,0,0.12,0,0.4186,0,0.1278666624642961,0,0.0328,0.240794837474823,0.6974916458129883,0.0617134869098663,0.240794837474823
A_0_032,A,0,0.12,0,-0.0615,0,0.5204940597003395,0,0.3496,0.0197255294770002,0.8197520971298218,0.1605224013328552,0.0197255294770002
A_0_033,A,0,0.12,0,0.4476,0,0.1793270295141575,0,0.1136,0.0049691624008119,0.9842208623886108,0.0108099319040775,0.0049691624008119
A_0_034,A,0,0.1197,0,0.3808,0,0.1598789053301145,0,0.0603,0.1497599929571151,0.712091326713562,0.1381487101316452,0.1497599929571151
A_0_035,A,0,0.1186,0,-0.2235,0,0.1995279660365727,0,0.1781,0.0126458536833524,0.9559429883956908,0.0314111933112144,0.0126458536833524
A_0_036,A,0,0.1153,0,-0.4037,0,0.0938557201395564,0,0.1122,0.0620277486741542,0.4889861345291137,0.4489861130714416,0.0620277486741542
A_0_037,A,0,0.1189,0,-0.2672,0,0.0986993356790219,0,0.0461,0.0086116576567292,0.9595497846603394,0.031838521361351,0.0086116576567292
A_0_038,A,0,0.1185,0,-0.2713,0,0.2081975282192828,0,0.1931,0.0036901968996971,0.8503012657165527,0.1460085958242416,0.0036901968996971
A_0_039,A,0,0.12,0,0.0335,0,0.1749151322539126,0,0.2382,0.0115018710494041,0.5142490863800049,0.4742490649223327,0.0115018710494041
A_0_040,A,0,0.1167,0,0.1597,0,0.0835697661156485,0,-0.0605,0.0072289113886654,0.7926802635192871,0.2000907510519027,0.0072289113886654
A_0_041,A,0,0.12,0,0.1978,0,0.152241893342092,0,0.1761,0.0161118526011705,0.511944055557251,0.4719440639019012,0.0161118526011705
A_0_042,A,0,0.12,0,0.157,0,0.0718151651494406,0,-0.0809,0.0043198461644351,0.9764594435691832,0.0192206501960754,0.0043198461644351
A_0_043,A,0,0.119,0,0.4441,0,0.0984707310852142,0,0.0782,0.0581432357430458,0.4909283816814422,0.4509283900260925,0.0581432357430458
A_0_044,A,0,0.12,0,0.4186,0,0.1278666624642961,0,0.0328,0.240794837474823,0.6974916458129883,0.0617134869098663,0.240794837474823
A_0_045,A,0,0.1185,0,-0.0615,0,0.5204940597003395,0,0.3496,0.0197255294770002,0.8197520971298218,0.1605224013328552,0.0197255294770002
A_0_046,A,0,0.12,0,0.5778,2,0.1601321996361681,0,0.1181,0.6019481420516968,0.0047851065173745,0.3932667374610901,0.6019481420516968
A_0_047,A,0,0.1156,0,0.0111,0,0.0576782814922033,0,-0.0068,0.0141386445611715,0.512930691242218,0.4729306697845459,0.0141386445611715
A_0_048,A,0,0.1184,0,0.3668,0,0.0611813981849583,0,-0.0304,1.684284688963089e-05,0.9999431371688844,4.009485928690992e-05,1.684284688963089e-05
A_0_049,A,0,0.118,0,0.663,0,0.1566373028123586,0,0.102,0.0006672106101177,0.985724151134491,0.0136086819693446,0.0006672106101177
B_2_000,B,2,0.7461,1,0.1332,2,0.7962755946069032,2,0.7019,0.9999871253967284,2.6100042305188254e-06,1.0242903044854756e-05,0.9999871253967284
B_2_001,B,2,0.6116,2,1.3242,2,0.526923525220368,2,0.5749,0.4613052606582641,0.0973894968628883,0.4413052499294281,0.4613052606582641
B_2_002,B,2,0.674,0,0.1983,2,0.7891813129082325,2,0.7624,0.9999799728393556,3.6223000279278494e-06,1.6460102415294386e-05,0.9999799728393556
B_2_003,B,2,0.7229,1,0.96,2,0.8961749981050758,2,0.782,0.9999979734420776,5.464631840368384e-07,1.4925252571629244e-06,0.9999979734420776
B_2_004,B,2,0.6585,1,0.9002,2,0.9399348568997692,2,0.8259,0.3994359374046325,0.2211281508207321,0.3794359266757965,0.3994359374046325
B_2_005,B,2,0.7801,2,1.0261,2,0.8811187246482879,2,0.7073,0.4055339992046356,0.2089319974184036,0.3855339884757995,0.4055339992046356
B_2_006,B,2,0.6462,2,0.822,2,0.8754184445570594,2,0.799,0.999323844909668,4.288383206585422e-05,0.0006333230994641,0.999323844909668
B_2_007,B,2,0.594,2,1.1721,1,0.4786525603431199,2,0.6051,0.0078469421714544,0.4484326243400574,0.5437204241752625,0.0078469421714544
B_2_008,B,2,0.6981,2,0.7741,2,0.7361469683740367,2,0.6792,0.9999558925628662,5.445650003821356e-06,3.869486681651324e-05,0.9999558925628662
B_2_009,B,2,0.6742,1,0.96,2,0.8961749981050758,2,0.782,0.9999979734420776,5.464631840368384e-07,1.4925252571629244e-06,0.9999979734420776
B_2_010,B,2,0.8547,2,0.7605,2,0.6398397071037213,2,0.6523,0.998347282409668,0.0004608599410858,0.0011918338714167,0.998347282409668
B_2_011,B,2,0.7696,2,0.2283,2,0.6204491221446372,2,0.7191,0.6162585616111755,0.0086944047361612,0.3750470578670501,0.6162585616111755
B_2_012,B,2,0.6645,2,1.2737,2,0.5353310239203093,2,0.6505,0.4428436160087585,0.1343127638101577,0.4228436350822449,0.4428436160087585
B_2_013,B,2,0.7825,1,0.9022,2,0.5059592911514764,2,0.7422,0.9999895095825196,6.389628197212005e-06,4.080818143847864e-06,0.9999895095825196
B_2_014,B,2,0.6203,2,1.0261,2,0.8811187246482879,2,0.7073,0.4055339992046356,0.2089319974184036,0.3855339884757995,0.4055339992046356
B_2_015,B,2,0.6981,2,1.0668,2,0.7120679893715333,2,0.7409,0.9999972581863404,2.0062245766894198e-06,7.77773436766438e-07,0.9999972581863404
B_2_016,B,2,0.67,2,0.5824,2,0.779872151340283,2,0.7204,0.9773178100585938,0.0197333637624979,0.0029488061554729,0.9773178100585938
B_2_017,B,2,0.8322,1,0.9344,2,0.5785830082289345,2,0.6392,0.4126394987106323,0.1947209984064102,0.3926394879817962,0.4126394987106323
B_2_018,B,2,0.7558,2,-0.201,2,0.8575276056671471,2,0.7423,0.9999072551727296,4.007124516647309e-05,5.265498475637287e-05,0.9999072551727296
B_2_019,B,2,0.6739,2,1.0261,2,0.8811187246482879,2,0.7073,0.4055339992046356,0.2089319974184036,0.3855339884757995,0.4055339992046356
B_2_020,B,2,0.6379,1,1.4931,2,0.9061755050962128,2,0.8403,0.9920774102211,0.0004999961820431,0.007422593422234,0.9920774102211
B_2_021,B,2,0.6616,2,0.1631,2,0.5309835233471181,2,0.6314,0.9995263814926147,2.1857731553609483e-05,0.0004518171190284,0.9995263814926147
B_2_022,B,2,0.6801,2,0.4904,2,0.707226025973969,2,0.6979,0.4097390472888946,0.2005219012498855,0.3897390365600586,0.4097390472888946
B_2_023,B,2,0.6318,0,0.8882,2,0.6599362263820138,2,0.7206,0.9999864101409912,3.0745425760869693e-07,1.3282404324854724e-05,0.9999864101409912
B_2_024,B,2,0.7334,1,2.0789,1,0.7641418044984029,2,0.735,0.2943144738674164,0.0167800150811672,0.6889054775238037,0.2943144738674164
B_2_025,B,2,0.673,2,0.7215,2,0.8453662850605416,2,0.7865,0.8870037198066711,0.0096880486235022,0.1033082455396652,0.8870037198066711
B_2_026,B,2,0.7867,2,0.1631,2,0.5309835233471181,2,0.6314,0.9995263814926147,2.1857731553609483e-05,0.0004518171190284,0.9995263814926147
B_2_027,B,2,0.7889,2,1.0668,2,0.7120679893715333,2,0.7409,0.9999972581863404,2.0062245766894198e-06,7.77773436766438e-07,0.9999972581863404
B_2_028,B,2,0.6723,2,0.3338,2,0.8403500919795834,2,0.7259,0.4260769784450531,0.2618088126182556,0.3121141791343689,0.4260769784450531
B_2_029,B,2,0.6403,2,0.955,2,0.8921378372252138,2,0.7804,0.459797203540802,0.1004056185483932,0.4397971928119659,0.459797203540802
B_2_030,B,2,0.5847,1,0.6666,2,0.3627918262871819,2,0.5391,0.3963520228862762,0.2272959351539611,0.3763520419597626,0.3963520228862762
B_2_031,B,2,0.7473,1,1.0007,2,0.9893091488920336,2,0.789,0.4720696210861206,0.075860746204853,0.4520696401596069,0.4720696210861206
B_2_032,B,2,0.7555,1,0.4049,2,0.9600884596486592,2,0.9259,0.9999592304229736,6.771939297323115e-06,3.397542968741618e-05,0.9999592304229736
B_2_033,B,2,0.7733,2,0.8268,2,0.8706068478810419,2,0.7866,0.6943017244338989,0.0088497018441557,0.2968485653400421,0.6943017244338989
B_2_034,B,2,0.7486,1,0.9067,2,0.8030668955058111,2,0.7616,0.9999608993530272,8.506322956236545e-06,3.056911737076007e-05,0.9999608993530272
B_2_035,B,2,0.6005,0,0.8516,2,0.8758125428569121,2,0.7929,0.8302063345909119,0.0016516338801011,0.1681420505046844,0.8302063345909119
B_2_036,B,2,0.834,2,0.9327,2,0.5391596399805927,2,0.6597,0.9986448884010316,0.0003852978115901,0.0009698679787106,0.9986448884010316
B_2_037,B,2,0.692,2,0.8085,2,0.6654122434801865,2,0.7045,0.4392148852348327,0.3481093943119049,0.2126757055521011,0.4392148852348327
B_2_038,B,2,0.7494,2,0.7741,2,0.7361469683740367,2,0.6792,0.9999558925628662,5.445650003821356e-06,3.869486681651324e-05,0.9999558925628662
B_2_039,B,2,0.7439,1,0.4636,2,0.7817209063226335,2,0.6767,0.99994158744812,2.8498492611106485e-05,2.9858530979254283e-05,0.99994158744812
B_2_040,B,2,0.7922,0,1.1415,2,0.8867814150668465,2,0.7887,1.0,7.940247570559222e-09,7.111024213912742e-09,1.0
B_2_041,B,2,0.6742,0,0.6046,2,0.9832948216669952,2,0.8871,0.9999998807907104,8.582249222399697e-08,9.267206735330549e-08,0.9999998807907104
B_2_042,B,2,0.8142,2,0.4507,2,0.8096089723107146,2,0.7273,0.9890534281730652,0.0003755383659154,0.0105710523203015,0.9890534281730652
B_2_043,B,2,0.7958,2,0.5741,2,0.5395264307033748,2,0.6326,0.6132016777992249,0.0621382668614387,0.3246600329875946,0.6132016777992249
B_2_044,B,2,0.7941,2,0.2283,2,0.6204491221446372,2,0.7191,0.6162585616111755,0.0086944047361612,0.3750470578670501,0.6162585616111755
B_2_045,B,2,0.7821,2,0.9222,2,0.7249743301610254,2,0.7429,0.9999971389770508,2.032239990512608e-06,8.688049319971469e-07,0.9999971389770508
B_2_046,B,2,0.808,2,1.0261,2,0.8811187246482879,2,0.7073,0.4055339992046356,0.2089319974184036,0.3855339884757995,0.4055339992046356
B_2_047,B,2,0.7423,2,0.3285,2,0.6035217594087783,2,0.6892,0.9999997615814208,3.013841975985088e-08,2.3651777780742125e-07,0.9999997615814208
B_2_048,B,2,0.6643,1,1.0114,2,0.8302132718623759,2,0.7197,0.8047940135002136,0.0027078094426542,0.1924981772899627,0.8047940135002136
B_2_049,B,2,0.7456,2,0.6121,2,0.6691516327243278,2,0.7555,0.9944286346435548,0.0008346544927917,0.0047367052175104,0.9944286346435548
B_2_050,B,2,0.7657,1,0.6981,2,0.8979147443279482,2,0.8169,0.8932849168777466,0.0113689405843615,0.0953461527824401,0.8932849168777466
B_2_051,B,2,0.6709,2,0.0352,2,0.6969291003857604,2,0.6903,0.9999994039535522,9.440829273899001e-08,4.960851924806775e-07,0.9999994039535522
B_2_052,B,2,0.7667,0,0.0817,2,0.8159479315391627,2,0.7799,0.999994158744812,3.570329909052816e-06,2.229936399089638e-06,0.999994158744812
B_2_053,B,2,0.7503,0,0.4511,2,0.7715708639087995,2,0.7229,0.3920667469501495,0.235866516828537,0.3720667362213135,0.3920667469501495
B_2_054,B,2,0.7956,2,0.4507,2,0.8096089723107146,2,0.7273,0.9890534281730652,0.0003755383659154,0.0105710523203015,0.9890534281730652
B_2_055,B,2,0.8423,2,0.955,2,0.8921378372252138,2,0.7804,0.459797203540802,0.1004056185483932,0.4397971928119659,0.459797203540802
B_2_056,B,2,0.8423,2,0.2283,2,0.6204491221446372,2,0.7191,0.6162585616111755,0.0086944047361612,0.3750470578670501,0.6162585616111755
B_2_057,B,2,0.6738,0,0.5603,2,0.943706906672462,0,0.8624,0.999998927116394,2.665782119493088e-07,7.477347594431194e-07,0.999998927116394
B_2_058,B,2,0.7982,0,0.4985,2,0.955337770366935,2,0.8348,0.9999783039093018,3.3669698495941702e-06,1.8283155441167764e-05,0.9999783039093018
B_2_059,B,2,0.714,2,0.8773,2,0.7738207342324378,2,0.7236,0.9996997117996216,0.000222021175432,7.827404624549672e-05,0.9996997117996216
B_2_060,B,2,0.6629,1,1.5161,0,0.7653968788628921,2,0.7168,1.1492174962768331e-05,0.9999827146530152,5.825284006277798e-06,1.1492174962768331e-05
B_2_061,B,2,0.7271,0,0.0817,2,0.8159479315391627,2,0.7799,0.999994158744812,3.570329909052816e-06,2.229936399089638e-06,0.999994158744812
B_2_062,B,2,0.7317,1,1.0114,2,0.8302132718623759,2,0.7197,0.8047940135002136,0.0027078094426542,0.1924981772899627,0.8047940135002136
B_2_063,B,2,0.8017,1,2.0789,1,0.7641418044984029,2,0.735,0.2943144738674164,0.0167800150811672,0.6889054775238037,0.2943144738674164
B_2_064,B,2,0.6775,1,1.0007,2,0.9893091488920336,2,0.789,0.4720696210861206,0.075860746204853,0.4520696401596069,0.4720696210861206
B_2_065,B,2,0.7679,2,1.532,2,0.5186208073713996,2,0.6475,0.9923282265663148,0.0022104836534708,0.0054612490348517,0.9923282265663148
B_2_066,B,2,0.7527,2,0.8268,2,0.8706068478810419,2,0.7866,0.6943017244338989,0.0088497018441557,0.2968485653400421,0.6943017244338989
B_2_067,B,2,0.6325,1,0.6644,2,0.8778225837980977,2,0.808,0.9999953508377076,1.9871664846959905e-07,4.4380467443261296e-06,0.9999953508377076
B_2_068,B,2,0.7888,1,0.431,2,0.8341230242889568,2,0.7603,0.9999997615814208,4.7405954717305584e-09,1.987302340467068e-07,0.9999997615814208
B_2_069,B,2,0.7423,0,1.2901,2,0.969372229781302,2,0.7842,0.9999741315841676,2.552959301738156e-07,2.565673094068188e-05,0.9999741315841676
B_2_070,B,2,0.7371,2,0.788,2,0.8186121316197856,2,0.7413,0.9999240636825562,5.832771421410144e-05,1.762578722264152e-05,0.9999240636825562
B_1_000,B,1,0.513,1,0.9074,1,0.4334207552608936,1,0.5424,0.1595015674829483,0.0049999998882412,0.8354984521865845,0.1595015674829483
B_1_001,B,1,0.301,1,-0.1032,1,0.5254025020089181,0,0.5167,0.1708088368177414,0.0628491714596748,0.7663419842720032,0.1708088368177414
B_1_002,B,1,0.184,1,1.1481,1,0.2959040438653246,1,0.3456,2.439112904539797e-05,1.873770969496036e-07,0.999975323677063,2.439112904539797e-05
B_1_003,B,1,0.4439,1,0.6891,0,0.2492454286228415,1,0.2682,1.4044052477402149e-05,0.9999843835830688,1.55709051341546e-06,1.4044052477402149e-05
B_1_004,B,1,0.4868,1,0.0479,1,0.6166701821010855,1,0.6595,0.0001470053539378,8.840746158966795e-05,0.999764621257782,0.0001470053539378
B_1_005,B,1,0.3035,1,0.2699,1,0.1414533338548535,1,0.1292,0.001371023710817,0.0001033962253131,0.9985255599021912,0.001371023710817
B_1_006,B,1,0.214,1,0.1841,1,0.3565872967899675,1,0.4574,0.0001759241276886,5.715313363907626e-06,0.9998183846473694,0.0001759241276886
B_1_007,B,1,0.2918,1,1.1481,1,0.2959040438653246,1,0.3456,2.439112904539797e-05,1.873770969496036e-07,0.999975323677063,2.439112904539797e-05
B_1_008,B,1,0.5228,1,1.1772,1,0.332470136672477,1,0.4318,0.2007506042718887,0.0049999998882412,0.794249415397644,0.2007506042718887
B_1_009,B,1,0.3485,1,1.4182,1,0.3710277964233142,1,0.5095,1.057094891621091e-06,3.76357576215014e-08,0.999998927116394,1.057094891621091e-06
B_1_010,B,1,0.511,2,0.4259,1,0.6233405323236731,1,0.4754,3.889040272042621e-06,9.648176302334833e-08,0.9999959468841552,3.889040272042621e-06
B_1_011,B,1,0.3584,1,-0.0853,1,0.5651043926935992,1,0.585,0.3712973296642303,0.0049999998882412,0.6237026453018188,0.3712973296642303
B_1_012,B,1,0.2177,1,0.5555,1,0.1796170372621294,1,0.2114,0.1346990913152694,0.0049999998882412,0.8603008985519409,0.1346990913152694
B_1_013,B,1,0.3333,2,-0.5749,1,0.6238407432759515,1,0.2555,2.599218714749441e-05,7.94172365203849e-07,0.9999731779098512,2.599218714749441e-05
B_1_014,B,1,0.2354,1,0.6076,1,0.6116317511063156,1,0.7488,1.3826664826410706e-06,8.066125189998274e-08,0.9999984502792358,1.3826664826410706e-06
B_1_015,B,1,0.4074,1,0.6305,1,0.4179942544132866,1,0.5032,0.0008156081894412,0.000165102945175,0.9990192651748656,0.0008156081894412
B_1_016,B,1,0.3862,1,0.5988,1,0.5915482559324364,1,0.5581,0.0002585243782959,8.134795280057006e-06,0.9997333884239196,0.0002585243782959
B_1_017,B,1,0.226,1,0.7376,1,0.3045937935359191,1,0.3681,1.6541955119464546e-05,2.9314660423551686e-06,0.9999804496765136,1.6541955119464546e-05
B_1_018,B,1,0.2742,1,2.216,1,0.2128674340026263,1,0.5819,0.2646744847297668,0.0049999998882412,0.7303255200386047,0.2646744847297668
B_1_019,B,1,0.5248,1,0.8491,1,0.3658827875224608,1,0.4191,0.0002116242540068,6.78609512760886e-06,0.9997815489768982,0.0002116242540068
B_1_020,B,1,0.2956,1,-0.1032,1,0.5254025020089181,0,0.5167,0.1708088368177414,0.0628491714596748,0.7663419842720032,0.1708088368177414
B_1_021,B,1,0.5104,1,0.3839,1,0.3003770294061306,1,0.2975,2.5681361876195297e-05,5.7862612266035285e-06,0.9999685287475586,2.5681361876195297e-05
B_1_022,B,1,0.203,1,-0.6938,1,0.2794984186781596,1,0.2673,9.394189874001311e-06,0.0049999952316284,0.9949905872344972,9.394189874001311e-06
B_1_023,B,1,0.4129,2,0.3262,1,0.4620672062058666,1,0.5866,0.2641034424304962,0.0049999998882412,0.730896532535553,0.2641034424304962
B_1_024,B,1,0.2532,1,1.651,1,0.1407855907760232,1,0.1552,4.668808060159791e-07,1.4439834883361866e-09,0.9999995231628418,4.668808060159791e-07
B_1_025,B,1,0.4863,1,0.9074,1,0.4334207552608936,1,0.5424,0.1595015674829483,0.0049999998882412,0.8354984521865845,0.1595015674829483
B_1_026,B,1,0.1826,1,0.4238,1,0.4022884565065585,1,0.5272,0.1812124848365783,0.0049999998882412,0.8137875199317932,0.1812124848365783
B_1_027,B,1,0.4795,2,0.9599,1,0.3055119824979364,1,0.3451,0.1450936049222946,0.0049999998882412,0.8499063849449158,0.1450936049222946
B_1_028,B,1,0.4724,1,0.0785,1,0.3514911756384941,1,0.3877,0.000195868575247,0.0001909608690766,0.9996131062507628,0.000195868575247
B_1_029,B,1,0.2508,1,1.4178,2,0.2931225964537669,2,0.3024,0.9999949932098388,2.980660553930648e-07,4.670116595661966e-06,0.9999949932098388
B_1_030,B,1,0.3217,1,0.7439,1,0.4964717599765402,1,0.6178,0.288420557975769,0.0049999998882412,0.7065794467926025,0.288420557975769
B_1_031,B,1,0.3444,1,1.0019,1,0.5556239938717994,1,0.5874,0.0003796465753111,1.0840391041710973e-05,0.9996095299720764,0.0003796465753111
B_1_032,B,1,0.4321,1,1.1808,2,0.4272877432440755,1,0.5217,0.9319691061973572,3.665837056132659e-08,0.0680308565497398,0.9319691061973572
B_1_033,B,1,0.3505,1,0.1438,1,0.1624216727177994,2,0.2419,0.0003641048679128,2.659016536199488e-05,0.9996092915534972,0.0003641048679128
B_1_034,B,1,0.1891,2,-0.5481,1,0.1123235795940746,1,0.1657,1.2419972335919738e-05,1.6303417282870217e-07,0.9999874830245972,1.2419972335919738e-05
B_1_035,B,1,0.3148,2,0.6078,1,0.3995378700733392,0,0.4102,0.0001433588331565,0.0004782826872542,0.9993783235549928,0.0001433588331565
B_1_036,B,1,0.2537,1,-0.2635,0,0.1439056843600058,1,0.1417,0.2453603446483612,0.3973198235034942,0.3573198318481445,0.2453603446483612
B_1_037,B,1,0.2999,1,0.2504,1,0.5054746810166757,1,0.4769,0.0012014126405119,0.0002992695081047,0.9984993934631348,0.0012014126405119
B_1_038,B,1,0.5125,1,0.858,1,0.1626794022163414,1,0.1388,0.2631146609783172,0.0049999998882412,0.7318853139877319,0.2631146609783172
B_1_039,B,1,0.2416,1,0.2504,1,0.5054746810166757,1,0.4769,0.0012014126405119,0.0002992695081047,0.9984993934631348,0.0012014126405119
B_1_040,B,1,0.183,0,0.5925,1,0.2858070864125438,1,0.3494,0.1811843812465667,0.0049999998882412,0.8138155937194824,0.1811843812465667
B_1_041,B,1,0.2681,1,1.4178,2,0.2931225964537669,2,0.3024,0.9999949932098388,2.980660553930648e-07,4.670116595661966e-06,0.9999949932098388
B_1_042,B,1,0.475,2,-0.1602,1,0.3858710772824317,1,0.4272,2.983680496981833e-05,3.141215074720094e-06,0.999967098236084,2.983680496981833e-05
B_1_043,B,1,0.2291,1,0.5565,1,0.3516151980420204,1,0.424,0.0104654375463724,0.0049999952316284,0.9845345616340636,0.0104654375463724
B_1_044,B,1,0.369,1,-0.7165,1,0.4345549501699249,1,0.4975,0.0011398036731407,4.910019924864173e-05,0.99881112575531,0.0011398036731407
B_1_045,B,1,0.3917,1,0.7662,1,0.4835918175738251,1,0.4745,0.0002609154325909,1.3997396308695895e-06,0.9997376799583436,0.0002609154325909
B_1_046,B,1,0.2479,1,0.4507,1,0.4205022528146633,1,0.4179,1.84508699021535e-05,0.0337809324264526,0.966200590133667,1.84508699021535e-05
B_1_047,B,1,0.1837,0,0.5925,1,0.2858070864125438,1,0.3494,0.1811843812465667,0.0049999998882412,0.8138155937194824,0.1811843812465667
B_1_048,B,1,0.4407,1,0.0555,1,0.5750577027210845,1,0.6138,3.912633110303432e-05,7.478622592316242e-06,0.9999533891677856,3.912633110303432e-05
B_1_049,B,1,0.5179,1,-0.021,2,0.2629128229842684,1,0.2777,0.9999862909317015,8.594569749220682e-07,1.2910069926874712e-05,0.9999862909317015
B_1_050,B,1,0.2531,1,-0.9144,1,0.3287394973389955,1,0.4228,0.134183868765831,0.0049999998882412,0.8608161211013794,0.134183868765831
B_1_051,B,1,0.2681,2,0.9708,1,0.2448158758779754,1,0.2379,6.176166061777622e-05,2.6497914404899348e-06,0.9999356269836426,6.176166061777622e-05
B_1_052,B,1,0.4116,1,0.9983,1,0.3016354850058412,1,0.3228,3.868003113893792e-05,1.328437247138936e-05,0.9999481439590454,3.868003113893792e-05
B_1_053,B,1,0.4638,1,1.1523,1,0.2257477844164654,1,0.2419,0.1605385541915893,0.0049999998882412,0.8344614505767822,0.1605385541915893
B_1_054,B,1,0.3193,0,-0.728,1,0.5497695758716494,1,0.5277,7.172754521889146e-06,0.0049999952316284,0.9949928522109984,7.172754521889146e-06
B_1_055,B,1,0.2867,0,0.3486,1,0.2658578994438635,1,0.3675,0.2748728990554809,0.0049999998882412,0.7201271057128906,0.2748728990554809
B_1_056,B,1,0.2566,0,1.5043,1,0.1954643588725036,1,0.2291,0.2755342721939087,0.0049999998882412,0.7194657325744629,0.2755342721939087
B_1_057,B,1,0.2638,1,-0.0583,1,0.5351472671450862,1,0.4924,0.0001075316031347,0.0002109838824253,0.99968159198761,0.0001075316031347
B_1_058,B,1,0.4683,1,0.495,1,0.2085575059801963,1,0.2292,0.2736620008945465,0.0049999998882412,0.7213379740715027,0.2736620008945465
B_1_059,B,1,0.1878,1,0.9983,1,0.3016354850058412,1,0.3228,3.868003113893792e-05,1.328437247138936e-05,0.9999481439590454,3.868003113893792e-05
B_1_060,B,1,0.3013,1,-0.3623,1,0.2507840436936432,1,0.2295,3.880509393638931e-05,7.601618108310504e-07,0.9999604225158693,3.880509393638931e-05
B_1_061,B,1,0.3021,1,-0.0725,1,0.4545535283167001,2,0.4797,0.0001852775312727,4.530777459876845e-06,0.9998101592063904,0.0001852775312727
B_1_062,B,1,0.4714,2,-0.2469,1,0.4063091637830518,1,0.4452,1.091606100089848e-05,1.4013832760895184e-08,0.9999890327453612,1.091606100089848e-05
B_1_063,B,1,0.3007,2,0.1386,1,0.5804006411299646,1,0.5871,0.0005548170884139,9.156503438134678e-06,0.9994359612464904,0.0005548170884139
B_1_064,B,1,0.4399,1,0.4147,1,0.253731091400674,1,0.2514,0.0017708597006276,0.0049999952316284,0.9932291507720948,0.0017708597006276
B_1_065,B,1,0.1998,1,1.1481,1,0.2959040438653246,1,0.3456,2.439112904539797e-05,1.873770969496036e-07,0.999975323677063,2.439112904539797e-05
B_1_066,B,1,0.2224,1,1.122,1,0.2987403424293679,1,0.3682,2.301143467775546e-05,4.23295489326847e-07,0.9999765157699584,2.301143467775546e-05
B_1_067,B,1,0.2077,1,-0.2437,1,0.075999579940597,1,0.1491,7.714573439443484e-05,3.034345127161941e-06,0.999919891357422,7.714573439443484e-05
B_1_068,B,1,0.2289,2,0.2849,0,0.2458772113151898,1,0.2583,3.636444671428762e-05,0.9999629259109496,6.623787385251489e-07,3.636444671428762e-05
B_1_069,B,1,0.3589,1,0.3365,1,0.2409048817770149,1,0.3371,0.1783893257379531,0.0049999998882412,0.8166106939315796,0.1783893257379531
B_1_070,B,1,0.2585,1,0.5565,1,0.3516151980420204,1,0.424,0.0104654375463724,0.0049999952316284,0.9845345616340636,0.0104654375463724
B_1_071,B,1,0.343,1,1.4178,2,0.2931225964537669,2,0.3024,0.9999949932098388,2.980660553930648e-07,4.670116595661966e-06,0.9999949932098388
B_1_072,B,1,0.3017,1,0.5565,1,0.3516151980420204,1,0.424,0.0104654375463724,0.0049999952316284,0.9845345616340636,0.0104654375463724
B_1_073,B,1,0.3796,2,0.2849,0,0.2458772113151898,1,0.2583,3.636444671428762e-05,0.9999629259109496,6.623787385251489e-07,3.636444671428762e-05
B_1_074,B,1,0.3812,2,0.5214,1,0.6009403490834041,1,0.6188,1.4042449947737625e-05,1.8490376874069625e-07,0.999985694885254,1.4042449947737625e-05
B_1_075,B,1,0.2968,1,0.247,1,0.5226955506745733,1,0.6248,0.2216968834400177,0.0049999998882412,0.7733030915260315,0.2216968834400177
B_1_076,B,1,0.1886,1,0.1957,1,0.2881039745155616,1,0.3146,0.0011397860944271,5.069942199042998e-05,0.9988094568252563,0.0011397860944271
B_1_077,B,1,0.5133,1,0.9554,1,0.1932468523135053,1,0.2571,0.2319217473268509,0.0049999998882412,0.7630782723426819,0.2319217473268509
B_1_078,B,1,0.5119,1,0.7504,1,0.243100511060865,1,0.3114,0.1688142120838165,0.0049999998882412,0.8261857628822327,0.1688142120838165
B_1_079,B,1,0.3311,1,0.0268,2,0.4480668697286996,1,0.4753,0.8632503747940063,0.0286648105829954,0.1080848798155784,0.8632503747940063
B_1_080,B,1,0.2673,1,0.4427,1,0.4275758635036645,1,0.4622,0.0022459728643298,0.0096502332016825,0.9881038069725036,0.0022459728643298
B_1_081,B,1,0.366,1,0.7612,1,0.5862560822805165,1,0.633,3.972183912992477e-05,1.4307254787127022e-05,0.9999459981918336,3.972183912992477e-05
B_1_082,B,1,0.2941,2,1.4969,1,0.4302004834166755,1,0.5084,9.84224971034564e-05,1.6751796465541702e-06,0.9998998641967772,9.84224971034564e-05
B_1_083,B,1,0.5133,2,0.7734,1,0.4085227911281248,1,0.4637,0.3898607790470123,0.0049999998882412,0.6051391959190369,0.3898607790470123
B_1_084,B,1,0.3007,1,0.4197,1,0.3609363583743336,1,0.3931,2.2324229576042853e-06,1.6850417239311358e-07,0.999997615814209,2.2324229576042853e-06
B_1_085,B,1,0.418,1,-0.6938,1,0.2794984186781596,1,0.2673,9.394189874001311e-06,0.0049999952316284,0.9949905872344972,9.394189874001311e-06
B_1_086,B,1,0.4783,2,-0.2469,1,0.4063091637830518,1,0.4452,1.091606100089848e-05,1.4013832760895184e-08,0.9999890327453612,1.091606100089848e-05
B_1_087,B,1,0.3893,2,0.2849,0,0.2458772113151898,1,0.2583,3.636444671428762e-05,0.9999629259109496,6.623787385251489e-07,3.636444671428762e-05
B_1_088,B,1,0.3515,1,0.3045,1,0.2387189519076901,1,0.2878,0.1587710380554199,0.0049999998882412,0.8362289667129517,0.1587710380554199
B_1_089,B,1,0.5002,1,0.495,1,0.2085575059801963,1,0.2292,0.2736620008945465,0.0049999998882412,0.7213379740715027,0.2736620008945465
B_1_090,B,1,0.2169,2,0.2849,0,0.2458772113151898,1,0.2583,3.636444671428762e-05,0.9999629259109496,6.623787385251489e-07,3.636444671428762e-05
B_1_091,B,1,0.1846,1,-0.0445,1,0.3675141493125183,1,0.4444,0.0001514676114311,4.294126483728178e-06,0.9998441934585572,0.0001514676114311
B_1_092,B,1,0.3642,2,-0.1022,1,0.2150168473578492,1,0.3058,0.2283634692430496,0.0049999998882412,0.7666365504264832,0.2283634692430496
B_1_093,B,1,0.4675,2,-0.5587,1,0.4210678012828172,1,0.524,0.2437513470649719,0.0049999998882412,0.7512486577033997,0.2437513470649719
B_1_094,B,1,0.3289,1,1.1481,1,0.2959040438653246,1,0.3456,2.439112904539797e-05,1.873770969496036e-07,0.999975323677063,2.439112904539797e-05
B_0_000,B,0,0.12,0,0.3066,0,0.1958052942870615,0,0.1181,0.3949989974498749,0.4744442105293274,0.1305567920207977,0.3949989974498749
B_0_001,B,0,0.119,0,0.503,0,0.1819343252861285,0,0.2018,0.0794518738985061,0.4802740514278412,0.4402740597724914,0.0794518738985061
B_0_002,B,0,0.1178,0,0.4844,0,0.1698402372677216,0,0.0716,0.146462395787239,0.6564342975616455,0.1971032917499542,0.146462395787239
B_0_003,B,0,0.12,0,0.7888,0,0.1594963839687547,0,0.063,0.0406489558517932,0.9205507636070251,0.0388002358376979,0.0406489558517932
B_0_004,B,0,0.1177,0,0.5104,0,0.0690043383173573,0,-0.0355,0.1273864060640335,0.5731919407844543,0.2994216680526733,0.1273864060640335
B_0_005,B,0,0.12,0,-0.4232,0,0.197338831654136,0,0.1579,0.0005042841075919,0.997894823551178,0.0016009602695703,0.0005042841075919
B_0_006,B,0,0.12,0,0.6497,0,0.1436785187415175,0,0.0733,0.0085171582177281,0.9772302508354188,0.0142526170238852,0.0085171582177281
B_0_007,B,0,0.1194,0,0.4651,0,0.108012096619858,0,0.0139,0.0100108617916703,0.9376475214958192,0.0523416399955749,0.0100108617916703
B_0_008,B,0,0.12,0,-0.2518,0,0.2314665390451662,0,0.2236,0.0028439976740628,0.9836456775665284,0.0135103417560458,0.0028439976740628
B_0_009,B,0,0.119,0,0.2562,0,0.1839315967707462,0,0.1429,0.0012227640254423,0.7408872246742249,0.257889986038208,0.0012227640254423
B_0_010,B,0,0.119,0,-0.145,0,0.106997916676008,0,0.1198,0.027940971776843,0.9312237501144408,0.0408352762460708,0.027940971776843
B_0_011,B,0,0.1135,0,-0.1137,0,0.1286776283203941,0,0.169,0.0456387102603912,0.8434195518493652,0.1109417080879211,0.0456387102603912
B_0_012,B,0,0.12,0,0.4476,0,0.1793270295141575,0,0.1136,0.0049691624008119,0.9842208623886108,0.0108099319040775,0.0049691624008119
B_0_013,B,0,0.12,0,0.4199,0,0.1253735152193819,0,0.1076,0.0299274530261755,0.5050362944602966,0.4650362730026245,0.0299274530261755
B_0_014,B,0,0.1183,0,0.8408,0,0.0888000093736525,0,-0.056,0.0023778788745403,0.6720336675643921,0.3255884647369385,0.0023778788745403
B_0_015,B,0,0.1163,0,0.4186,0,0.1278666624642961,0,0.0328,0.240794837474823,0.6974916458129883,0.0617134869098663,0.240794837474823
B_0_016,B,0,0.12,0,-0.0308,0,0.1649278014845702,0,0.1575,0.0937719494104385,0.8091609477996826,0.0970670655369758,0.0937719494104385
B_0_017,B,0,0.1197,0,0.3988,0,0.1725270119788597,0,0.1713,0.1000653579831123,0.4699673354625702,0.429967314004898,0.1000653579831123
B_0_018,B,0,0.1197,0,0.2113,0,0.1907010958596871,0,0.1965,0.0040867142379283,0.9869041442871094,0.0090091647580266,0.0040867142379283
B_0_019,B,0,0.1185,0,-0.1137,0,0.1286776283203941,0,0.169,0.0456387102603912,0.8434195518493652,0.1109417080879211,0.0456387102603912
B_0_020,B,0,0.12,0,0.4844,0,0.1698402372677216,0,0.0716,0.146462395787239,0.6564342975616455,0.1971032917499542,0.146462395787239
B_0_021,B,0,0.12,0,0.5711,0,0.0936222805449251,0,0.0384,0.0130947297438979,0.9826219081878662,0.0042834165506064,0.0130947297438979
B_0_022,B,0,0.12,0,-0.2007,0,0.1951387646564149,0,0.1841,0.0001105854462366,0.9935948252677916,0.0062945787794888,0.0001105854462366
B_0_023,B,0,0.1177,0,0.3668,0,0.0611813981849583,0,-0.0304,1.684284688963089e-05,0.9999431371688844,4.009485928690992e-05,1.684284688963089e-05
B_0_024,B,0,0.1197,0,0.2785,0,0.1884609926787659,0,0.1768,0.0694146007299423,0.6283095479011536,0.3022758066654205,0.0694146007299423
B_0_025,B,0,0.1198,0,-0.131,0,0.2338446256477551,0,0.2765,0.2196182012557983,0.541588306427002,0.2387934327125549,0.2196182012557983
B_0_026,B,0,0.1143,0,-0.1517,0,0.1887708501224572,0,0.1919,0.1098210960626602,0.4650894403457641,0.4250894486904144,0.1098210960626602
B_0_027,B,0,0.12,0,0.4608,0,0.1816394624111521,0,0.1561,0.0014987832400947,0.9001529216766357,0.0983482897281646,0.0014987832400947
B_0_028,B,0,0.1194,0,0.0367,0,0.2360875789512153,2,0.3064,0.0066098417155444,0.9818410277366638,0.0115491040050983,0.0066098417155444
B_0_029,B,0,0.1162,0,-0.0344,0,0.3117071935392503,0,0.3764,0.0756628066301345,0.482168585062027,0.4421685934066772,0.0756628066301345
B_0_030,B,0,0.1183,0,0.1431,0,0.2220032874282913,0,0.2318,0.0058579915203154,0.9870915412902832,0.0070505202747881,0.0058579915203154
B_0_031,B,0,0.1199,0,-0.0282,0,0.1381992717505848,0,0.0686,0.0153321353718638,0.98062002658844,0.0040478049777448,0.0153321353718638
B_0_032,B,0,0.1148,0,-0.2308,0,0.2149207218990436,0,0.1615,0.0027096681296825,0.988925278186798,0.0083650043234229,0.0027096681296825
B_0_033,B,0,0.12,0,0.4044,0,0.22319399199322,0,0.3065,0.0001936842018039,0.9948063492774964,0.0049999952316284,0.0001936842018039
B_0_034,B,0,0.1173,0,0.6208,0,0.1704832481207525,0,0.1597,0.0116130765527486,0.988101840019226,0.0002850960590876,0.0116130765527486
B_0_035,B,0,0.1196,0,0.2785,0,0.1884609926787659,0,0.1768,0.0694146007299423,0.6283095479011536,0.3022758066654205,0.0694146007299423
B_0_036,B,0,0.12,0,-0.0634,0,0.2172827625455733,0,0.2117,7.3010875212276e-07,0.9258747100830078,0.0741245746612548,7.3010875212276e-07
B_0_037,B,0,0.12,0,-0.2167,0,0.2124949746093987,0,0.2257,0.0935480669140815,0.6154291033744812,0.2910228669643402,0.0935480669140815
B_0_038,B,0,0.12,0,-0.0785,0,0.0390369419338855,0,-0.0483,0.1314820647239685,0.4542589783668518,0.4142589569091797,0.1314820647239685
B_0_039,B,0,0.12,0,-0.1796,0,0.1722511320843845,0,0.0593,0.0578752160072326,0.7052435278892517,0.2368812412023544,0.0578752160072326
B_0_040,B,0,0.1199,0,0.1501,0,0.2243643719475101,1,0.283,7.61376359150745e-05,0.991671621799469,0.008252253755927,7.61376359150745e-05
B_0_041,B,0,0.12,0,0.9215,0,0.2453069652562894,0,0.2444,0.0643759667873382,0.6385709047317505,0.2970531284809112,0.0643759667873382
B_0_042,B,0,0.12,0,-0.3406,0,0.0417271806883494,0,0.2579,0.0019477920141071,0.9646174907684326,0.0334346890449523,0.0019477920141071
B_0_043,B,0,0.12,0,-0.3406,0,0.0417271806883494,0,0.2579,0.0019477920141071,0.9646174907684326,0.0334346890449523,0.0019477920141071
B_0_044,B,0,0.1172,2,-0.4046,0,0.1623069086303879,0,0.1053,0.0157373584806919,0.9840789437294006,0.0001836599840316,0.0157373584806919
B_0_045,B,0,0.1185,0,-0.111,0,0.1410084072558375,0,0.1225,0.0187837611883878,0.9092594385147096,0.0719567984342575,0.0187837611883878
B_0_046,B,0,0.1197,0,-0.4037,0,0.0938557201395564,0,0.1122,0.0620277486741542,0.4889861345291137,0.4489861130714416,0.0620277486741542
B_0_047,B,0,0.1165,0,-0.0785,0,0.0390369419338855,0,-0.0483,0.1314820647239685,0.4542589783668518,0.4142589569091797,0.1314820647239685
B_0_048,B,0,0.12,0,1.3918,0,0.1145876112554379,0,0.0543,0.2226666212081909,0.6701010465621948,0.1072322949767112,0.2226666212081909
B_0_049,B,0,0.118,0,-0.0615,0,0.5204940597003395,0,0.3496,0.0197255294770002,0.8197520971298218,0.1605224013328552,0.0197255294770002
C_2_000,C,2,0.7634,2,1.2487,2,0.5858882672530984,2,0.8234,0.9999773502349854,6.238400146685308e-06,1.6452211639261805e-05,0.9999773502349854
C_2_001,C,2,0.6843,0,0.4486,2,0.4950852162962517,2,0.6293,0.999998927116394,2.464836654780811e-07,8.658436740915931e-07,0.999998927116394
C_2_002,C,2,0.8808,1,0.7713,2,0.9430471416662574,2,0.8399,1.0,8.677970841919347e-11,2.1659949389629674e-09,1.0
C_2_003,C,2,0.5917,2,0.7333,2,0.4897356024001811,2,0.5824,0.9999998807907104,1.175524886321e-07,1.656800918681256e-09,0.9999998807907104
C_2_004,C,2,0.6446,2,0.9961,2,0.564713308678537,2,0.673,0.9999275207519532,4.327305941842496e-05,2.9212547815404832e-05,0.9999275207519532
C_2_005,C,2,0.6857,2,-0.0488,2,0.5302828072308216,2,0.6954,0.9999996423721312,1.6394859869706124e-07,1.9145262797337642e-07,0.9999996423721312
C_2_006,C,2,0.6493,2,0.0352,2,0.6969291003857604,2,0.6903,0.9999994039535522,9.440829273899001e-08,4.960851924806775e-07,0.9999994039535522
C_2_007,C,2,0.7107,2,0.788,2,0.8186121316197856,2,0.7413,0.9999240636825562,5.832771421410144e-05,1.762578722264152e-05,0.9999240636825562
C_2_008,C,2,0.6812,2,0.7702,2,0.8357334376152532,2,0.7583,0.9999104738235474,4.552799509838224e-06,8.491277549182996e-05,0.9999104738235474
C_2_009,C,2,0.7214,0,0.4217,2,0.4728891814876703,1,0.6882,0.9999992847442628,6.357423671943252e-07,1.2246457004039257e-07,0.9999992847442628
C_2_010,C,2,0.5762,2,1.1721,1,0.4786525603431199,2,0.6051,0.0078469421714544,0.4484326243400574,0.5437204241752625,0.0078469421714544
C_2_011,C,2,0.6964,2,1.7408,2,0.7274829404122316,2,0.7017,0.9983533620834352,0.0010013984283432,0.0006452873931266,0.9983533620834352
C_2_012,C,2,0.7998,1,0.5997,2,0.8096603231678426,2,0.7757,0.999975323677063,1.1038888260372914e-05,1.358354256808525e-05,0.999975323677063
C_2_013,C,2,0.7134,2,1.1913,2,0.6489349483230996,2,0.642,0.9999680519104004,2.4890396161936224e-06,2.949484951386694e-05,0.9999680519104004
C_2_014,C,2,0.7554,0,1.1415,2,0.8867814150668465,2,0.7887,1.0,7.940247570559222e-09,7.111024213912742e-09,1.0
C_2_015,C,2,0.8386,0,0.6046,2,0.9832948216669952,2,0.8871,0.9999998807907104,8.582249222399697e-08,9.267206735330549e-08,0.9999998807907104
C_2_016,C,2,0.8127,2,1.0863,2,0.8523796682422426,2,0.7471,0.9999948740005492,7.587249228890869e-07,4.341960902820574e-06,0.9999948740005492
C_2_017,C,2,0.761,1,0.19,2,0.8272725114441843,2,0.7648,0.999998927116394,1.5932039332255957e-07,9.113336432164942e-07,0.999998927116394
C_2_018,C,2,0.7858,2,1.0668,2,0.7120679893715333,2,0.7409,0.9999972581863404,2.0062245766894198e-06,7.77773436766438e-07,0.9999972581863404
C_2_019,C,2,0.6687,2,0.1196,2,0.6589975616398452,2,0.6814,0.9999971389770508,1.3914905139245093e-06,1.4209583696356276e-06,0.9999971389770508
C_2_020,C,2,0.8081,1,1.4931,2,0.9061755050962128,2,0.8403,0.9920774102211,0.0004999961820431,0.007422593422234,0.9920774102211
C_2_021,C,2,0.7459,2,1.1659,2,0.8691690369991908,2,0.7604,1.0,3.888612543079262e-09,1.0714198417360876e-08,1.0
C_2_022,C,2,0.8312,1,0.4049,2,0.9600884596486592,2,0.9259,0.9999592304229736,6.771939297323115e-06,3.397542968741618e-05,0.9999592304229736
C_2_023,C,2,0.7427,1,0.0025,2,0.8003097915866244,2,0.7332,0.9999997615814208,3.524466052340358e-08,2.211596239476421e-07,0.9999997615814208
C_2_024,C,2,0.7517,2,0.9901,2,0.8440769205226862,2,0.7545,0.9999992847442628,1.6902494337500684e-07,5.180233983992366e-07,0.9999992847442628
C_2_025,C,2,0.6619,2,0.8628,2,0.5448779841983655,2,0.6494,0.999995231628418,4.768184226122685e-06,1.873559085652232e-10,0.999995231628418
C_2_026,C,2,0.807,1,0.5603,2,0.7684470631231898,2,0.7462,0.9996875524520874,0.0001078257337212,0.0002046680310741,0.9996875524520874
C_2_027,C,2,0.7805,2,0.0768,2,0.9170275306676462,2,0.8359,0.8688082098960876,0.0078280521556735,0.1233637407422065,0.8688082098960876
C_2_028,C,2,0.8478,0,1.4243,2,0.860717328061812,2,0.766,0.999996542930603,6.09672213158774e-07,2.8803342502214946e-06,0.999996542930603
C_2_029,C,2,0.6734,2,0.8033,2,0.7422826413374715,2,0.6919,0.9999831914901732,2.2773588170821317e-06,1.4512866982840931e-05,0.9999831914901732
C_2_030,C,2,0.6188,2,0.7179,2,0.4842630711344799,2,0.5394,0.9995591044425964,0.0003621093346737,7.872519927332178e-05,0.9995591044425964
C_2_031,C,2,0.7575,1,0.6644,2,0.8778225837980977,2,0.808,0.9999953508377076,1.9871664846959905e-07,4.4380467443261296e-06,0.9999953508377076
C_2_032,C,2,0.6496,2,0.5114,2,0.510542982677336,2,0.6816,0.9999946355819702,2.019098474193015e-06,3.404664767003851e-06,0.9999946355819702
C_2_033,C,2,0.7289,1,0.8094,1,0.755963237909448,2,0.6872,7.001928679528646e-06,1.8080354493577035e-06,0.9999911785125732,7.001928679528646e-06
C_2_034,C,2,0.6438,2,0.5709,2,0.7904321733724193,2,0.6963,0.999974250793457,1.1654829904728103e-05,1.407672152708983e-05,0.999974250793457
C_2_035,C,2,0.7003,2,0.5824,2,0.779872151340283,2,0.7204,0.9773178100585938,0.0197333637624979,0.0029488061554729,0.9773178100585938
C_2_036,C,2,0.6825,2,0.431,2,0.6828735520878774,2,0.677,0.9999303817749025,4.4697433622786775e-05,2.486930497980211e-05,0.9999303817749025
C_2_037,C,2,0.7254,1,0.96,2,0.8961749981050758,2,0.782,0.9999979734420776,5.464631840368384e-07,1.4925252571629244e-06,0.9999979734420776
C_2_038,C,2,0.645,2,0.7917,2,0.6315248457470157,1,0.6363,0.9998998641967772,5.31707592017483e-05,4.690370406024158e-05,0.9998998641967772
C_2_039,C,2,0.7109,2,0.3649,2,0.6702441060573787,2,0.7478,0.9999998807907104,3.45207196161823e-09,5.763651955703609e-08,0.9999998807907104
C_2_040,C,2,0.7428,2,0.1237,2,0.929106365953534,2,0.8219,0.999806582927704,0.0001455593883292,4.7881789214443415e-05,0.999806582927704
C_2_041,C,2,0.6487,2,0.7605,2,0.6398397071037213,2,0.6523,0.998347282409668,0.0004608599410858,0.0011918338714167,0.998347282409668
C_2_042,C,2,0.7686,2,0.3285,2,0.6035217594087783,2,0.6892,0.9999997615814208,3.013841975985088e-08,2.3651777780742125e-07,0.9999997615814208
C_1_000,C,1,0.3023,1,-0.438,1,0.2557637192654914,1,0.2715,0.0014981975546106,1.813870585465338e-05,0.9984837174415588,0.0014981975546106
C_1_001,C,1,0.574,1,0.0116,1,0.6099213848884808,1,0.6963,0.0009289779118262,0.0013364740880206,0.9977344274520874,0.0009289779118262
C_1_002,C,1,0.4091,1,0.1841,1,0.3565872967899675,1,0.4574,0.0001759241276886,5.715313363907626e-06,0.9998183846473694,0.0001759241276886
C_1_003,C,1,0.3124,1,0.2283,1,0.2972093571318166,1,0.356,0.0008295006118714,4.062509106006473e-05,0.9991299510002136,0.0008295006118714
C_1_004,C,1,0.5187,1,-0.7165,1,0.4345549501699249,1,0.4975,0.0011398036731407,4.910019924864173e-05,0.99881112575531,0.0011398036731407
C_1_005,C,1,0.4288,0,0.3173,1,0.3374827952888666,1,0.4576,0.0001124843402067,2.2259860088524874e-06,0.9998852014541626,0.0001124843402067
C_1_006,C,1,0.2424,1,0.5204,1,0.2823181309473834,1,0.2379,0.0008629551739431,2.6696287022787143e-05,0.9991104006767272,0.0008629551739431
C_1_007,C,1,0.2391,1,-0.3116,1,0.0287620844786637,1,0.1238,0.0001567905419506,1.250560671905987e-06,0.9998420476913452,0.0001567905419506
C_1_008,C,1,0.2846,1,-0.1515,1,0.1241979456865012,1,0.1315,1.744271685311105e-05,1.3511628367268711e-06,0.9999812841415404,1.744271685311105e-05
C_1_009,C,1,0.4306,1,0.1062,1,0.5400081678959461,2,0.5348,6.414244853658602e-05,3.1080376174941198e-06,0.9999327659606934,6.414244853658602e-05
C_1_010,C,1,0.2699,1,-0.6838,1,0.2608305653844467,1,0.3344,4.167247243458405e-05,3.306568714833702e-06,0.9999549388885498,4.167247243458405e-05
C_1_011,C,1,0.3274,1,-0.4634,1,0.2582852912373424,2,0.2192,2.1149566236999817e-05,3.56590726369177e-06,0.999975323677063,2.1149566236999817e-05
C_1_012,C,1,0.4151,1,-0.1032,1,0.5254025020089181,0,0.5167,0.1708088368177414,0.0628491714596748,0.7663419842720032,0.1708088368177414
C_1_013,C,1,0.4587,1,0.0186,1,0.5003267512520937,1,0.5423,0.0004776803543791,0.0001327877980656,0.9993894100189208,0.0004776803543791
C_1_014,C,1,0.3672,1,-0.3088,1,0.3103584033656499,1,0.3458,0.0003060718008782,6.281991227297112e-05,0.99963116645813,0.0003060718008782
C_1_015,C,1,0.4919,1,-0.0725,1,0.4545535283167001,2,0.4797,0.0001852775312727,4.530777459876845e-06,0.9998101592063904,0.0001852775312727
C_1_016,C,1,0.2596,1,0.1867,1,0.2712911814671749,1,0.2663,0.0064886957406997,0.0073786419816315,0.9861326217651368,0.0064886957406997
C_1_017,C,1,0.363,1,-0.0631,1,0.2851854589604992,1,0.2956,0.0008720071054995,0.0005341438227333,0.9985938668251038,0.0008720071054995
C_1_018,C,1,0.4632,1,0.1923,1,0.4669589523603364,1,0.4489,0.3026646077632904,0.0031706148292869,0.6941648125648499,0.3026646077632904
C_1_019,C,1,0.3959,2,-0.2469,1,0.4063091637830518,1,0.4452,1.091606100089848e-05,1.4013832760895184e-08,0.9999890327453612,1.091606100089848e-05
C_1_020,C,1,0.3083,2,0.0718,2,0.3250629315193641,1,0.349,0.9763418436050416,0.0025999292265623,0.0210583135485649,0.9763418436050416
C_1_021,C,1,0.2088,1,-0.2437,1,0.075999579940597,1,0.1491,7.714573439443484e-05,3.034345127161941e-06,0.999919891357422,7.714573439443484e-05
C_1_022,C,1,0.3362,1,0.3859,1,0.2767227700745341,1,0.2602,0.3041768372058868,0.0049999952316284,0.6908231973648071,0.3041768372058868
C_1_023,C,1,0.2908,1,-0.5158,1,0.3069449907693623,1,0.308,0.4136570990085602,0.0005854454939253,0.5857574343681335,0.4136570990085602
C_1_024,C,1,0.3616,2,-0.5577,1,0.313868092946543,1,0.3588,0.0056384848430752,0.0049999952316284,0.9893615245819092,0.0056384848430752
C_1_025,C,1,0.3798,1,0.0827,1,0.5155451054487118,1,0.4857,0.0036769807338714,0.0049999952316284,0.9913229942321776,0.0036769807338714
C_1_026,C,1,0.4285,2,0.295,1,0.4413952310381911,1,0.4859,3.822140206466429e-05,1.4664354921478662e-06,0.9999603033065796,3.822140206466429e-05
C_1_027,C,1,0.5536,1,-0.0445,1,0.3675141493125183,1,0.4444,0.0001514676114311,4.294126483728178e-06,0.9998441934585572,0.0001514676114311
C_1_028,C,1,0.412,1,0.5988,1,0.5915482559324364,1,0.5581,0.0002585243782959,8.134795280057006e-06,0.9997333884239196,0.0002585243782959
C_1_029,C,1,0.2801,1,-1.1301,1,0.1314155190712482,1,0.1881,0.0596447885036468,0.0006461411830969,0.9397090673446656,0.0596447885036468
C_1_030,C,1,0.3089,2,-0.3372,2,0.34195533281405,1,0.3815,0.9999685287475586,4.459241608856246e-06,2.702296114875935e-05,0.9999685287475586
C_1_031,C,1,0.4866,1,0.2504,1,0.5054746810166757,1,0.4769,0.0012014126405119,0.0002992695081047,0.9984993934631348,0.0012014126405119
C_1_032,C,1,0.5531,1,0.4427,1,0.4275758635036645,1,0.4622,0.0022459728643298,0.0096502332016825,0.9881038069725036,0.0022459728643298
C_1_033,C,1,0.4808,1,0.4435,1,0.5596724705122031,1,0.5663,0.0005543621955439,7.31709660612978e-05,0.9993725419044496,0.0005543621955439
C_1_034,C,1,0.3145,1,0.1957,1,0.2881039745155616,1,0.3146,0.0011397860944271,5.069942199042998e-05,0.9988094568252563,0.0011397860944271
C_1_035,C,1,0.2291,2,-0.7408,1,0.103481902421281,1,0.1183,3.703418315126328e-06,2.514618699933635e-07,0.9999960660934448,3.703418315126328e-06
C_1_036,C,1,0.3685,2,-0.4718,1,0.3290506452168248,1,0.401,0.0006714118062518,0.0003230656147934,0.9990054965019226,0.0006714118062518
C_1_037,C,1,0.3055,1,0.3839,1,0.3003770294061306,1,0.2975,2.5681361876195297e-05,5.7862612266035285e-06,0.9999685287475586,2.5681361876195297e-05
C_1_038,C,1,0.3129,1,0.0268,2,0.4480668697286996,1,0.4753,0.8632503747940063,0.0286648105829954,0.1080848798155784,0.8632503747940063
C_1_039,C,1,0.486,1,-0.043,1,0.3733683306043588,1,0.4554,2.2689329853164963e-05,1.0555227163422387e-06,0.9999762773513794,2.2689329853164963e-05
C_1_040,C,1,0.2341,1,0.1046,1,0.2434469533854593,1,0.2279,0.0002497381356079,5.253672497929074e-06,0.9997450709342957,0.0002497381356079
C_1_041,C,1,0.3107,2,-0.9581,1,0.3036201403061612,1,0.3166,3.946512606489705e-06,4.4895514292875305e-06,0.999991536140442,3.946512606489705e-06
C_1_042,C,1,0.341,2,0.2849,0,0.2458772113151898,1,0.2583,3.636444671428762e-05,0.9999629259109496,6.623787385251489e-07,3.636444671428762e-05
C_1_043,C,1,0.2874,2,0.5474,1,0.4608499395120703,1,0.4532,0.0020423925016075,0.0014780381461605,0.9964796900749208,0.0020423925016075
C_1_044,C,1,0.4087,1,-0.3623,1,0.2507840436936432,1,0.2295,3.880509393638931e-05,7.601618108310504e-07,0.9999604225158693,3.880509393638931e-05
C_1_045,C,1,0.4956,1,0.0785,1,0.3514911756384941,1,0.3877,0.000195868575247,0.0001909608690766,0.9996131062507628,0.000195868575247
C_1_046,C,1,0.2894,2,-0.3707,1,0.3924936498339001,1,0.4864,3.911705732662085e-07,1.1752699924372223e-09,0.9999996423721312,3.911705732662085e-07
C_1_047,C,1,0.3329,1,-0.1653,1,0.2686295514269243,1,0.3629,0.0001261230063391,4.038057340949308e-06,0.9998698234558104,0.0001261230063391
C_1_048,C,1,0.2603,1,-0.7721,1,0.2483223623031341,1,0.1836,8.04006340331398e-05,3.1874014894128777e-07,0.9999191761016846,8.04006340331398e-05
C_1_049,C,1,0.2674,1,0.1727,1,0.2634016005745515,1,0.3083,0.0442066863179206,0.0002509940823074,0.9555423855781556,0.0442066863179206
C_1_050,C,1,0.2205,1,0.2699,1,0.1414533338548535,1,0.1292,0.001371023710817,0.0001033962253131,0.9985255599021912,0.001371023710817
C_1_051,C,1,0.4907,1,0.0555,1,0.5750577027210845,1,0.6138,3.912633110303432e-05,7.478622592316242e-06,0.9999533891677856,3.912633110303432e-05
C_1_052,C,1,0.1979,1,-0.4641,1,0.1477254046255894,1,0.1692,3.45684056810569e-05,5.305884769768454e-06,0.9999600648880004,3.45684056810569e-05
C_1_053,C,1,0.2487,1,-0.0438,1,0.2532639142871214,1,0.2045,0.0012027999619022,0.0001115566556109,0.998685657978058,0.0012027999619022
C_1_054,C,1,0.5007,1,0.6269,1,0.569835533436626,1,0.532,0.0078862477093935,0.0028344083111733,0.989279329776764,0.0078862477093935
C_1_055,C,1,0.6148,2,0.1386,1,0.5804006411299646,1,0.5871,0.0005548170884139,9.156503438134678e-06,0.9994359612464904,0.0005548170884139
C_1_056,C,1,0.2147,1,-0.6938,1,0.2794984186781596,1,0.2673,9.394189874001311e-06,0.0049999952316284,0.9949905872344972,9.394189874001311e-06
C_1_057,C,1,0.3936,1,-0.3261,1,0.3212106522156425,1,0.3649,2.466674686729675e-06,3.2149986850527057e-07,0.9999971389770508,2.466674686729675e-06
C_1_058,C,1,0.496,2,-0.7885,1,0.3993227804951848,1,0.4861,0.0005210132803767,1.3060321180091703e-05,0.9994658827781676,0.0005210132803767
C_1_059,C,1,0.2666,2,-0.8773,1,0.2410300331294594,1,0.1929,5.029132807976566e-07,4.613569526412675e-09,0.9999995231628418,5.029132807976566e-07
C_1_060,C,1,0.3194,0,-0.2644,1,0.294111338037017,1,0.3307,8.117151992337313e-06,5.595338279817952e-06,0.9999862909317015,8.117151992337313e-06
C_1_061,C,1,0.2017,2,-0.5481,1,0.1123235795940746,1,0.1657,1.2419972335919738e-05,1.6303417282870217e-07,0.9999874830245972,1.2419972335919738e-05
C_1_062,C,1,0.2091,2,-0.5749,1,0.6238407432759515,1,0.2555,2.599218714749441e-05,7.94172365203849e-07,0.9999731779098512,2.599218714749441e-05
C_1_063,C,1,0.3989,2,0.5191,1,0.3466193081554239,1,0.4463,3.233762981835753e-05,1.1334830560372213e-05,0.9999563694000244,3.233762981835753e-05
C_1_064,C,1,0.4165,1,-0.0583,1,0.5351472671450862,1,0.4924,0.0001075316031347,0.0002109838824253,0.99968159198761,0.0001075316031347
C_1_065,C,1,0.4959,1,0.0479,1,0.6166701821010855,1,0.6595,0.0001470053539378,8.840746158966795e-05,0.999764621257782,0.0001470053539378
C_1_066,C,1,0.3049,1,-0.9329,1,0.2660004936245329,1,0.2811,6.4923005993478e-06,2.633305307142564e-08,0.9999935626983644,6.4923005993478e-06
C_1_067,C,1,0.3264,1,0.356,1,0.3619237468637292,1,0.4651,0.0132169444113969,0.0006334895151667,0.9861495494842528,0.0132169444113969
C_1_068,C,1,0.5302,1,0.7097,1,0.5974130615263612,1,0.609,0.0009486269555054,0.000200794354896,0.9988505840301514,0.0009486269555054
C_1_069,C,1,0.1941,2,-0.5268,1,0.0881971279686513,1,0.1274,0.00261164852418,0.0001028493279591,0.9972854852676392,0.00261164852418
C_1_070,C,1,0.4927,1,-0.1657,1,0.4133914298284264,1,0.4371,1.0265559922117973e-06,3.080353749851383e-08,0.999998927116394,1.0265559922117973e-06
C_1_071,C,1,0.4508,2,0.6297,1,0.3331861198463232,1,0.4388,0.0002957471006084,8.08317508926848e-06,0.9996961355209352,0.0002957471006084
C_1_072,C,1,0.3941,2,-0.1602,1,0.3858710772824317,1,0.4272,2.983680496981833e-05,3.141215074720094e-06,0.999967098236084,2.983680496981833e-05
C_1_073,C,1,0.3875,1,0.3438,1,0.0522457256166462,1,0.1808,2.711260094656609e-06,1.5231425720685365e-07,0.9999971389770508,2.711260094656609e-06
C_1_074,C,1,0.2406,2,-0.2751,1,0.2910777929158057,1,0.2721,0.0011939355172216,4.176364745944738e-05,0.9987642765045166,0.0011939355172216
C_1_075,C,1,0.3857,1,-0.2992,1,0.3174824359812943,1,0.3951,0.0002591257507447,0.0049999952316284,0.994740903377533,0.0002591257507447
C_1_076,C,1,0.3153,1,-0.8011,1,0.5546963301834084,1,0.5728,0.0257036201655864,0.0108038187026977,0.9634925723075868,0.0257036201655864
C_1_077,C,1,0.3654,1,-0.8985,1,0.3794895419918558,1,0.4379,7.608748273923993e-05,1.5089422049641144e-06,0.9999223947525024,7.608748273923993e-05
C_1_078,C,1,0.4411,0,-0.728,1,0.5497695758716494,1,0.5277,7.172754521889146e-06,0.0049999952316284,0.9949928522109984,7.172754521889146e-06
C_1_079,C,1,0.197,0,-0.8949,0,0.0114543997001457,1,-0.0148,6.10047354712151e-05,0.9999239444732666,1.4962918612582143e-05,6.10047354712151e-05
C_1_080,C,1,0.3456,0,-0.8534,1,0.273988015495419,1,0.2528,0.073308028280735,0.0158959962427616,0.9107959866523744,0.073308028280735
C_1_081,C,1,0.4417,1,0.4507,1,0.4205022528146633,1,0.4179,1.84508699021535e-05,0.0337809324264526,0.966200590133667,1.84508699021535e-05
C_0_000,C,0,0.1286,0,-0.2308,0,0.2149207218990436,0,0.1615,0.0027096681296825,0.988925278186798,0.0083650043234229,0.0027096681296825
C_0_001,C,0,0.1387,0,0.7888,0,0.1594963839687547,0,0.063,0.0406489558517932,0.9205507636070251,0.0388002358376979,0.0406489558517932
C_0_002,C,0,0.1215,0,0.4893,0,0.1203956854691511,0,0.0334,0.3878821134567261,0.5993863344192505,0.0127315483987331,0.3878821134567261
C_0_003,C,0,0.1308,0,-0.2518,0,0.2314665390451662,0,0.2236,0.0028439976740628,0.9836456775665284,0.0135103417560458,0.0028439976740628
C_0_004,C,0,0.1399,1,0.2031,0,0.2362303153066802,0,0.2023,0.0002938104735221,0.9995617270469666,0.0001444599765818,0.0002938104735221
C_0_005,C,0,0.1373,2,-0.4046,0,0.1623069086303879,0,0.1053,0.0157373584806919,0.9840789437294006,0.0001836599840316,0.0157373584806919
C_0_006,C,0,0.1297,0,0.5711,0,0.0936222805449251,0,0.0384,0.0130947297438979,0.9826219081878662,0.0042834165506064,0.0130947297438979
C_0_007,C,0,0.1341,0,-0.4615,1,0.1446263792667123,0,0.024,0.0027740341611206,0.0039869742467999,0.993238925933838,0.0027740341611206
C_0_008,C,0,0.1235,0,0.1431,0,0.2220032874282913,0,0.2318,0.0058579915203154,0.9870915412902832,0.0070505202747881,0.0058579915203154
C_0_009,C,0,0.1295,0,-0.3253,0,0.1933671870696646,0,0.2115,0.2730123400688171,0.6967553496360779,0.0302323177456855,0.2730123400688171
C_0_010,C,0,0.1378,0,-0.3348,1,0.1537255699786595,0,0.1082,0.0003919391601812,0.0245073437690734,0.9751006960868835,0.0003919391601812
C_0_011,C,0,0.136,0,0.3256,0,0.1677970324176648,0,0.1032,0.1262299418449401,0.8522124886512756,0.021557530388236,0.1262299418449401
C_0_012,C,0,0.132,0,0.2634,0,0.116443881481942,0,0.0256,0.1378370225429535,0.6691179871559143,0.1930449306964874,0.1378370225429535
C_0_013,C,0,0.1488,0,-0.1033,0,0.2054300206316295,0,0.126,0.1482036262750625,0.6916559338569641,0.1601404398679733,0.1482036262750625
C_0_014,C,0,0.1213,0,-0.5094,0,0.1783414010320523,0,0.1352,0.0282757561653852,0.9568176865577698,0.0149065405130386,0.0282757561653852
C_0_015,C,0,0.1197,0,0.3668,0,0.0611813981849583,0,-0.0304,1.684284688963089e-05,0.9999431371688844,4.009485928690992e-05,1.684284688963089e-05
C_0_016,C,0,0.1216,0,-0.1199,0,0.1757528190462761,0,0.1562,0.0001016389214782,0.9994528889656068,0.0004454817681107,0.0001016389214782
C_0_017,C,0,0.1203,0,-0.0282,0,0.1381992717505848,0,0.0686,0.0153321353718638,0.98062002658844,0.0040478049777448,0.0153321353718638
C_0_018,C,0,0.1192,0,0.2443,0,0.1909131541071807,0,0.1153,0.0329644419252872,0.7544777989387512,0.212557703256607,0.0329644419252872
C_0_019,C,0,0.1241,0,-0.2672,0,0.0986993356790219,0,0.0461,0.0086116576567292,0.9595497846603394,0.031838521361351,0.0086116576567292
C_0_020,C,0,0.1154,0,0.1501,0,0.2243643719475101,1,0.283,7.61376359150745e-05,0.991671621799469,0.008252253755927,7.61376359150745e-05
C_0_021,C,0,0.1267,0,-0.0615,0,0.5204940597003395,0,0.3496,0.0197255294770002,0.8197520971298218,0.1605224013328552,0.0197255294770002
C_0_022,C,0,0.1504,1,0.4473,0,0.203039961063843,0,0.1803,0.1112533882260322,0.8639166355133057,0.0248298924416303,0.1112533882260322
C_0_023,C,0,0.1436,0,0.29,0,0.1650726243681336,0,0.0965,0.0778385773301124,0.9149013757705688,0.007260070182383,0.0778385773301124
C_0_024,C,0,0.125,0,0.0875,0,0.2196431830929724,0,0.2157,0.010322893038392,0.9351277351379396,0.0545493811368942,0.010322893038392
C_0_025,C,0,0.1217,0,0.3383,0,0.1982290705294559,0,0.1831,0.0114105846732854,0.9135017395019532,0.0750876739621162,0.0114105846732854
C_0_026,C,0,0.1683,0,0.4967,0,0.1348563237017378,0,0.0432,0.1007838174700737,0.8236183524131775,0.07559784501791,0.1007838174700737
C_0_027,C,0,0.1644,0,0.3606,0,0.1507566237348804,0,0.0585,0.0096706403419375,0.9555103778839112,0.0348190553486347,0.0096706403419375
C_0_028,C,0,0.146,0,0.6358,0,0.2267277363218747,0,0.2128,0.4283946752548218,0.5446330308914185,0.0269722454249858,0.4283946752548218
C_0_029,C,0,0.1459,0,0.6208,0,0.1704832481207525,0,0.1597,0.0116130765527486,0.988101840019226,0.0002850960590876,0.0116130765527486
C_0_030,C,0,0.1654,0,0.7688,0,0.212555763681837,0,0.1236,0.1764443218708038,0.8058761954307556,0.0176794677972793,0.1764443218708038
C_0_031,C,0,0.1211,0,0.4186,0,0.1278666624642961,0,0.0328,0.240794837474823,0.6974916458129883,0.0617134869098663,0.240794837474823
C_0_032,C,0,0.1298,0,0.5104,0,0.0690043383173573,0,-0.0355,0.1273864060640335,0.5731919407844543,0.2994216680526733,0.1273864060640335
C_0_033,C,0,0.1214,0,0.1647,0,0.2386249787148635,0,0.2647,0.1914378106594085,0.7334461212158203,0.0751161202788353,0.1914378106594085
C_0_034,C,0,0.1311,0,0.2958,0,0.1884414897634997,0,0.0794,0.0174920968711376,0.5039612054824829,0.478546679019928,0.0174920968711376
C_0_035,C,0,0.1204,0,0.663,0,0.1566373028123586,0,0.102,0.0006672106101177,0.985724151134491,0.0136086819693446,0.0006672106101177
C_0_036,C,0,0.1237,0,0.476,0,0.2290946833202622,0,0.2751,0.0001394207065459,0.9989181756973268,0.0009423821466043,0.0001394207065459
C_0_037,C,0,0.1421,0,0.0349,0,0.0823540145412016,0,0.0421,0.0007896428578533,0.9963029623031616,0.002907310379669,0.0007896428578533
C_0_038,C,0,0.1363,0,-0.208,0,0.1834380326162669,0,0.1387,0.0019685763400048,0.9965956807136536,0.0014357430627569,0.0019685763400048
C_0_039,C,0,0.1269,0,0.3012,0,0.2101865491223001,0,0.1766,0.106174349784851,0.8729169368743896,0.0209087077528238,0.106174349784851
C_0_040,C,0,0.1498,0,0.3536,0,0.2078117651864732,0,0.1583,0.1033154502511024,0.8607983589172363,0.0358862355351448,0.1033154502511024
C_0_041,C,0,0.1698,0,-0.131,0,0.2338446256477551,0,0.2765,0.2196182012557983,0.541588306427002,0.2387934327125549,0.2196182012557983
C_0_042,C,0,0.1239,0,-0.3406,0,0.0417271806883494,0,0.2579,0.0019477920141071,0.9646174907684326,0.0334346890449523,0.0019477920141071
C_0_043,C,0,0.1206,0,-0.0612,0,0.1809023907841992,0,0.1648,0.0548267401754856,0.8342347741127014,0.1109384298324585,0.0548267401754856
C_0_044,C,0,0.1183,0,-0.5897,0,0.1731342681930649,0,0.1412,0.0047045806422829,0.9882591962814332,0.0070361602120101,0.0047045806422829
C_0_045,C,0,0.1261,0,-0.0936,0,0.1859504077487386,0,0.1199,9.90057596936822e-05,0.9998699426651,3.1020932510728016e-05,9.90057596936822e-05
C_0_046,C,0,0.1424,0,0.3066,0,0.1958052942870615,0,0.1181,0.3949989974498749,0.4744442105293274,0.1305567920207977,0.3949989974498749
C_0_047,C,0,0.151,0,-0.0634,0,0.2172827625455733,0,0.2117,7.3010875212276e-07,0.9258747100830078,0.0741245746612548,7.3010875212276e-07
C_0_048,C,0,0.1414,0,-0.0311,0,0.2006401218351434,0,0.1644,0.0351747050881385,0.6237491369247437,0.3410761654376983,0.0351747050881385
C_0_049,C,0,0.129,0,0.4651,0,0.108012096619858,0,0.0139,0.0100108617916703,0.9376475214958192,0.0523416399955749,0.0100108617916703
D_2_000,D,2,0.636,2,0.6957,1,0.6173387209572896,2,0.6332,0.0002664997300598,0.0049999952316284,0.9947335124015808,0.0002664997300598
D_2_001,D,2,0.7846,0,1.2901,2,0.969372229781302,2,0.7842,0.9999741315841676,2.552959301738156e-07,2.565673094068188e-05,0.9999741315841676
D_2_002,D,2,0.6897,2,1.532,2,0.5186208073713996,2,0.6475,0.9923282265663148,0.0022104836534708,0.0054612490348517,0.9923282265663148
D_2_003,D,2,0.7437,0,-0.0869,2,0.5016355109141687,2,0.7045,0.9999996423721312,1.0908382108709703e-07,2.319015095508803e-07,0.9999996423721312
D_2_004,D,2,0.7131,2,0.8966,2,0.6791878268754153,2,0.7204,0.9999997615814208,1.558862692263574e-07,8.25323098752051e-08,0.9999997615814208
D_2_005,D,2,0.7558,2,0.822,2,0.8754184445570594,2,0.799,0.999323844909668,4.288383206585422e-05,0.0006333230994641,0.999323844909668
D_2_006,D,2,0.7961,2,1.0783,2,0.8400073737223936,2,0.7815,1.0,1.6802868429977025e-08,3.932561654096389e-08,1.0
D_2_007,D,2,0.7493,2,-0.4002,2,0.8281714955297916,2,0.7481,0.9999974966049194,1.2230677270963497e-07,2.4274515908473404e-06,0.9999974966049194
D_2_008,D,2,0.6935,1,0.9022,2,0.5059592911514764,2,0.7422,0.9999895095825196,6.389628197212005e-06,4.080818143847864e-06,0.9999895095825196
D_2_009,D,2,0.7073,2,0.6402,2,0.5102259629769555,2,0.5727,0.9999845027923584,2.851674707926577e-06,1.2629605407710189e-05,0.9999845027923584
D_2_010,D,2,0.6279,2,1.1638,2,0.5227647191004197,2,0.6788,0.9999418258666992,2.4424249204457738e-05,3.3701606298564e-05,0.9999418258666992
D_2_011,D,2,0.7268,2,0.6836,2,0.9245761214457802,2,0.7665,0.999963879585266,2.3267507458513137e-06,3.380377893336117e-05,0.999963879585266
D_2_012,D,2,0.7065,2,0.9132,2,0.4927817366421619,2,0.7194,0.999945878982544,1.516223392172833e-06,5.261254045763053e-05,0.999945878982544
D_2_013,D,2,0.7631,0,0.4985,2,0.955337770366935,2,0.8348,0.9999783039093018,3.3669698495941702e-06,1.8283155441167764e-05,0.9999783039093018
D_2_014,D,2,0.7132,2,1.4398,2,0.591003217942633,2,0.6811,0.9999780654907228,8.850994390741107e-07,2.1074323740322143e-05,0.9999780654907228
D_2_015,D,2,0.7837,2,-0.3328,2,0.90864193020024,2,0.87,0.9999992847442628,2.471531956871331e-07,4.501665671341471e-07,0.9999992847442628
D_2_016,D,2,0.696,2,1.014,2,0.6061774228234427,2,0.6494,0.999758780002594,5.7177396229235455e-05,0.0001840444601839,0.999758780002594
D_2_017,D,2,0.7057,1,0.6006,2,0.6364422211420621,2,0.6784,0.999668836593628,3.1032905098982155e-06,0.0003280120145063,0.999668836593628
D_2_018,D,2,0.7161,2,0.8578,2,0.5683276928143921,2,0.68,0.9986373782157898,0.0012973066186532,6.530038808705285e-05,0.9986373782157898
D_2_019,D,2,0.824,0,1.0834,2,0.7563590311526242,2,0.7648,0.999996542930603,1.394323135173181e-06,2.1128435037098825e-06,0.999996542930603
D_2_020,D,2,0.7211,2,0.116,2,0.8634121503413336,2,0.7832,0.9963877201080322,0.0029198464471846,0.0006925052148289,0.9963877201080322
D_2_021,D,2,0.8046,0,0.5603,2,0.943706906672462,0,0.8624,0.999998927116394,2.665782119493088e-07,7.477347594431194e-07,0.999998927116394
D_2_022,D,2,0.6787,1,0.1451,2,0.4972459529573445,2,0.7195,0.9999854564666748,9.474078069615643e-06,5.066787252872018e-06,0.9999854564666748
D_2_023,D,2,0.7183,1,0.9067,2,0.8030668955058111,2,0.7616,0.9999608993530272,8.506322956236545e-06,3.056911737076007e-05,0.9999608993530272
D_2_024,D,2,0.7265,0,0.5284,2,0.581630473880829,2,0.6886,0.9999836683273317,6.011109235259937e-06,1.0337567800888792e-05,0.9999836683273317
D_2_025,D,2,0.7669,2,0.6154,2,0.8221236673320571,2,0.7733,0.9999994039535522,2.624411479246192e-07,3.608700467339077e-07,0.9999994039535522
D_2_026,D,2,0.6986,2,0.8773,2,0.7738207342324378,2,0.7236,0.9996997117996216,0.000222021175432,7.827404624549672e-05,0.9996997117996216
D_2_027,D,2,0.7145,1,0.9958,2,0.7015161271485013,2,0.6915,0.9856729507446288,0.000993950641714,0.013333098962903,0.9856729507446288
D_2_028,D,2,0.6118,2,1.8253,2,0.5473525170988485,2,0.6248,0.950812816619873,0.0381188616156578,0.0110683450475335,0.950812816619873
D_2_029,D,2,0.6602,2,0.1838,2,0.6436762946455399,2,0.6472,0.9969115853309632,0.0003688191063702,0.002719658659771,0.9969115853309632
D_2_030,D,2,0.6173,2,0.9684,2,0.5350732291666451,2,0.6657,0.9998205304145812,2.140727337973658e-05,0.0001580878597451,0.9998205304145812
D_2_031,D,2,0.7062,1,0.188,2,0.8879685464424358,1,0.7497,0.9999831914901732,1.4063649587114924e-06,1.540389348519966e-05,0.9999831914901732
D_2_032,D,2,0.8284,1,0.5992,2,0.8693654127723688,2,0.8202,0.9999561309814452,3.4147437872888986e-06,4.051194991916418e-05,0.9999561309814452
D_2_033,D,2,0.7183,1,1.4157,2,0.851683212072879,2,0.7393,0.9985983967781068,0.0007729720673523,0.0006286394200287,0.9985983967781068
D_2_034,D,2,0.7235,1,0.4636,2,0.7817209063226335,2,0.6767,0.99994158744812,2.8498492611106485e-05,2.9858530979254283e-05,0.99994158744812
D_2_035,D,2,0.7739,2,-0.0867,2,0.8945537027063228,2,0.8051,0.9999961853027344,1.3832139700298285e-07,3.70346810996125e-06,0.9999961853027344
D_2_036,D,2,0.7045,1,1.5161,0,0.7653968788628921,2,0.7168,1.1492174962768331e-05,0.9999827146530152,5.825284006277798e-06,1.1492174962768331e-05
D_2_037,D,2,0.7228,0,0.1983,2,0.7891813129082325,2,0.7624,0.9999799728393556,3.6223000279278494e-06,1.6460102415294386e-05,0.9999799728393556
D_2_038,D,2,0.6838,2,1.2459,2,0.7466241677006378,2,0.7138,0.9998169541358948,0.0001197093515656,6.333651253953576e-05,0.9998169541358948
D_2_039,D,2,0.7877,0,1.4356,2,0.9163164277487148,2,0.8049,0.9999728202819824,1.320691080763936e-05,1.3916100215283222e-05,0.9999728202819824
D_2_040,D,2,0.7926,1,0.5831,2,0.9336104799817088,2,0.7987,0.9999980926513672,1.875807242868177e-07,1.672751523074112e-06,0.9999980926513672
D_2_041,D,2,0.7494,2,0.6422,2,0.7133081633559455,2,0.7113,0.9999794960021972,1.3870921975467354e-06,1.911690560518764e-05,0.9999794960021972
D_2_042,D,2,0.7972,2,0.9222,2,0.7249743301610254,2,0.7429,0.9999971389770508,2.032239990512608e-06,8.688049319971469e-07,0.9999971389770508
D_2_043,D,2,0.8029,1,0.5369,2,0.987732802857535,2,0.8863,0.9999992847442628,1.5680943477036638e-07,5.407287062553223e-07,0.9999992847442628
D_2_044,D,2,0.7586,2,0.428,2,0.6514758868698225,2,0.6968,0.9999678134918212,5.064041033620015e-06,2.711538581934292e-05,0.9999678134918212
D_2_045,D,2,0.7191,2,0.4507,2,0.8096089723107146,2,0.7273,0.9890534281730652,0.0003755383659154,0.0105710523203015,0.9890534281730652
D_2_046,D,2,0.7799,2,1.1173,2,0.9014200803743012,2,0.7903,0.9999754428863524,1.5118808732950129e-05,9.467634299653582e-06,0.9999754428863524
D_2_047,D,2,0.6176,2,0.9327,2,0.5391596399805927,2,0.6597,0.9986448884010316,0.0003852978115901,0.0009698679787106,0.9986448884010316
D_2_048,D,2,0.7825,0,0.0817,2,0.8159479315391627,2,0.7799,0.999994158744812,3.570329909052816e-06,2.229936399089638e-06,0.999994158744812
D_2_049,D,2,0.7607,2,0.5325,2,0.8816061077660273,2,0.8289,0.9999905824661256,1.7829817124948022e-06,7.634552275703754e-06,0.9999905824661256
D_2_050,D,2,0.6708,2,-0.201,2,0.8575276056671471,2,0.7423,0.9999072551727296,4.007124516647309e-05,5.265498475637287e-05,0.9999072551727296
D_2_051,D,2,0.731,2,0.7741,2,0.7361469683740367,2,0.6792,0.9999558925628662,5.445650003821356e-06,3.869486681651324e-05,0.9999558925628662
D_2_052,D,2,0.7636,2,0.6121,2,0.6691516327243278,2,0.7555,0.9944286346435548,0.0008346544927917,0.0047367052175104,0.9944286346435548
D_2_053,D,2,0.8155,1,0.1332,2,0.7962755946069032,2,0.7019,0.9999871253967284,2.6100042305188254e-06,1.0242903044854756e-05,0.9999871253967284
D_2_054,D,2,0.775,1,0.431,2,0.8341230242889568,2,0.7603,0.9999997615814208,4.7405954717305584e-09,1.987302340467068e-07,0.9999997615814208
D_2_055,D,2,0.8636,1,1.5584,2,0.8458519300173861,2,0.7281,0.9999998807907104,1.727656595562621e-08,5.472728048516728e-08,0.9999998807907104
D_2_056,D,2,0.5918,2,0.1631,2,0.5309835233471181,2,0.6314,0.9995263814926147,2.1857731553609483e-05,0.0004518171190284,0.9995263814926147
D_2_057,D,2,0.5819,2,1.1448,2,0.5144438006804269,2,0.6067,0.9988818764686584,0.0002672972623258,0.0008507791790179,0.9988818764686584
D_2_058,D,2,0.698,2,-0.0483,1,0.5598098923329223,2,0.6714,0.0006233983440324,1.1588054803723937e-05,0.9993650317192078,0.0006233983440324
D_2_059,D,2,0.6033,2,1.0839,2,0.5268831545083683,2,0.5999,0.9998421669006348,1.3488898730429357e-05,0.0001443578221369,0.9998421669006348
D_2_060,D,2,0.6312,2,0.7931,2,0.6900301135679857,2,0.644,0.9955968260765076,0.0009479841100983,0.0034552211873233,0.9955968260765076
D_2_061,D,2,0.7526,0,0.8882,2,0.6599362263820138,2,0.7206,0.9999864101409912,3.0745425760869693e-07,1.3282404324854724e-05,0.9999864101409912
D_1_000,D,1,0.2487,0,0.8951,1,0.2903923459282623,1,0.3585,3.92601077692234e-06,0.0049999952316284,0.9949960708618164,3.92601077692234e-06
D_1_001,D,1,0.3817,1,1.122,1,0.2987403424293679,1,0.3682,2.301143467775546e-05,4.23295489326847e-07,0.9999765157699584,2.301143467775546e-05
D_1_002,D,1,0.4997,1,1.7098,1,0.3138970564683028,1,0.3628,1.4351933714351617e-05,2.228835711548527e-07,0.9999854564666748,1.4351933714351617e-05
D_1_003,D,1,0.1964,1,0.2036,1,0.2700300857295876,1,0.2868,0.0001346098288195,3.007809482369339e-06,0.9998624324798584,0.0001346098288195
D_1_004,D,1,0.4869,1,0.5565,1,0.3516151980420204,1,0.424,0.0104654375463724,0.0049999952316284,0.9845345616340636,0.0104654375463724
D_1_005,D,1,0.3512,2,0.5539,1,0.1316752802258349,1,0.1732,0.0109430216252803,0.0049999952316284,0.9840570092201232,0.0109430216252803
D_1_006,D,1,0.2969,2,0.7102,1,0.1107863828570243,1,0.232,0.0005656091379933,0.0005472815246321,0.9988871216773988,0.0005656091379933
D_1_007,D,1,0.5033,1,0.9599,1,0.5771099983766789,2,0.6347,5.492320724442834e-06,2.0540404932489767e-07,0.9999942779541016,5.492320724442834e-06
D_1_008,D,1,0.2072,2,0.3378,1,0.247024250260466,1,0.2711,1.04145719888038e-05,2.3095240067050327e-06,0.9999873638153076,1.04145719888038e-05
D_1_009,D,1,0.4809,1,0.6305,1,0.4179942544132866,1,0.5032,0.0008156081894412,0.000165102945175,0.9990192651748656,0.0008156081894412
D_1_010,D,1,0.3934,1,0.6277,1,0.3429953509663841,1,0.3651,9.66923835221678e-05,3.703830998347257e-06,0.9998996257781982,9.66923835221678e-05
D_1_011,D,1,0.222,1,-0.152,1,0.1026683818124841,1,0.1432,0.0001368810917483,1.5109992091311142e-05,0.9998480081558228,0.0001368810917483
D_1_012,D,1,0.4164,1,1.1583,1,0.2724555329585339,1,0.3066,0.0004465495585463,4.1567578591639176e-05,0.9995118379592896,0.0004465495585463
D_1_013,D,1,0.5006,1,0.7997,1,0.3935196519152786,1,0.4594,0.1035978347063064,0.0049999952316284,0.8914021849632263,0.1035978347063064
D_1_014,D,1,0.4956,1,0.3313,1,0.4638938922233997,1,0.5027,3.821389427116628e-08,3.6468783548571077e-10,1.0,3.821389427116628e-08
D_1_015,D,1,0.5139,1,0.8868,1,0.572680059413865,1,0.594,3.840412318822928e-06,2.3997310449885845e-07,0.9999959468841552,3.840412318822928e-06
D_1_016,D,1,0.5013,1,0.6076,1,0.6116317511063156,1,0.7488,1.3826664826410706e-06,8.066125189998274e-08,0.9999984502792358,1.3826664826410706e-06
D_1_017,D,1,0.3866,1,0.7572,1,0.2404329288096262,1,0.2527,1.5408278386530585e-06,9.85697212740888e-09,0.9999984502792358,1.5408278386530585e-06
D_1_018,D,1,0.4449,1,1.4182,1,0.3710277964233142,1,0.5095,1.057094891621091e-06,3.76357576215014e-08,0.999998927116394,1.057094891621091e-06
D_1_019,D,1,0.466,2,1.0787,1,0.3171594664713484,1,0.3542,0.0002680112665984,1.709413481876254e-05,0.9997149109840392,0.0002680112665984
D_1_020,D,1,0.2713,1,0.8328,1,0.3349923720578973,1,0.338,0.000794042891357,1.1178327440575233e-05,0.9991948008537292,0.000794042891357
D_1_021,D,1,0.3253,1,0.1561,1,0.3389220824748065,1,0.4183,0.0003111129626631,2.5480962904111948e-06,0.999686360359192,0.0003111129626631
D_1_022,D,1,0.3324,1,0.2975,1,0.2824757382838593,1,0.3327,7.199066749308258e-05,7.699833872720774e-07,0.999927282333374,7.199066749308258e-05
D_1_023,D,1,0.4795,1,0.6649,1,0.5958906936061674,1,0.625,2.1641947114403592e-06,1.0328636079748321e-07,0.9999977350234984,2.1641947114403592e-06
D_1_024,D,1,0.2115,1,0.9889,1,0.1182425502405783,1,0.1982,3.4733086522464878e-06,1.0814274986614693e-07,0.9999964237213136,3.4733086522464878e-06
D_1_025,D,1,0.3521,1,0.4197,1,0.3609363583743336,1,0.3931,2.2324229576042853e-06,1.6850417239311358e-07,0.999997615814209,2.2324229576042853e-06
D_1_026,D,1,0.4837,1,0.3068,1,0.274910647379296,1,0.366,1.0680248124117496e-05,2.280200419590983e-07,0.9999890327453612,1.0680248124117496e-05
D_1_027,D,1,0.3704,1,0.4963,1,0.1251726113568654,1,0.2616,0.013201093301177,0.0343841947615146,0.9524146318435668,0.013201093301177
D_1_028,D,1,0.248,1,1.3525,1,0.2676323871760037,1,0.2827,0.0006155995652079,0.0001199828620883,0.9992644190788268,0.0006155995652079
D_1_029,D,1,0.3771,2,0.4259,1,0.6233405323236731,1,0.4754,3.889040272042621e-06,9.648176302334833e-08,0.9999959468841552,3.889040272042621e-06
D_1_030,D,1,0.4378,2,0.5214,1,0.6009403490834041,1,0.6188,1.4042449947737625e-05,1.8490376874069625e-07,0.999985694885254,1.4042449947737625e-05
D_1_031,D,1,0.4855,1,0.8112,2,0.5514744051648498,1,0.4842,0.9771890640258788,0.0065346853807568,0.0162761881947517,0.9771890640258788
D_1_032,D,1,0.3676,1,1.2677,1,0.3107192825068703,1,0.3662,1.306293961533811e-05,2.693912790618924e-07,0.9999866485595704,1.306293961533811e-05
D_1_033,D,1,0.21,2,0.889,1,0.1465091153700208,1,0.1337,0.0001584179408382,0.0003240796504542,0.9995174407958984,0.0001584179408382
D_1_034,D,1,0.283,1,0.9983,1,0.3016354850058412,1,0.3228,3.868003113893792e-05,1.328437247138936e-05,0.9999481439590454,3.868003113893792e-05
D_1_035,D,1,0.3131,1,0.7293,1,0.1673998573739082,1,0.2265,9.019096069096122e-06,1.7031090465025045e-05,0.9999738931655884,9.019096069096122e-06
D_1_036,D,1,0.4767,0,1.1598,2,0.4788467067888591,1,0.5109,0.9999089241027832,6.417858003260335e-06,8.459079981548712e-05,0.9999089241027832
D_1_037,D,1,0.2102,1,0.1206,1,0.2514806224568439,1,0.2361,0.000201084112632,1.935046611833968e-06,0.9997970461845398,0.000201084112632
D_1_038,D,1,0.3647,1,0.6891,0,0.2492454286228415,1,0.2682,1.4044052477402149e-05,0.9999843835830688,1.55709051341546e-06,1.4044052477402149e-05
D_1_039,D,1,0.4159,1,0.1975,1,0.2877098596637598,1,0.3473,6.083481275709346e-05,7.422857493111223e-07,0.9999384880065918,6.083481275709346e-05
D_1_040,D,1,0.2439,1,0.7376,1,0.3045937935359191,1,0.3681,1.6541955119464546e-05,2.9314660423551686e-06,0.9999804496765136,1.6541955119464546e-05
D_1_041,D,1,0.3976,1,0.8491,1,0.3658827875224608,1,0.4191,0.0002116242540068,6.78609512760886e-06,0.9997815489768982,0.0002116242540068
D_1_042,D,1,0.4594,1,0.0929,1,0.5640411898507992,1,0.5443,9.084424732463958e-07,2.134622967275845e-08,0.9999990463256836,9.084424732463958e-07
D_1_043,D,1,0.4021,1,0.514,1,0.4586407753824654,1,0.4932,2.266601313749561e-06,1.429338567504601e-07,0.999997615814209,2.266601313749561e-06
D_1_044,D,1,0.3592,2,0.5223,1,0.3311959910702538,0,0.3856,7.120608529476158e-07,2.565645829122332e-08,0.9999992847442628,7.120608529476158e-07
D_1_045,D,1,0.2957,2,-0.3104,1,0.2773975401693176,1,0.3281,4.800872193300165e-05,3.470380249837035e-07,0.9999516010284424,4.800872193300165e-05
D_1_046,D,1,0.4494,2,0.0687,1,0.488233545496449,1,0.5139,2.3160979253589176e-05,8.97570885172172e-07,0.9999759197235109,2.3160979253589176e-05
D_1_047,D,1,0.4414,1,1.2173,1,0.3205130777925583,1,0.3887,0.0048320838250219,0.0001858340983744,0.9949820637702942,0.0048320838250219
D_1_048,D,1,0.3924,1,0.4493,1,0.2582831438551907,1,0.3064,7.420762995025143e-05,0.0001188821624964,0.9998069405555724,7.420762995025143e-05
D_1_049,D,1,0.4389,2,-0.3925,1,0.3561831816124157,1,0.4454,1.3091022083244752e-05,1.4833553905191366e-06,0.9999854564666748,1.3091022083244752e-05
D_1_050,D,1,0.4369,2,1.4969,1,0.4302004834166755,1,0.5084,9.84224971034564e-05,1.6751796465541702e-06,0.9998998641967772,9.84224971034564e-05
D_1_051,D,1,0.3104,1,-0.021,2,0.2629128229842684,1,0.2777,0.9999862909317015,8.594569749220682e-07,1.2910069926874712e-05,0.9999862909317015
D_1_052,D,1,0.4109,1,1.4178,2,0.2931225964537669,2,0.3024,0.9999949932098388,2.980660553930648e-07,4.670116595661966e-06,0.9999949932098388
D_1_053,D,1,0.1966,2,1.144,1,0.0489934219391338,1,0.1237,1.8099919543601573e-05,1.0272327017446514e-05,0.9999716281890868,1.8099919543601573e-05
D_1_054,D,1,0.4472,1,0.5193,1,0.3076200346117556,1,0.4161,0.0008517351816408,6.578226020792499e-05,0.9990825653076172,0.0008517351816408
D_1_055,D,1,0.4101,1,0.6264,1,0.4419986199397178,1,0.5071,0.0003270634624641,7.526564149884507e-05,0.9995976090431212,0.0003270634624641
D_1_056,D,1,0.2375,2,0.9094,1,0.01047092270512,1,0.0428,0.0012748350854963,7.115322659956291e-05,0.9986538887023926,0.0012748350854963
D_1_057,D,1,0.3085,1,0.2696,1,0.4690070908961726,1,0.4577,0.0001695761020528,3.72290287486976e-06,0.999826729297638,0.0001695761020528
D_1_058,D,1,0.396,1,1.2564,1,0.3239650897173873,1,0.4302,0.0001027109101414,5.84045437790337e-07,0.9998966455459596,0.0001027109101414
D_1_059,D,1,0.2386,1,0.3239,1,0.260587531406208,1,0.2386,0.0032546631991863,2.1640604245476425e-05,0.9967237114906312,0.0032546631991863
D_1_060,D,1,0.5178,1,0.0797,1,0.3763724046240749,1,0.4807,9.44904168136418e-05,1.471264931751648e-05,0.9998908042907716,9.44904168136418e-05
D_1_061,D,1,0.3851,1,0.734,1,0.3819120160507716,1,0.4589,2.1282353372953366e-06,2.0678469070389843e-07,0.999997615814209,2.1282353372953366e-06
D_1_062,D,1,0.5262,2,0.6078,1,0.3995378700733392,0,0.4102,0.0001433588331565,0.0004782826872542,0.9993783235549928,0.0001433588331565
D_1_063,D,1,0.4932,1,0.711,1,0.4361627606739045,1,0.435,1.3045097148278728e-05,3.4719626000878634e-06,0.999983549118042,1.3045097148278728e-05
D_1_064,D,1,0.2404,1,0.0787,1,0.2652605422854233,1,0.2761,0.0002823783725034,8.907832125260029e-06,0.9997087121009828,0.0002823783725034
D_1_065,D,1,0.5127,1,0.5195,1,0.4241340981664017,1,0.5154,1.0998392099281771e-05,0.0049999952316284,0.994988977909088,1.0998392099281771e-05
D_1_066,D,1,0.2846,1,0.1999,1,0.6296879779902019,1,0.3979,1.2987690070076496e-06,9.627663999367542e-09,0.9999986886978148,1.2987690070076496e-06
D_1_067,D,1,0.2859,1,0.1438,1,0.1624216727177994,2,0.2419,0.0003641048679128,2.659016536199488e-05,0.9996092915534972,0.0003641048679128
D_1_068,D,1,0.3357,2,0.9708,1,0.2448158758779754,1,0.2379,6.176166061777622e-05,2.6497914404899348e-06,0.9999356269836426,6.176166061777622e-05
D_1_069,D,1,0.3737,1,0.3326,1,0.3275232309983867,1,0.3796,1.2264298732134193e-07,1.205677224724866e-09,0.9999998807907104,1.2264298732134193e-07
D_1_070,D,1,0.2894,1,0.2769,1,0.0650812658548082,1,0.2236,0.0001824218634283,0.0003318974631838,0.9994856119155884,0.0001824218634283
D_1_071,D,1,0.4127,1,1.0906,1,0.279918447680286,1,0.2886,9.966400102712214e-05,8.14885333966231e-06,0.999892234802246,9.966400102712214e-05
D_1_072,D,1,0.3998,1,0.8283,1,0.4056519836940665,1,0.4947,4.909500717076298e-07,7.23203470442968e-07,0.9999988079071044,4.909500717076298e-07
D_1_073,D,1,0.4427,1,0.7612,1,0.5862560822805165,1,0.633,3.972183912992477e-05,1.4307254787127022e-05,0.9999459981918336,3.972183912992477e-05
D_1_074,D,1,0.5146,1,0.7453,1,0.4532417730470081,1,0.4523,0.0002883753622882,3.982153430115432e-06,0.9997076392173768,0.0002883753622882
D_1_075,D,1,0.3962,2,0.2158,1,0.473988335494343,1,0.515,0.101128339767456,0.0049999952316284,0.8938716650009155,0.101128339767456
D_1_076,D,1,0.4427,1,1.0019,1,0.5556239938717994,1,0.5874,0.0003796465753111,1.0840391041710973e-05,0.9996095299720764,0.0003796465753111
D_1_077,D,1,0.2934,2,-0.2974,1,0.4476939674833583,1,0.4467,1.7148355482277111e-06,5.194142360664956e-08,0.9999983310699464,1.7148355482277111e-06
D_1_078,D,1,0.2201,1,0.1075,1,0.0936943067030642,1,0.1913,3.958240995416418e-06,6.451893597159143e-08,0.9999959468841552,3.958240995416418e-06
D_1_079,D,1,0.4521,1,0.5155,1,0.3876345766981365,1,0.5639,1.2078481859134629e-06,3.1458323945798845e-08,0.9999988079071044,1.2078481859134629e-06
D_1_080,D,1,0.3891,1,0.6895,1,0.3472228109375953,1,0.4113,0.0014132102951407,0.0003969803510699,0.9981898665428162,0.0014132102951407
D_1_081,D,1,0.4485,2,1.1179,1,0.0266531006342855,1,0.2084,0.000185472134035,8.4707498899661e-06,0.9998061060905457,0.000185472134035
D_1_082,D,1,0.2425,2,0.3482,1,0.1572967509313545,1,0.2096,7.412791455863044e-05,1.9825978597509675e-05,0.999906063079834,7.412791455863044e-05
D_1_083,D,1,0.248,1,1.1481,1,0.2959040438653246,1,0.3456,2.439112904539797e-05,1.873770969496036e-07,0.999975323677063,2.439112904539797e-05
D_1_084,D,1,0.4157,1,1.0036,1,0.411819120740109,2,0.4678,0.0001284200552618,2.0309780666138977e-05,0.9998513460159302,0.0001284200552618
D_1_085,D,1,0.407,2,0.3456,1,0.1520017391370955,1,0.239,7.38897642804659e-06,3.758036370982154e-07,0.9999922513961792,7.38897642804659e-06
D_1_086,D,1,0.2711,1,0.3569,1,0.0779375103814787,1,0.1713,3.977876622229815e-05,9.79362266662065e-06,0.9999504089355468,3.977876622229815e-05
D_1_087,D,1,0.4613,1,0.7662,1,0.4835918175738251,1,0.4745,0.0002609154325909,1.3997396308695895e-06,0.9997376799583436,0.0002609154325909
D_1_088,D,1,0.3228,1,1.2764,1,0.2426191561303771,1,0.2365,0.0002213677362306,3.304442770968308e-06,0.9997753500938416,0.0002213677362306
D_1_089,D,1,0.4337,1,0.4147,1,0.253731091400674,1,0.2514,0.0017708597006276,0.0049999952316284,0.9932291507720948,0.0017708597006276
D_1_090,D,1,0.3521,1,1.651,1,0.1407855907760232,1,0.1552,4.668808060159791e-07,1.4439834883361866e-09,0.9999995231628418,4.668808060159791e-07
D_1_091,D,1,0.2701,2,0.0259,1,0.2559981444162784,1,0.2117,7.04668927937746e-05,3.909080078301486e-06,0.9999256134033204,7.04668927937746e-05
D_1_092,D,1,0.3276,2,1.2726,1,0.2850719201289969,1,0.3226,8.392239578824956e-06,0.0001148884693975,0.9998767375946044,8.392239578824956e-06
D_0_000,D,0,0.1391,0,0.6851,0,0.1068205202269723,0,-0.0482,0.0023709393572062,0.8920618295669556,0.1055672988295555,0.0023709393572062
D_0_001,D,0,0.1391,0,-0.5653,0,0.1217665289651147,0,-0.0091,1.9628050722531043e-05,0.9990750551223756,0.0009052980458363,1.9628050722531043e-05
D_0_002,D,0,0.1431,0,0.4409,0,0.1347903128010416,0,0.0426,0.026369921863079,0.5393480062484741,0.4342820346355438,0.026369921863079
D_0_003,D,0,0.1473,0,-0.2713,0,0.2081975282192828,0,0.1931,0.0036901968996971,0.8503012657165527,0.1460085958242416,0.0036901968996971
D_0_004,D,0,0.1231,0,-0.4232,0,0.197338831654136,0,0.1579,0.0005042841075919,0.997894823551178,0.0016009602695703,0.0005042841075919
D_0_005,D,0,0.1418,0,-0.2235,0,0.1995279660365727,0,0.1781,0.0126458536833524,0.9559429883956908,0.0314111933112144,0.0126458536833524
D_0_006,D,0,0.131,0,0.8474,0,0.1378247959237858,0,0.0778,0.0057410215958952,0.9536781311035156,0.0405809134244918,0.0057410215958952
D_0_007,D,0,0.1485,0,0.2113,0,0.1907010958596871,0,0.1965,0.0040867142379283,0.9869041442871094,0.0090091647580266,0.0040867142379283
D_0_008,D,0,0.1234,0,0.1597,0,0.0835697661156485,0,-0.0605,0.0072289113886654,0.7926802635192871,0.2000907510519027,0.0072289113886654
D_0_009,D,0,0.1825,0,1.0496,0,0.1492820802909545,0,0.0724,0.0775062963366508,0.5307466387748718,0.3917470872402191,0.0775062963366508
D_0_010,D,0,0.1648,0,0.5875,0,0.2253339180239094,0,0.2662,8.03949433247908e-07,0.60808265209198,0.3919165730476379,8.03949433247908e-07
D_0_011,D,0,0.1271,0,0.8408,0,0.0888000093736525,0,-0.056,0.0023778788745403,0.6720336675643921,0.3255884647369385,0.0023778788745403
D_0_012,D,0,0.1229,0,0.0971,0,0.2038779648631438,0,0.2025,0.0009706576820462,0.995026171207428,0.0040031746029853,0.0009706576820462
D_0_013,D,0,0.1414,0,-0.4018,0,0.2189171552158109,0,0.2622,0.0097620664164423,0.7622292637825012,0.2280086576938629,0.0097620664164423
D_0_014,D,0,0.1181,0,0.4378,0,0.05756181125732,0,0.0637,5.299149563597893e-09,0.9999998807907104,8.450515309732509e-08,5.299149563597893e-09
D_0_015,D,0,0.149,0,0.5126,0,0.2017073003953015,0,0.2004,0.0181756038218736,0.9720249176025392,0.0097994524985551,0.0181756038218736
D_0_016,D,0,0.1345,0,0.4844,0,0.1698402372677216,0,0.0716,0.146462395787239,0.6564342975616455,0.1971032917499542,0.146462395787239
D_0_017,D,0,0.1354,1,0.5059,0,0.2210553909727585,0,0.2488,0.2155929803848266,0.6472117900848389,0.1371951699256897,0.2155929803848266
D_0_018,D,0,0.1396,0,0.157,0,0.0718151651494406,0,-0.0809,0.0043198461644351,0.9764594435691832,0.0192206501960754,0.0043198461644351
D_0_019,D,0,0.1318,0,1.3918,0,0.1145876112554379,0,0.0543,0.2226666212081909,0.6701010465621948,0.1072322949767112,0.2226666212081909
D_0_020,D,0,0.1291,0,0.4095,0,0.2274761427258241,0,0.2786,0.0004352664400357,0.99883371591568,0.0007309556822292,0.0004352664400357
D_0_021,D,0,0.128,0,-0.1338,0,0.1746346089069478,0,0.1265,6.326837592496304e-06,0.9999282360076904,6.542203482240438e-05,6.326837592496304e-06
D_0_022,D,0,0.117,0,-0.0489,0,0.1862049558331981,0,0.0873,0.2306688278913498,0.7323348522186279,0.0369963161647319,0.2306688278913498
D_0_023,D,0,0.1314,0,0.3808,0,0.1598789053301145,0,0.0603,0.1497599929571151,0.712091326713562,0.1381487101316452,0.1497599929571151
D_0_024,D,0,0.1286,0,1.137,0,0.2146379162673593,0,0.1839,0.0001403930946253,0.9946858882904052,0.0051736864261329,0.0001403930946253
D_0_025,D,0,0.1209,1,0.6053,0,0.2167783205712657,0,0.2416,2.304114241269417e-05,0.99861741065979,0.0013594586635008,2.304114241269417e-05
D_0_026,D,0,0.1383,0,0.3574,0,0.2317713685903605,0,0.2673,0.0045906328596174,0.8911064863204956,0.1043028756976127,0.0045906328596174
D_0_027,D,0,0.1379,1,0.3926,0,0.1284722862313777,0,0.0551,8.973648073151708e-05,0.9995812773704528,0.000328995171003,8.973648073151708e-05
D_0_028,D,0,0.1337,0,0.6114,0,0.2103485114402707,0,0.2037,0.0030527638737112,0.7690340876579285,0.2279131263494491,0.0030527638737112
D_0_029,D,0,0.1304,0,0.4476,0,0.1793270295141575,0,0.1136,0.0049691624008119,0.9842208623886108,0.0108099319040775,0.0049691624008119
D_0_030,D,0,0.1421,0,0.2785,0,0.1884609926787659,0,0.1768,0.0694146007299423,0.6283095479011536,0.3022758066654205,0.0694146007299423
D_0_031,D,0,0.1481,0,0.1114,1,0.5432502077677048,0,0.4573,0.0169853121042251,0.4670960307121277,0.5159187316894531,0.0169853121042251
D_0_032,D,0,0.1417,0,-0.5681,0,0.1546720739223602,0,0.0984,0.0001809603127185,0.9854121208190918,0.0144069194793701,0.0001809603127185
D_0_033,D,0,0.1247,0,0.4608,0,0.1816394624111521,0,0.1561,0.0014987832400947,0.9001529216766357,0.0983482897281646,0.0014987832400947
D_0_034,D,0,0.1395,0,0.0815,0,0.2296216321627235,0,0.2728,0.4392278492450714,0.518206775188446,0.0425654090940952,0.4392278492450714
D_0_035,D,0,0.1525,0,1.0622,0,0.1769926434006815,0,0.0983,0.0402062833309173,0.8461666703224182,0.1136271134018898,0.0402062833309173
D_0_036,D,0,0.1418,0,0.0247,0,0.038947791862861,0,0.1022,0.1158340573310852,0.4561792910099029,0.4279867112636566,0.1158340573310852
D_0_037,D,0,0.1306,0,0.5123,1,0.0983037790088061,0,0.0246,0.1244867444038391,0.2778818011283874,0.5976313948631287,0.1244867444038391
D_0_038,D,0,0.1463,0,-0.2167,0,0.2124949746093987,0,0.2257,0.0935480669140815,0.6154291033744812,0.2910228669643402,0.0935480669140815
D_0_039,D,0,0.1211,0,0.2562,0,0.1839315967707462,0,0.1429,0.0012227640254423,0.7408872246742249,0.257889986038208,0.0012227640254423
D_0_040,D,0,0.1398,0,-0.2897,0,0.2060410314867732,0,0.1896,0.0001471905998187,0.971650004386902,0.0282028317451477,0.0001471905998187
D_0_041,D,0,0.1587,0,0.539,0,0.2382560904014707,0,0.3811,0.3340837955474853,0.4954174160957336,0.1704986840486526,0.3340837955474853
D_0_042,D,0,0.1576,0,-0.1189,0,0.2339263543377334,1,0.2669,0.1971894651651382,0.6925500631332397,0.1102604866027832,0.1971894651651382
D_0_043,D,0,0.1533,0,-0.2007,0,0.1951387646564149,0,0.1841,0.0001105854462366,0.9935948252677916,0.0062945787794888,0.0001105854462366
D_0_044,D,0,0.1387,0,0.4044,0,0.22319399199322,0,0.3065,0.0001936842018039,0.9948063492774964,0.0049999952316284,0.0001936842018039
D_0_045,D,0,0.1343,0,0.6497,0,0.1436785187415175,0,0.0733,0.0085171582177281,0.9772302508354188,0.0142526170238852,0.0085171582177281
D_0_046,D,0,0.1439,0,-0.0308,0,0.1649278014845702,0,0.1575,0.0937719494104385,0.8091609477996826,0.0970670655369758,0.0937719494104385
D_0_047,D,0,0.1474,0,0.4584,0,0.1929265947527836,0,0.2431,0.0328490957617759,0.8720213174819946,0.0951296091079711,0.0328490957617759
D_0_048,D,0,0.1375,0,0.0367,0,0.2360875789512153,2,0.3064,0.0066098417155444,0.9818410277366638,0.0115491040050983,0.0066098417155444
D_0_049,D,0,0.1379,0,-0.1796,0,0.1722511320843845,0,0.0593,0.0578752160072326,0.7052435278892517,0.2368812412023544,0.0578752160072326
E_2_000,E,2,0.6562,2,0.7768,2,0.7384969397642889,2,0.7211,0.4764610826969147,0.0774281471967697,0.4461107850074768,0.4764610826969147
E_2_001,E,2,0.657,2,0.4333,2,0.5929667264701861,2,0.6846,0.4401796162128448,0.1396407485008239,0.4201796352863312,0.4401796162128448
E_2_002,E,2,0.7886,1,1.2139,2,0.8604095742962549,2,0.8108,0.4629581868648529,0.0940836519002914,0.4429581761360168,0.4629581868648529
E_2_003,E,2,0.7267,2,0.2406,2,0.8144692060436021,2,0.7461,0.7866828441619873,0.0143716000020504,0.1989455372095108,0.7866828441619873
E_2_004,E,2,0.6692,2,1.1894,2,0.7476761444680765,2,0.7598,0.7731359601020813,0.0088892132043838,0.2179748564958572,0.7731359601020813
E_2_005,E,2,0.6939,2,0.8085,2,0.6654122434801865,2,0.7045,0.4392148852348327,0.3481093943119049,0.2126757055521011,0.4392148852348327
E_2_006,E,2,0.6777,1,1.3495,2,0.6853448248404035,2,0.6719,0.903854489326477,0.0086917858570814,0.0874537006020546,0.903854489326477
E_2_007,E,2,0.6999,2,0.4904,2,0.707226025973969,2,0.6979,0.4097390472888946,0.2005219012498855,0.3897390365600586,0.4097390472888946
E_2_008,E,2,0.6865,2,0.2283,2,0.6204491221446372,2,0.7191,0.6162585616111755,0.0086944047361612,0.3750470578670501,0.6162585616111755
E_2_009,E,2,0.7921,2,1.6382,2,0.9168586918314116,2,0.7951,0.4403688907623291,0.2943020462989807,0.2653290629386902,0.4403688907623291
E_2_010,E,2,0.661,2,0.9481,2,0.8250568412364913,2,0.704,0.4246560633182525,0.1770829111337661,0.39826101064682,0.4246560633182525
E_2_011,E,2,0.7128,2,0.3338,2,0.8403500919795834,2,0.7259,0.4260769784450531,0.2618088126182556,0.3121141791343689,0.4260769784450531
E_2_012,E,2,0.6222,2,0.8504,2,0.6334490989009661,2,0.6366,0.4266377687454223,0.1667244583368301,0.4066377580165863,0.4266377687454223
E_2_013,E,2,0.6737,1,0.9344,2,0.5785830082289345,2,0.6392,0.4126394987106323,0.1947209984064102,0.3926394879817962,0.4126394987106323
E_2_014,E,2,0.6391,2,0.5741,2,0.5395264307033748,2,0.6326,0.6132016777992249,0.0621382668614387,0.3246600329875946,0.6132016777992249
E_2_015,E,2,0.7516,1,2.0789,1,0.7641418044984029,2,0.735,0.2943144738674164,0.0167800150811672,0.6889054775238037,0.2943144738674164
E_2_016,E,2,0.669,0,1.0494,2,0.5607485426904775,2,0.6808,0.4658473432064056,0.0883053392171859,0.4458473324775696,0.4658473432064056
E_2_017,E,2,0.6643,2,1.2737,2,0.5353310239203093,2,0.6505,0.4428436160087585,0.1343127638101577,0.4228436350822449,0.4428436160087585
E_2_018,E,2,0.7793,2,0.8268,2,0.8706068478810419,2,0.7866,0.6943017244338989,0.0088497018441557,0.2968485653400421,0.6943017244338989
E_2_019,E,2,0.7625,0,0.8516,2,0.8758125428569121,2,0.7929,0.8302063345909119,0.0016516338801011,0.1681420505046844,0.8302063345909119
E_2_020,E,2,0.675,2,0.1232,2,0.5521763355093041,2,0.6501,0.466836541891098,0.1163448542356491,0.416818618774414,0.466836541891098
E_2_021,E,2,0.6415,2,0.1975,1,0.5098180545811939,1,0.6173,0.2754846811294555,0.0260569676756858,0.6984583735466003,0.2754846811294555
E_2_022,E,2,0.7188,1,1.0007,2,0.9893091488920336,2,0.789,0.4720696210861206,0.075860746204853,0.4520696401596069,0.4720696210861206
E_2_023,E,2,0.6598,2,1.4355,2,0.696169911650445,2,0.7648,0.4106490015983581,0.1987020075321197,0.3906489908695221,0.4106490015983581
E_2_024,E,2,0.6394,2,1.1841,2,0.5141510674202819,2,0.6357,0.4365561902523041,0.1468876302242279,0.416556179523468,0.4365561902523041
E_2_025,E,2,0.5752,2,0.6807,2,0.3842641777770008,2,0.5188,0.434899091720581,0.2444027662277221,0.3206981420516968,0.434899091720581
E_2_026,E,2,0.6505,2,0.7256,2,0.6267585079185444,2,0.689,0.4515947997570038,0.1168103888630867,0.4315948188304901,0.4515947997570038
E_2_027,E,2,0.6011,2,0.4565,2,0.5564424927870403,2,0.5969,0.6592784523963928,0.0750107988715171,0.2657107412815094,0.6592784523963928
E_2_028,E,2,0.7295,1,0.7316,2,0.95999369932516,2,0.7291,0.4258549511432647,0.1682901084423065,0.4058549404144287,0.4258549511432647
E_2_029,E,2,0.6526,2,0.8637,2,0.8089925893009562,2,0.6861,0.4295258224010467,0.1609483659267425,0.4095258116722107,0.4295258224010467
E_2_030,E,2,0.7335,2,0.955,2,0.8921378372252138,2,0.7804,0.459797203540802,0.1004056185483932,0.4397971928119659,0.459797203540802
E_2_031,E,2,0.7023,2,1.494,2,0.5437269467072922,2,0.615,0.4631865322589874,0.0936269462108612,0.4431865215301513,0.4631865322589874
E_2_032,E,2,0.7108,0,0.4511,2,0.7715708639087995,2,0.7229,0.3920667469501495,0.235866516828537,0.3720667362213135,0.3920667469501495
E_2_033,E,2,0.8858,1,0.6153,2,0.9315746506858412,2,0.8797,0.7030174732208252,0.0118414787575602,0.2851410508155823,0.7030174732208252
E_2_034,E,2,0.7535,2,1.2705,2,0.9039234265869748,2,0.7967,0.7646782398223877,0.0104991700500249,0.2248225957155227,0.7646782398223877
E_2_035,E,2,0.7431,2,0.4214,2,0.8553791517710804,2,0.7624,0.4117390811443329,0.1965218484401703,0.3917390704154968,0.4117390811443329
E_2_036,E,2,0.6432,2,1.3242,2,0.526923525220368,2,0.5749,0.4613052606582641,0.0973894968628883,0.4413052499294281,0.4613052606582641
E_2_037,E,2,0.8039,1,0.6035,2,0.9492720364316616,2,0.8716,0.8266396522521973,0.0335303954780101,0.1398299485445022,0.8266396522521973
E_2_038,E,2,0.7318,2,-0.2069,2,0.8503703835311648,2,0.7795,0.3972266316413879,0.3772266507148742,0.2255467176437378,0.3972266316413879
E_2_039,E,2,0.7171,1,-0.3797,2,0.8033592281100885,2,0.6432,0.3936504423618316,0.2326991111040115,0.3736504316329956,0.3936504423618316
E_2_040,E,2,0.711,1,1.0206,2,0.9728288831276248,2,0.6662,0.4326691031455993,0.1546617895364761,0.4126690924167633,0.4326691031455993
E_2_041,E,2,0.6839,2,0.8863,2,0.8865507167156924,1,0.7561,0.4030462205410003,0.2895991504192352,0.3073546290397644,0.4030462205410003
E_2_042,E,2,0.679,2,0.3036,2,0.7286373524711751,2,0.6718,0.4708884656429291,0.0865043327212333,0.4426072239875793,0.4708884656429291
E_2_043,E,2,0.6544,0,0.4919,2,0.4918764579608254,2,0.6097,0.831285297870636,0.0443321205675601,0.1243825554847717,0.831285297870636
E_2_044,E,2,0.7297,2,0.7215,2,0.8453662850605416,2,0.7865,0.8870037198066711,0.0096880486235022,0.1033082455396652,0.8870037198066711
E_2_045,E,2,0.6789,2,0.8619,2,0.6087625467435632,2,0.5762,0.4212826490402221,0.1774346679449081,0.4012826681137085,0.4212826490402221
E_2_046,E,2,0.6503,1,0.6666,2,0.3627918262871819,2,0.5391,0.3963520228862762,0.2272959351539611,0.3763520419597626,0.3963520228862762
E_2_047,E,2,0.7295,0,0.9083,2,0.7975383552023999,2,0.7296,0.9683350920677184,0.0013359275180846,0.030328968539834,0.9683350920677184
E_2_048,E,2,0.6477,2,0.6891,2,0.865479246502026,2,0.7406,0.426552951335907,0.1668941229581833,0.4065529406070709,0.426552951335907
E_2_049,E,2,0.7272,2,1.0001,1,0.8198159787995734,2,0.7551,0.2315687239170074,0.1237543448805809,0.644676923751831,0.2315687239170074
E_2_050,E,2,0.7124,2,0.0258,2,0.7562024451911326,2,0.7032,0.4739443063735962,0.0721114054322242,0.4539442956447601,0.4739443063735962
E_2_051,E,2,0.7312,2,1.7149,2,0.910215921434146,0,0.7336,0.7121220231056213,0.0161701738834381,0.2717078328132629,0.7121220231056213
E_2_052,E,2,0.6157,2,0.3834,2,0.5740093758656207,2,0.6321,0.4438941776752472,0.1322116702795028,0.4238941669464111,0.4438941776752472
E_2_053,E,2,0.6082,2,0.2504,2,0.5695207916851901,2,0.606,0.4461235404014587,0.1344791948795318,0.4193972647190094,0.4461235404014587
E_2_054,E,2,0.7208,0,0.8634,2,0.7785634844550829,2,0.7356,0.4694308340549469,0.0811383053660392,0.4494308531284332,0.4694308340549469
E_2_055,E,2,0.6871,2,0.291,2,0.6144659930243626,1,0.7169,0.6833266615867615,0.0210416875779628,0.2956316471099853,0.6833266615867615
E_2_056,E,2,0.7701,2,0.929,2,0.718152597111756,2,0.7068,0.4307559132575989,0.1584881693124771,0.4107559025287628,0.4307559132575989
E_2_057,E,2,0.7532,1,1.2147,2,0.7914943575693946,2,0.7251,0.8949156999588013,0.0078140208497643,0.0972702875733375,0.8949156999588013
E_2_058,E,2,0.8134,1,0.6981,2,0.8979147443279482,2,0.8169,0.8932849168777466,0.0113689405843615,0.0953461527824401,0.8932849168777466
E_2_059,E,2,0.5843,2,1.2858,2,0.4775122236427522,2,0.587,0.4142748117446899,0.1914503723382949,0.3942748010158539,0.4142748117446899
E_2_060,E,2,0.7066,2,0.6907,0,0.6750408000022726,2,0.7026,0.2179549187421798,0.4110225439071655,0.3710225522518158,0.2179549187421798
E_2_061,E,2,0.7458,1,0.5857,2,0.8353048928313116,2,0.7606,0.9232147932052612,0.0021813136991113,0.0746039152145385,0.9232147932052612
E_2_062,E,2,0.6919,2,0.1936,2,0.5880445102430644,2,0.701,0.7110615372657776,0.0374565012753009,0.2514819800853729,0.7110615372657776
E_2_063,E,2,0.7024,1,1.0114,2,0.8302132718623759,2,0.7197,0.8047940135002136,0.0027078094426542,0.1924981772899627,0.8047940135002136
E_2_064,E,2,0.7174,2,1.0261,2,0.8811187246482879,2,0.7073,0.4055339992046356,0.2089319974184036,0.3855339884757995,0.4055339992046356
E_2_065,E,2,0.6524,1,1.2021,2,0.598043654222693,2,0.648,0.4184344708919525,0.1831310391426086,0.3984344899654388,0.4184344708919525
E_2_066,E,2,0.7552,2,0.4911,2,0.923938696230522,2,0.8305,0.4776622653007507,0.0807253420352935,0.4416123926639557,0.4776622653007507
E_2_067,E,2,0.6352,2,0.2933,2,0.656492257250817,2,0.6472,0.4358002543449402,0.3302334249019623,0.2339663356542587,0.4358002543449402
E_2_068,E,2,0.7594,2,1.6973,2,0.6482404308855658,2,0.7131,0.9659152626991272,0.0032389541156589,0.0308457911014556,0.9659152626991272
E_2_069,E,2,0.7862,2,0.8825,1,0.7851856724866112,2,0.7314,0.2061766535043716,0.0285182688385248,0.7653051018714905,0.2061766535043716
E_2_070,E,2,0.773,1,0.9002,2,0.9399348568997692,2,0.8259,0.3994359374046325,0.2211281508207321,0.3794359266757965,0.3994359374046325
E_1_000,E,1,0.5098,1,0.7324,1,0.3216270276643494,1,0.417,0.4661484658718109,0.0049999998882412,0.5288515090942383,0.4661484658718109
E_1_001,E,1,0.4035,1,0.3317,1,0.3901220237125242,1,0.5281,0.4444095194339752,0.0049999998882412,0.550590455532074,0.4444095194339752
E_1_002,E,1,0.3519,1,0.1604,1,0.3403280243993214,1,0.4479,0.3911709785461426,0.0049999998882412,0.603829026222229,0.3911709785461426
E_1_003,E,1,0.2109,1,0.447,1,0.2939266456841467,1,0.385,0.3911642432212829,0.0049999998882412,0.6038357615470886,0.3911642432212829
E_1_004,E,1,0.3733,2,0.7734,1,0.4085227911281248,1,0.4637,0.3898607790470123,0.0049999998882412,0.6051391959190369,0.3898607790470123
E_1_005,E,1,0.4198,2,1.1378,1,0.2497570438657502,1,0.362,0.3869907259941101,0.0049999998882412,0.6080092787742615,0.3869907259941101
E_1_006,E,1,0.501,0,0.4308,1,0.5054331621465008,1,0.5456,0.3865866959095001,0.0049999998882412,0.6084133386611938,0.3865866959095001
E_1_007,E,1,0.4005,1,1.0374,1,0.2475254187811877,2,0.3331,0.386521965265274,0.0049999998882412,0.6084780097007751,0.386521965265274
E_1_008,E,1,0.4476,0,0.658,1,0.3487858746242671,1,0.475,0.3860006034374237,0.0049999998882412,0.6089994311332703,0.3860006034374237
E_1_009,E,1,0.1948,2,0.512,1,0.1701114942245301,1,0.1707,0.3844777345657348,0.0049999998882412,0.6105222702026367,0.3844777345657348
E_1_010,E,1,0.4145,1,0.7667,1,0.234371875163582,1,0.3301,0.3806374371051788,0.0049999998882412,0.6143625378608704,0.3806374371051788
E_1_011,E,1,0.3452,2,0.8587,1,0.2831904306579526,1,0.4154,0.3800645172595978,0.0049999998882412,0.6149354577064514,0.3800645172595978
E_1_012,E,1,0.2104,1,0.377,1,0.1318850542181522,1,0.1584,0.3765176832675934,0.0049999998882412,0.6184822916984558,0.3765176832675934
E_1_013,E,1,0.4616,1,-0.0853,1,0.5651043926935992,1,0.585,0.3712973296642303,0.0049999998882412,0.6237026453018188,0.3712973296642303
E_1_014,E,1,0.4393,0,0.5112,1,0.3025222450394405,1,0.3562,0.3704107701778412,0.0049999998882412,0.624589204788208,0.3704107701778412
E_1_015,E,1,0.6324,2,0.8691,1,0.4724971288104884,1,0.5367,0.2917526066303253,0.0433167181909084,0.6649307012557983,0.2917526066303253
E_1_016,E,1,0.4138,1,0.5061,1,0.4147982180717394,1,0.4622,0.2904729843139648,0.0049999998882412,0.7045270204544067,0.2904729843139648
E_1_017,E,1,0.5021,1,1.2171,0,0.2884666559720403,1,0.3953,0.2887917459011078,0.3756041228771209,0.3356041312217712,0.2887917459011078
E_1_018,E,1,0.4836,1,0.7439,1,0.4964717599765402,1,0.6178,0.288420557975769,0.0049999998882412,0.7065794467926025,0.288420557975769
E_1_019,E,1,0.3716,1,0.4589,1,0.263496357512522,1,0.3728,0.2860914468765259,0.0049999998882412,0.7089085578918457,0.2860914468765259
E_1_020,E,1,0.2675,2,-0.2477,1,0.2588407503593311,1,0.3113,0.2857720851898193,0.0049999998882412,0.7092279195785522,0.2857720851898193
E_1_021,E,1,0.3551,1,1.2341,1,0.2706570382324642,1,0.2992,0.2849559783935547,0.0049999998882412,0.7100440263748169,0.2849559783935547
E_1_022,E,1,0.3399,1,0.1695,1,0.3785914494542503,1,0.4394,0.2821189761161804,0.0049999998882412,0.7128810286521912,0.2821189761161804
E_1_023,E,1,0.4921,2,0.7112,1,0.3961411867110827,1,0.4548,0.2806916236877441,0.0049999998882412,0.7143083810806274,0.2806916236877441
E_1_024,E,1,0.4551,1,0.6802,1,0.3149238347966127,1,0.4086,0.2776002883911133,0.0049999998882412,0.7173997163772583,0.2776002883911133
E_1_025,E,1,0.1926,0,1.5043,1,0.1954643588725036,1,0.2291,0.2755342721939087,0.0049999998882412,0.7194657325744629,0.2755342721939087
E_1_026,E,1,0.5378,0,0.3486,1,0.2658578994438635,1,0.3675,0.2748728990554809,0.0049999998882412,0.7201271057128906,0.2748728990554809
E_1_027,E,1,0.3035,1,0.495,1,0.2085575059801963,1,0.2292,0.2736620008945465,0.0049999998882412,0.7213379740715027,0.2736620008945465
E_1_028,E,1,0.5564,1,0.9141,1,0.518440777652739,1,0.5881,0.2699967622756958,0.0049999998882412,0.7250032424926758,0.2699967622756958
E_1_029,E,1,0.2834,0,0.5297,1,0.2278975799736928,1,0.2327,0.2663764953613281,0.0049999998882412,0.7286235094070435,0.2663764953613281
E_1_030,E,1,0.4825,1,2.216,1,0.2128674340026263,1,0.5819,0.2646744847297668,0.0049999998882412,0.7303255200386047,0.2646744847297668
E_1_031,E,1,0.3166,1,0.9446,1,0.3182281461101158,1,0.3654,0.2645305097103119,0.0049999998882412,0.7304695248603821,0.2645305097103119
E_1_032,E,1,0.5079,2,0.3262,1,0.4620672062058666,1,0.5866,0.2641034424304962,0.0049999998882412,0.730896532535553,0.2641034424304962
E_1_033,E,1,0.2594,1,0.858,1,0.1626794022163414,1,0.1388,0.2631146609783172,0.0049999998882412,0.7318853139877319,0.2631146609783172
E_1_034,E,1,0.5825,2,0.701,1,0.3363295214434503,1,0.3878,0.2576626241207123,0.0049999998882412,0.7373373508453369,0.2576626241207123
E_1_035,E,1,0.4992,1,1.0029,1,0.4673518027570279,1,0.6321,0.253648966550827,0.0049999998882412,0.7413510680198669,0.253648966550827
E_1_036,E,1,0.3747,2,0.5201,1,0.2365416301991947,1,0.267,0.2464243173599243,0.0049999998882412,0.7485756874084473,0.2464243173599243
E_1_037,E,1,0.2412,1,0.0934,1,0.2565435568115892,1,0.2891,0.2464143186807632,0.0049999998882412,0.7485857009887695,0.2464143186807632
E_1_038,E,1,0.2671,1,-0.2635,0,0.1439056843600058,1,0.1417,0.2453603446483612,0.3973198235034942,0.3573198318481445,0.2453603446483612
E_1_039,E,1,0.2283,1,-0.0125,1,0.2042259954084987,1,0.2508,0.2450527846813202,0.0049999998882412,0.749947190284729,0.2450527846813202
E_1_040,E,1,0.3921,2,-0.5587,1,0.4210678012828172,1,0.524,0.2437513470649719,0.0049999998882412,0.7512486577033997,0.2437513470649719
E_1_041,E,1,0.4758,1,1.5612,1,0.6032995009717735,1,0.5738,0.2425906062126159,0.0049999998882412,0.7524093985557556,0.2425906062126159
E_1_042,E,1,0.463,1,1.2798,1,0.5832560303832458,1,0.5853,0.2424826771020889,0.0049999998882412,0.7525173425674438,0.2424826771020889
E_1_043,E,1,0.4724,1,0.9767,1,0.3731186001230383,1,0.4594,0.2399768680334091,0.0049999998882412,0.7550231218338013,0.2399768680334091
E_1_044,E,1,0.3264,1,0.9554,1,0.1932468523135053,1,0.2571,0.2319217473268509,0.0049999998882412,0.7630782723426819,0.2319217473268509
E_1_045,E,1,0.291,2,-0.1022,1,0.2150168473578492,1,0.3058,0.2283634692430496,0.0049999998882412,0.7666365504264832,0.2283634692430496
E_1_046,E,1,0.2543,2,0.03,1,0.2020495636988428,1,0.248,0.2278842329978943,0.0049999998882412,0.7671157717704773,0.2278842329978943
E_1_047,E,1,0.412,1,1.1376,1,0.254264803768817,2,0.2785,0.2254025489091873,0.0049999998882412,0.7695974707603455,0.2254025489091873
E_1_048,E,1,0.5016,1,0.247,1,0.5226955506745733,1,0.6248,0.2216968834400177,0.0049999998882412,0.7733030915260315,0.2216968834400177
E_1_049,E,1,0.2146,1,-0.6095,1,0.1651900015747253,1,0.1603,0.2204963266849517,0.0049999998882412,0.7745036482810974,0.2204963266849517
E_1_050,E,1,0.287,1,0.1551,1,0.2780744105827545,1,0.312,0.2082684636116027,0.0049999998882412,0.7867315411567688,0.2082684636116027
E_1_051,E,1,0.3673,1,1.1831,1,0.3444764498553802,1,0.4515,0.2065833806991577,0.0049999998882412,0.7884166240692139,0.2065833806991577
E_1_052,E,1,0.3635,1,0.5484,1,0.357933086268647,1,0.4591,0.2011897563934326,0.0049999998882412,0.793810248374939,0.2011897563934326
E_1_053,E,1,0.2346,1,0.6331,0,0.2322086259438202,1,0.291,0.2008275687694549,0.4195862114429474,0.3795862197875976,0.2008275687694549
E_1_054,E,1,0.4651,1,1.1772,1,0.332470136672477,1,0.4318,0.2007506042718887,0.0049999998882412,0.794249415397644,0.2007506042718887
E_1_055,E,1,0.3313,2,0.5158,1,0.2214547285541683,1,0.2466,0.1960557997226715,0.0049999998882412,0.7989442348480225,0.1960557997226715
E_1_056,E,1,0.4995,1,1.2066,1,0.4871915594646352,1,0.6237,0.1942155957221985,0.0049999998882412,0.8007844090461731,0.1942155957221985
E_1_057,E,1,0.5587,1,1.4135,1,0.4453195380268541,1,0.5407,0.1925904303789138,0.0049999998882412,0.8024095892906189,0.1925904303789138
E_1_058,E,1,0.2616,1,0.25,1,0.2300508559499349,1,0.3052,0.1922539621591568,0.0049999998882412,0.802746057510376,0.1922539621591568
E_1_059,E,1,0.3538,2,0.7179,1,0.3532677617061724,1,0.4796,0.1921492516994476,0.0049999998882412,0.8028507232666016,0.1921492516994476
E_1_060,E,1,0.5099,0,1.4409,1,0.4510537839984626,2,0.5336,0.187117725610733,0.0049999998882412,0.8078822493553162,0.187117725610733
E_1_061,E,1,0.4673,1,0.6646,1,0.2911720695295784,1,0.3403,0.1850959211587906,0.0049999998882412,0.8099040985107422,0.1850959211587906
E_1_062,E,1,0.4015,1,0.8785,1,0.2520030776087431,1,0.3314,0.182458609342575,0.0049999998882412,0.8125413656234741,0.182458609342575
E_1_063,E,1,0.3103,1,0.4238,1,0.4022884565065585,1,0.5272,0.1812124848365783,0.0049999998882412,0.8137875199317932,0.1812124848365783
E_1_064,E,1,0.3978,0,0.5925,1,0.2858070864125438,1,0.3494,0.1811843812465667,0.0049999998882412,0.8138155937194824,0.1811843812465667
E_1_065,E,1,0.4306,1,0.3365,1,0.2409048817770149,1,0.3371,0.1783893257379531,0.0049999998882412,0.8166106939315796,0.1783893257379531
E_1_066,E,1,0.4292,1,0.7945,1,0.6405853763795301,1,0.7158,0.1765744835138321,0.0049999998882412,0.8184255361557007,0.1765744835138321
E_1_067,E,1,0.57,2,1.4269,1,0.4394379815499331,1,0.5021,0.1762664914131164,0.0049999998882412,0.8187335133552551,0.1762664914131164
E_1_068,E,1,0.2566,2,1.1944,1,0.2806137313738643,1,0.3547,0.1752113401889801,0.0049999998882412,0.8197886347770691,0.1752113401889801
E_1_069,E,1,0.5254,2,0.1285,1,0.482406953484828,1,0.5064,0.1744461804628372,0.0049999998882412,0.8205538392066956,0.1744461804628372
E_1_070,E,1,0.2417,1,0.7504,1,0.243100511060865,1,0.3114,0.1688142120838165,0.0049999998882412,0.8261857628822327,0.1688142120838165
E_1_071,E,1,0.4485,2,0.3027,1,0.5479407625849834,1,0.595,0.1661349534988403,0.0049999998882412,0.8288650512695312,0.1661349534988403
E_1_072,E,1,0.3124,1,0.39,1,0.3251280768878216,1,0.3434,0.1618846356868744,0.0049999998882412,0.8331153392791748,0.1618846356868744
E_1_073,E,1,0.3644,1,1.5014,1,0.2755700330067718,1,0.3845,0.1617581993341446,0.0049999998882412,0.8332418203353882,0.1617581993341446
E_1_074,E,1,0.285,2,0.6204,1,0.261157851158923,1,0.3311,0.1611381769180297,0.0049999998882412,0.8338618278503418,0.1611381769180297
E_1_075,E,1,0.3976,1,0.5929,1,0.268244201274992,1,0.3892,0.1606592983007431,0.0049999998882412,0.8343406915664673,0.1606592983007431
E_1_076,E,1,0.2616,1,1.1523,1,0.2257477844164654,1,0.2419,0.1605385541915893,0.0049999998882412,0.8344614505767822,0.1605385541915893
E_1_077,E,1,0.3951,1,0.9074,1,0.4334207552608936,1,0.5424,0.1595015674829483,0.0049999998882412,0.8354984521865845,0.1595015674829483
E_1_078,E,1,0.2115,1,0.3045,1,0.2387189519076901,1,0.2878,0.1587710380554199,0.0049999998882412,0.8362289667129517,0.1587710380554199
E_1_079,E,1,0.3863,2,0.4693,1,0.4566361057982138,1,0.4921,0.148966982960701,0.0049999998882412,0.8460330367088318,0.148966982960701
E_1_080,E,1,0.3999,1,1.1808,2,0.4272877432440755,1,0.5217,0.9319691061973572,3.665837056132659e-08,0.0680308565497398,0.9319691061973572
E_1_081,E,1,0.4283,1,0.6903,2,0.3678520432403166,1,0.5437,0.6796641945838928,7.366607324144071e-09,0.3203357756137848,0.6796641945838928
E_1_082,E,1,0.3518,1,0.159,1,0.2995977087666563,1,0.4256,0.1456417590379715,0.0049999998882412,0.8493582606315613,0.1456417590379715
E_1_083,E,1,0.3046,2,0.9599,1,0.3055119824979364,1,0.3451,0.1450936049222946,0.0049999998882412,0.8499063849449158,0.1450936049222946
E_1_084,E,1,0.3912,1,0.7785,1,0.5311327057370689,1,0.5793,0.1388986855745315,0.0049999998882412,0.8561013340950012,0.1388986855745315
E_1_085,E,1,0.4481,1,0.5555,1,0.1796170372621294,1,0.2114,0.1346990913152694,0.0049999998882412,0.8603008985519409,0.1346990913152694
E_1_086,E,1,0.3025,1,-0.9144,1,0.3287394973389955,1,0.4228,0.134183868765831,0.0049999998882412,0.8608161211013794,0.134183868765831
E_1_087,E,1,0.4121,2,0.1596,1,0.2967339229582008,1,0.3755,0.1337283551692962,0.0049999998882412,0.8612716197967529,0.1337283551692962
E_0_000,E,0,0.1229,0,-0.0785,0,0.0390369419338855,0,-0.0483,0.1314820647239685,0.4542589783668518,0.4142589569091797,0.1314820647239685
E_0_001,E,0,0.1198,0,-0.1718,0,0.0889555013580309,0,0.0227,0.1293773800134658,0.8536161780357361,0.0170064307749271,0.1293773800134658
E_0_002,E,0,0.1254,0,0.2515,0,0.138043325779102,0,0.1155,0.1293398737907409,0.4553300738334656,0.4153300523757934,0.1293398737907409
E_0_003,E,0,0.1211,0,-0.2191,0,0.1976698612177788,0,0.2111,0.1291770339012146,0.4554114937782287,0.4154114723205566,0.1291770339012146
E_0_004,E,0,0.1388,0,-0.0321,0,0.1219628661673272,0,0.0344,0.1254999190568924,0.4572500586509704,0.4172500371932983,0.1254999190568924
E_0_005,E,0,0.1346,0,0.9394,0,0.2193095153300955,0,0.2368,0.1191234737634658,0.4604382514953613,0.4204382598400116,0.1191234737634658
E_0_006,E,0,0.1275,2,0.4697,0,0.1865097391819311,0,0.2004,0.1179337278008461,0.7166343331336975,0.1654319167137146,0.1179337278008461
E_0_007,E,0,0.1271,0,-0.3963,0,0.0267204674156524,0,0.1158,0.1153068169951438,0.4623465836048126,0.4223465919494629,0.1153068169951438
E_0_008,E,0,0.1413,0,0.3641,1,0.1495178892811263,0,0.1658,0.1130699962377548,0.0049999998882412,0.8819299936294556,0.1130699962377548
E_0_009,E,0,0.1433,0,-0.12,0,0.2730982991391174,0,0.3081,0.1103578209877014,0.4648211002349853,0.4248210787773132,0.1103578209877014
E_0_010,E,0,0.122,0,-0.1517,0,0.1887708501224572,0,0.1919,0.1098210960626602,0.4650894403457641,0.4250894486904144,0.1098210960626602
E_0_011,E,0,0.14,0,-0.279,0,0.1109686452966599,0,0.0738,0.1086197420954704,0.4656901359558105,0.4256901443004608,0.1086197420954704
E_0_012,E,0,0.1216,0,-0.1458,0,0.0780799418790197,0,-0.0099,0.1064776256680488,0.4667612016201019,0.4267611801624298,0.1064776256680488
E_0_013,E,0,0.1339,0,-0.2244,0,0.2171638789520885,0,0.2966,0.1034273579716682,0.4682863056659698,0.4282863140106201,0.1034273579716682
E_0_014,E,0,0.1246,0,0.3988,0,0.1725270119788597,0,0.1713,0.1000653579831123,0.4699673354625702,0.429967314004898,0.1000653579831123
E_0_015,E,0,0.1557,2,0.0016,0,0.1350044432666112,1,0.1217,0.0989312529563903,0.4705343842506408,0.4305343627929687,0.0989312529563903
E_0_016,E,0,0.1326,0,0.3797,0,0.1910161096551092,0,0.153,0.0887421369552612,0.7130797505378723,0.198178082704544,0.0887421369552612
E_0_017,E,0,0.13,0,-0.6168,0,0.1676665657163532,0,0.1349,0.0833029150962829,0.4783485531806946,0.4383485317230224,0.0833029150962829
E_0_018,E,0,0.1228,0,0.8239,0,0.1147747723433384,0,0.113,0.0827897787094116,0.91221022605896,0.0049999998882412,0.0827897787094116
E_0_019,E,0,0.1324,0,-0.3415,0,0.0490978646578625,0,-0.0129,0.0820852369070053,0.4789573848247528,0.4389573931694031,0.0820852369070053
E_0_020,E,0,0.1291,0,0.503,0,0.1819343252861285,0,0.2018,0.0794518738985061,0.4802740514278412,0.4402740597724914,0.0794518738985061
E_0_021,E,0,0.1184,0,-0.0344,0,0.3117071935392503,0,0.3764,0.0756628066301345,0.482168585062027,0.4421685934066772,0.0756628066301345
E_0_022,E,0,0.1214,0,0.7005,0,0.0105020737585469,0,0.021,0.0717433765530586,0.8218026757240295,0.1064539700746536,0.0717433765530586
E_0_023,E,0,0.1208,0,0.2051,0,0.2063949577278559,0,0.2256,0.0688444077968597,0.9086670875549316,0.0224885214120149,0.0688444077968597
E_0_024,E,0,0.1378,0,0.2346,0,0.2107146512843614,0,0.2378,0.0675711333751678,0.4862144291400909,0.4462144374847412,0.0675711333751678
E_0_025,E,0,0.1252,0,0.0156,0,0.065207661106797,0,-0.0228,0.0654632747173309,0.4872683584690094,0.4472683668136596,0.0654632747173309
E_0_026,E,0,0.1168,0,0.9215,0,0.2453069652562894,0,0.2444,0.0643759667873382,0.6385709047317505,0.2970531284809112,0.0643759667873382
E_0_027,E,0,0.1301,1,0.1591,0,0.0719500304728513,0,0.0099,0.0633279234170913,0.4883360266685486,0.4483360350131988,0.0633279234170913
E_0_028,E,0,0.1208,0,-0.4037,0,0.0938557201395564,0,0.1122,0.0620277486741542,0.4889861345291137,0.4489861130714416,0.0620277486741542
E_0_029,E,0,0.1349,0,0.5778,2,0.1601321996361681,0,0.1181,0.6019481420516968,0.0047851065173745,0.3932667374610901,0.6019481420516968
E_0_030,E,0,0.132,0,0.4441,0,0.0984707310852142,0,0.0782,0.0581432357430458,0.4909283816814422,0.4509283900260925,0.0581432357430458
E_0_031,E,0,0.1359,0,0.0735,0,0.1842313834397107,0,0.1644,0.0538080595433712,0.4930959641933441,0.4530959725379944,0.0538080595433712
E_0_032,E,0,0.1253,0,0.0798,0,0.1772778986154931,0,0.2123,0.0496615767478942,0.9068226218223572,0.043515782803297,0.0496615767478942
E_0_033,E,0,0.1377,0,-0.1137,0,0.1286776283203941,0,0.169,0.0456387102603912,0.8434195518493652,0.1109417080879211,0.0456387102603912
E_0_034,E,0,0.1247,0,0.1555,0,0.1184343050951007,0,0.0739,0.0428294353187084,0.4985852837562561,0.4585852921009063,0.0428294353187084
E_0_035,E,0,0.1358,0,-0.0798,0,0.102840683696192,0,0.1642,0.0425976663827896,0.4987011551856994,0.4587011635303497,0.0425976663827896
E_0_036,E,0,0.1324,0,0.4199,0,0.1253735152193819,0,0.1076,0.0299274530261755,0.5050362944602966,0.4650362730026245,0.0299274530261755
E_0_037,E,0,0.1571,0,-0.145,0,0.106997916676008,0,0.1198,0.027940971776843,0.9312237501144408,0.0408352762460708,0.027940971776843
E_0_038,E,0,0.1279,0,0.2681,0,0.3085718001551251,0,0.3648,0.0247041769325733,0.5076479315757751,0.467647910118103,0.0247041769325733
E_0_039,E,0,0.148,0,-0.3192,0,0.2236004931913422,0,0.2965,0.0235291495919227,0.8699581027030945,0.1065127402544021,0.0235291495919227
E_0_040,E,0,0.1237,0,0.8894,0,0.1467405946502194,0,0.0995,0.0215090606361627,0.5092454552650452,0.4692454636096954,0.0215090606361627
E_0_041,E,0,0.1321,0,0.371,0,0.1998645470046244,0,0.1752,0.0213058944791555,0.5093470811843872,0.4693470597267151,0.0213058944791555
E_0_042,E,0,0.1169,0,-0.2222,0,0.1549165890627952,0,0.1787,0.0210366137325763,0.50948166847229,0.4694817066192627,0.0210366137325763
E_0_043,E,0,0.1225,0,-0.6892,0,0.5009874714662185,0,0.3768,0.0188015848398208,0.5105991959571838,0.4705992043018341,0.0188015848398208
E_0_044,E,0,0.1213,0,-0.111,0,0.1410084072558375,0,0.1225,0.0187837611883878,0.9092594385147096,0.0719567984342575,0.0187837611883878
E_0_045,E,0,0.1227,0,-0.3242,0,0.1575456436434375,0,0.1226,0.0173070933669805,0.5113464593887329,0.4713464677333832,0.0173070933669805
E_0_046,E,0,0.1509,0,0.1978,0,0.152241893342092,0,0.1761,0.0161118526011705,0.511944055557251,0.4719440639019012,0.0161118526011705
E_0_047,E,0,0.1471,0,0.0863,0,0.0837190017912367,0,-0.1104,0.0158625170588493,0.5120687484741211,0.472068727016449,0.0158625170588493
E_0_048,E,0,0.1329,0,0.0111,0,0.0576782814922033,0,-0.0068,0.0141386445611715,0.512930691242218,0.4729306697845459,0.0141386445611715
E_0_049,E,0,0.1351,0,0.0335,0,0.1749151322539126,0,0.2382,0.0115018710494041,0.5142490863800049,0.4742490649223327,0.0115018710494041
