roi_id,wafer,z_star,Direct_error,Predictive entropy,Inverse margin,Direct-U head,DINOv2 anomaly,Conventional KD,Privileged student,Multimodal teacher
A_2_000,A,2,0,2.101537691696853,3.476800460927405,2.5071969956641955,2.748238011947384,3.777608012556728,4.0714504181421365,4.343259642970544
A_2_001,A,2,0,2.473431921885588,2.406951708797761,2.566722993497639,0.7721987754614876,2.562637666367021,4.254537018517793,4.324742859253713
A_2_002,A,2,0,1.757327680797228,2.2916202710620364,2.182602517264804,1.5398073745380774,3.2777110926610784,4.267514060048443,4.488692945141225
A_2_003,A,2,0,0.9867602015534074,2.987267260484156,4.243143685856401,2.4064227750615768,4.056950573783159,4.247797943790991,4.740252797175138
A_2_004,A,2,0,1.5316615185353468,3.494767448831079,2.727728914225565,2.633440157912096,3.39905293811656,3.798622420208485,4.583632943459891
A_2_005,A,2,0,0.8604418062544221,2.0105875425502866,2.795824175033704,1.1669122784726682,3.491713879452567,4.537855063287016,4.353765495029546
A_2_006,A,2,1,2.675179503246798,3.0693603203592303,2.692311353049344,1.4557668951442262,4.254220845004301,7.581742834912507,9.193737885960193
A_2_007,A,2,1,4.275269056943167,3.1787976185810543,2.357241923461733,0.4135837002883302,4.9089432741750105,8.646487932786895,9.22837508724629
A_2_008,A,2,1,1.984741851810838,3.435889186298009,3.515918260656232,3.632187826486932,4.693327222032611,7.181427210830915,9.145174766054778
A_2_009,A,2,1,1.8244063752250743,2.3966443231011487,3.6514495416747543,2.246583158577049,5.855096932951992,7.547893966268967,9.294573634684628
A_2_010,A,2,1,3.212302562731498,4.419752093740457,1.2488396384658178,0.0516417364341716,5.227118255539137,8.55917347453592,8.286836616863358
A_2_011,A,2,0,2.546108760200076,1.9565945518861287,3.2544896047821554,1.609121791577186,3.000969114123829,4.0691469814828025,4.881666951393919
A_2_012,A,2,1,2.7317678112473733,3.829438787973736,3.063823201027177,2.329685925913278,2.5457020347547865,7.759347933745368,8.523253508630246
A_2_013,A,2,0,0.9369149441147442,1.5299471737330943,3.160700072708934,2.242650457347352,3.895137330265632,4.507827184975528,4.911206522243463
A_2_014,A,2,1,2.5634352219209084,3.718817093635895,3.016178780746774,3.7206085339236097,5.260267601077198,7.55589367629953,9.089697565530075
A_2_015,A,2,0,2.96912899307286,2.79882981978547,0.9557302770301253,3.3407131979745053,2.4712568316174632,4.27735037965968,4.934110008248728
A_2_016,A,2,0,0.4197318158936476,1.934027943199914,1.0270835491674344,0.9273537683910758,1.504360522752814,3.02411428229396,4.320458528242995
A_2_017,A,2,0,1.5279802986997275,4.4958490739320105,4.02459052914495,1.4863547129921946,2.22512467952893,3.889056044977956,3.8597379038515873
A_2_018,A,2,0,-0.2765284247510551,2.781965480730965,2.4524238686470468,0.0328203016336967,4.056754532255682,3.95643914747606,4.970879971039244
A_2_019,A,2,0,0.4880778252687801,4.257544302487696,0.7827445058411331,1.9453540953346895,2.362011465124877,4.545728451494263,4.564434029055642
A_2_020,A,2,0,-0.2021687972396653,3.3843938978567736,2.548132000108108,1.7933723799604044,2.818595735467424,4.583567896871532,4.375659308623438
A_2_021,A,2,1,2.3061360861566484,2.6466843957776867,2.187876396725915,4.813499464646913,4.805626723165828,7.65138265978082,9.121495925331311
A_2_022,A,2,0,0.5156918981953711,1.994214385231652,0.3565860441983388,1.7629899636069015,4.322754951165274,5.114050493134975,4.973524002923679
A_2_023,A,2,0,2.439080448527127,2.838759821048738,-0.0901881717105066,-1.004860175166571,3.207976991560649,3.8816572076114575,4.729835814598954
A_2_024,A,2,0,2.295938858280281,2.441041518262047,0.5973333057971881,0.7635126112820179,3.121912211618717,3.1133313668656384,4.421143580461466
A_2_025,A,2,0,1.866336319212557,2.4475726138565954,2.471792542628656,1.7817133444257742,2.8160316593430026,3.12089146381537,3.826906526261472
A_2_026,A,2,0,-1.045949638525641,2.082484190312058,2.151927781886531,0.0459796690696669,4.618052439823689,4.966474964828207,4.204086615153423
A_2_027,A,2,1,1.926633880191704,1.442244368403659,2.300840809374696,0.3482794787989482,5.520635982882856,8.026532585706061,9.12322535656334
A_2_028,A,2,1,2.5393738182486603,3.091404435595871,2.834678153795956,0.9491726620900648,4.481579950785589,7.62931418309243,9.740151949914376
A_2_029,A,2,0,2.2416362325041344,0.0559986281145792,2.801130426813005,2.047316873548969,2.053012436725882,3.8412863778778927,4.581680547723094
A_2_030,A,2,0,0.1873302931182581,2.781691179063768,0.0974925604650045,1.425883749663813,2.593376440751465,3.7254174468438666,4.4361971675355525
A_2_031,A,2,1,2.002808404957587,2.567653104630679,2.248848817855016,0.2984869535508727,5.062614519000381,8.646240918555913,9.49200356013034
A_2_032,A,2,0,0.8768511524292006,1.629665087842895,1.3720853496457155,2.596306843766195,2.610154580927204,4.135732328412889,4.313035118260872
A_2_033,A,2,0,1.088953450718001,2.1648908150718547,0.9668050222108382,0.9657727890609888,4.039071211839305,5.201542279456418,4.508049644708588
A_2_034,A,2,0,3.4261232792325984,2.6660604106776766,1.6527987219409996,0.9853728398693252,3.526257542615016,4.068288681635356,4.421989272685267
A_2_035,A,2,1,1.5905816558351296,1.8449008924077328,2.427127902205729,-0.2775497318781346,4.892783199447107,6.96142016118811,8.483629369569428
A_2_036,A,2,1,2.5593478688180995,1.5026869027605003,2.283643543440384,0.4449166266308273,5.1603006669331055,8.470680336871565,9.480949586764131
A_2_037,A,2,1,3.705487334228968,2.2205262647301174,1.0953326865642747,2.2445053544662854,5.033381389839403,7.874961121824166,9.254713827709155
A_2_038,A,2,1,1.8704994590708728,1.1852058124675375,2.066850485357395,-0.6140295224147958,3.839177942464589,7.842638576100747,8.816401195073752
A_2_039,A,2,0,1.9603725630198008,1.363303771096965,4.215832891923969,1.518024604669317,2.9370279203227074,4.94009943750498,3.823895059846578
A_2_040,A,2,0,2.2380801790618507,4.0565762440429145,1.145445155953569,2.5194544030812014,5.23343992146078,4.093647581963575,4.518285201812825
A_2_041,A,2,1,2.679727217818828,2.2390873262599267,0.8629070215020895,0.9756193182533446,3.6173320683149432,8.717519466640663,9.788130073330196
A_2_042,A,2,0,0.5686802169778833,3.062761520972196,2.475241569412072,1.9073103226602095,2.811781133676133,4.156578946037421,4.052766250870092
A_2_043,A,2,0,2.19517528797126,0.951393285139838,2.7966281608148718,0.2372271534078034,4.172282543755985,3.898497875851265,4.004713969908385
A_2_044,A,2,1,4.298529277176922,3.6612310185106822,3.0140441020951934,3.082157094350059,4.5032479805681325,8.378051112443623,9.332562643712478
A_2_045,A,2,0,0.1660691523393971,2.0538526732672526,1.0802824641534932,3.0054592723095936,2.5679889546811925,3.955817364927421,3.741760363838109
A_2_046,A,2,0,3.174228360026998,2.313575409708735,3.1980949252420805,1.897131523018592,2.0808176211166742,4.751556987220096,3.3156248921539944
A_2_047,A,2,1,2.7491925321207265,3.939089703350297,1.764667811494151,-0.7601021163661388,5.073116652596344,8.556802320143925,8.885614142201764
A_2_048,A,2,0,1.2981620073659732,4.2348728733668,1.0651235457593815,0.3241885614482942,4.130191563565957,4.298753629049963,4.163651053585292
A_2_049,A,2,0,4.600520682928028,2.5841961143919563,1.591522476820043,2.8303877215482163,4.408927318320256,4.472738544903969,4.227916859041192
A_2_050,A,2,0,3.05282464010589,2.527270273534115,2.0912994932792754,3.784788111984809,3.3324937319116565,4.602541480068019,4.290849932903953
A_2_051,A,2,0,0.6008888723684709,1.363028841969354,2.914091428064456,1.9908991906328208,4.128499431594537,4.077775899869986,4.560702077972832
A_2_052,A,2,0,2.193145285964329,2.9936649124246117,2.823831825688345,3.171465216195946,2.3466332190333223,4.627997687758102,4.268819601257842
A_2_053,A,2,0,2.820861979587732,2.125971027299427,2.177500728941509,0.8589918194669972,3.3802060618202003,4.095476976105581,4.133877181962922
A_2_054,A,2,0,1.8640223433115637,3.2575542649000564,3.1329055556789727,1.3811597939287794,2.6600085439828023,4.513624664742325,4.193105761115571
A_2_055,A,2,0,2.953637833994008,2.349268027474112,2.2814895733986478,1.641754480420801,3.4284022113459853,3.8312654586323225,4.806673628920009
A_2_056,A,2,0,2.0168533498132306,4.220289516806199,3.0959839038004664,2.163652997780459,3.907670739325147,4.332533415752632,4.923481932263075
A_2_057,A,2,1,3.43405945104291,1.2415584420439782,1.1461312051908064,-0.5137704473795133,5.453750325879079,8.12063314311161,9.292627216398254
A_1_000,A,1,0,1.79815323957019,-0.294003349783038,-0.6241739927171244,1.3106855099324473,-0.721716369884399,-0.2373929790537354,0.5313947620397014
A_1_001,A,1,1,-0.344577813757066,1.8906267024367427,2.075720446616535,1.583325268849335,2.5376480460060327,3.728475385181815,3.307733055354001
A_1_002,A,1,0,0.2539232629870113,-0.3556571796237478,-0.4400824461260035,-1.3107796814189765,-0.3029497890501255,-0.1523955996864689,-0.2864709082626938
A_1_003,A,1,1,-0.0791344706730189,0.130243057651552,0.9984807995246128,-1.770125028860244,0.5762262508566662,4.273548006718386,4.616912175909132
A_1_004,A,1,0,0.1590855140322885,-0.2578832311044901,0.8518972479845681,0.5807829531161671,-0.0098479696061852,-0.166793947462581,0.3531111908401937
A_1_005,A,1,1,-0.983993159812675,-0.4822211033613854,0.8120491593455366,-0.8844817193879274,0.2236465068529187,4.171203875474563,4.082258762868226
A_1_006,A,1,0,-0.7241269956283415,0.1370511410506498,0.4965105261512166,-2.839237741694569,0.1024901903208867,0.8737346456546269,0.800102138406395
A_1_007,A,1,0,-0.2452449660056208,2.580639712783469,2.342626545178143,1.147038956234872,0.3688676407980731,0.3439606880490039,0.3627698290974431
A_1_008,A,1,1,1.6234548401255098,2.168666018745661,-1.2296015084996994,0.1272589123414797,1.2952172113025775,3.144000199365694,4.527305415329577
A_1_009,A,1,1,1.931527509317665,-0.2001258924611705,2.1838736347228287,-0.6671414085000782,1.913074664496324,3.994509393593177,4.857947335096871
A_1_010,A,1,0,-1.6544097406053186,-0.8969937191835542,3.2451723427935653,2.781834200410726,-0.1374212280006773,0.7034296557248283,0.091023001375368
A_1_011,A,1,0,-0.993302957483812,-0.4169481182422523,0.973584560566066,0.2896624770622223,0.0855076992064501,-0.0678866580191093,-0.2268875167383946
A_1_012,A,1,0,0.8086292782167772,1.0624118899529242,0.9310252045205822,-0.8262376637169199,-1.143464719685904,0.6278406072082553,0.3401312765641794
A_1_013,A,1,0,-2.490524730218118,-0.8472428180833129,1.6763707956230252,0.2570768482141016,0.147545508453137,0.4503084451109229,-0.0087271692680782
A_1_014,A,1,0,-0.5789623311904587,-0.7065882092933266,2.7788545405680187,-1.1637770230854472,-0.6007618236518429,0.3775006194247529,-0.4085299505645191
A_1_015,A,1,1,0.3783913429123887,1.8912098708840093,0.1119510508809971,-1.0276875361642115,1.0665800504079868,3.783062904903492,4.475758511259539
A_1_016,A,1,1,2.071268721608525,1.8815621151832496,1.3876893335552258,0.4303073350251721,1.4150804624394682,3.760788319309076,4.836033313824448
A_1_017,A,1,0,0.8617548757134446,-0.3615401509828344,0.7637834751258225,-0.5308172729131424,0.3361919573738807,0.1546762081613356,-0.118046366049756
A_1_018,A,1,0,-0.4090167752777473,-1.1623250094987274,1.5093812768397985,-0.4410644412773822,-1.304359482438826,0.1376674252449599,0.7194682313905348
A_1_019,A,1,0,-0.4607198676249489,-1.6119135228815082,1.1091866964295125,2.216818159139645,-1.2176381105327394,0.4038216459283191,-0.2942660573008021
A_1_020,A,1,0,-0.3127442506474062,-0.7206490757065389,1.6096531157508802,1.2011420940811213,-0.1535165642146835,0.3344846662458619,0.964512069676305
A_1_021,A,1,0,1.9044117505702003,-2.3203927265291124,0.528367318078457,1.1468575168455115,0.5398785312476181,0.0492962390540092,0.6684400704269586
A_1_022,A,1,0,-0.535031178216084,0.7998805033208997,0.9990021555685208,0.7861601323787499,0.4064837142017787,0.150807147212831,-0.2576500492563945
A_1_023,A,1,1,0.1203995145440882,0.3160156601861531,0.6296576195928161,0.5603477421171238,2.2690549498715766,4.246991838125848,4.98948988191179
A_1_024,A,1,0,0.4407363341065817,0.5180168345556887,0.2857094963239538,1.9460480978305132,1.2065489434881451,-0.6930991387344997,0.699170819312722
A_1_025,A,1,0,-0.1509630563580689,1.9897948763650108,0.8084601593270886,0.1316750062982692,0.5841833062024351,-0.1260324672392895,0.2507972885448846
A_1_026,A,1,1,0.2533947150428468,2.195280361374022,1.1579900949206157,2.246662393893754,1.437656546115193,3.528997712024205,4.2414872990159385
A_1_027,A,1,1,-0.8925839289388202,-0.2517426178491166,0.1275162577639714,-1.2753541609624393,0.5510567164442319,3.766522440993464,4.755243794114432
A_1_028,A,1,0,-0.0144018350481852,0.9283938797970274,2.520058379308776,-0.1874322216585581,-0.6914278366548605,0.0094809152230704,1.0966407901952264
A_1_029,A,1,0,-0.554476528718024,1.231644032626495,0.8149159097804308,-1.5914571442513876,-0.2835182859016916,0.0203958697970466,-0.4669568461214223
A_1_030,A,1,1,1.9576597202377783,0.1893314502538603,-0.0837007629135495,-0.4837046861066648,1.719386792662512,3.5771465236312565,5.131589786441156
A_1_031,A,1,1,1.3163606283764548,-0.0379163563112761,2.401534592620892,0.5741438670216606,1.6398068548692104,4.260412668829252,4.777041733332825
A_1_032,A,1,0,-0.0301795162624152,-0.1034057034833345,0.2017171795888435,1.9376001889757477,0.1006903474359428,0.2516497948458677,0.1057587495262269
A_1_033,A,1,0,0.8354762790841798,-1.6737195611597,1.4582813347446644,-0.713609511081549,-0.0487144359322491,-0.744451225546109,-0.0603961329075894
A_1_034,A,1,1,0.0751630603585632,2.510341359781312,1.2829830233900412,-0.0612300819717674,2.000200468217182,3.958383222572756,4.662716062441176
A_1_035,A,1,1,1.815157948033684,-1.5601341628112428,1.5506162270489572,-0.5180173600521284,1.6390738459241116,3.3835520321406616,5.267330268860103
A_1_036,A,1,1,0.4932505491604667,-0.1986870794510983,1.4710210861814694,-0.9963285118249876,1.7070126098916467,4.779655673602185,5.046628331817636
A_1_037,A,1,0,0.7292279427255173,-0.2704737948941377,0.3748322227973779,-1.3615850623031849,0.3624500604666613,-0.1072056112227498,-0.2803621297595704
A_1_038,A,1,0,-1.613616556654359,-0.2171500409751459,0.9909462871721412,0.2184092664713964,-0.3291833931403339,0.0023206876650624,0.9659938649171398
A_1_039,A,1,1,0.9333500610980372,1.1464424107951774,3.333092053718528,-2.221057192553107,0.6118362232029403,4.047759094673127,4.288902181736651
A_1_040,A,1,0,-2.110255146708177,0.2979409399092765,-1.28760584483325,0.2640188241320203,0.5191383953159618,0.0240906316111422,0.4710319593744241
A_1_041,A,1,0,-2.5441611811749154,-0.203711047517217,1.0159571066827042,0.1673530550386994,0.4865445350864162,0.1639783142131702,0.3399221865579526
A_1_042,A,1,0,-0.3805960971392965,1.207331035686167,1.3849814726124916,-0.6949870716993967,-0.0826205478806625,0.9041046407199256,0.7198990598608432
A_1_043,A,1,0,-1.124909509498244,-2.228925334923169,-0.1022715168012282,-1.1287901759956842,-0.2337012201376422,0.2779271609604593,0.3829737969991327
A_1_044,A,1,0,0.2050659946402782,0.0278810047708015,-0.420348045159953,-1.5742766132440948,2.0988754202683317,0.6781928535676753,0.8150925817672727
A_1_045,A,1,1,3.305945783107562,0.2141749934872236,3.458915912338294,2.268137765298958,0.8126268158817243,4.502325492113151,4.779822289258139
A_1_046,A,1,1,-0.5396539767651021,1.093890197388743,0.9284962658071876,-1.76796289925987,1.2340918765149032,3.3638299911592378,5.121575587445519
A_1_047,A,1,0,-0.7799294830548824,0.2351450968118407,3.028995161602741,2.053822483374153,0.2890720392600421,0.8832019704081768,0.2235109916801049
A_1_048,A,1,0,0.2567549325808736,-0.9512423537704864,1.485763310296226,0.8625618829324808,-0.9063841237043756,0.4082668466897949,1.066805392363114
A_1_049,A,1,0,0.6162666142654454,-0.6561470276907483,1.0261410603621126,-0.3213273730130629,0.2170482463582061,0.6388487460153476,-0.0958207977095456
A_1_050,A,1,0,-0.2205075823821977,0.8451360022151344,1.4259705120484445,-1.3205061690506894,1.6297665239319503,-0.3067023448484087,0.7115350939411959
A_1_051,A,1,0,-0.2574129128165205,0.3839287252794196,1.5850054454560667,1.4379561574667503,0.9134665414690424,0.5742265489504654,0.4327972705845921
A_1_052,A,1,0,0.8780786939006803,-0.7072497672099414,2.1296552233771,2.2760861783729185,0.6154146501675907,0.2786557465319211,0.1887894046639127
A_1_053,A,1,0,0.649884546292373,2.155427025366337,1.385815845496967,-1.0404474748976766,0.6077298118327651,-0.1377799362137147,-0.0735872454845714
A_1_054,A,1,0,-1.292094790092111,2.439509497387184,1.0946106274501854,-0.2436855744158427,0.2046614499340636,1.2842619346783637,0.3973549746193324
A_1_055,A,1,0,-0.0989766482698022,-1.5046203604822863,1.126287516933779,1.476460190844312,0.9884949853329744,0.5711260955201081,-0.2899974413686585
A_1_056,A,1,0,0.0441085608268426,0.331322828230728,2.3019133220789785,0.5486054398642886,-0.024730021896324,0.0193557355535987,-0.4244044429712592
A_1_057,A,1,1,-0.818105777561388,3.6069495546035775,2.116968242152096,2.4449619895743244,1.1306360240654476,4.108718176542332,5.200666062266779
A_1_058,A,1,0,0.3247988758429542,0.8464114091630632,-0.0520215533226031,-0.5660448648013289,0.2300076671852287,0.674219774165293,-0.4103938551589627
A_1_059,A,1,0,-1.0724455964706798,0.2503512621923038,0.314371202740704,0.8143402347301478,0.8927945619956671,0.738577160683878,0.8801675831381112
A_1_060,A,1,1,1.7150833848963034,0.7518731980548831,1.630748824077375,-1.6229942162625075,1.7621932444681934,4.283200468898835,4.733213096501211
A_1_061,A,1,0,0.2409323907563405,-0.5476724323310529,0.3270786747003228,2.761027798802816,0.705684376360251,0.8032957891373044,0.3719027223998045
A_1_062,A,1,0,0.1116331072113128,-0.2079962566116613,0.5735129806020379,-0.7826376530821947,-1.609924608974879,0.8808801827016718,0.233720471024856
A_1_063,A,1,1,-0.2387854410703425,0.3931743074688485,0.3440804182809963,-2.8170784056242124,2.499859548228316,3.385152556793807,5.058360441019822
A_1_064,A,1,1,0.3517377201528824,1.7513295781932152,1.0383571404781933,-0.2188534231599762,3.4662146724809366,3.739377467390035,4.718799569357926
A_1_065,A,1,1,-1.9971828661338185,0.5447439945920034,1.723627640155081,-0.2486776165556163,2.585889762649222,3.455166860814268,4.6090305916631085
A_1_066,A,1,0,-1.414259338153823,-0.4488706024904025,1.9451616163876044,2.5231413609425544,-0.1626230046817463,0.1874188313368505,0.1346484038453063
A_1_067,A,1,0,0.4535497489859429,-1.250497932448401,0.9592309482937188,-0.2999829792854103,-0.6240936351125442,0.8373568667770331,0.6353758022914259
A_1_068,A,1,0,-2.660708802277681,-0.023496484666347,3.024850029610901,0.1413410866883233,0.400136131390873,0.5935808099190132,0.8580773368430968
A_1_069,A,1,1,1.5582606518514543,0.0288315582722445,1.223586612611201,0.6771172206573725,0.6317077784174727,3.4459852246843745,5.401355280739653
A_1_070,A,1,0,-2.182620594217386,-0.1772578847035237,4.143423156327079,2.1078979388109027,0.7169399803913618,-0.0241172582568851,0.3361429849218753
A_1_071,A,1,1,1.4459231283303344,2.068310905598426,2.3016520891003807,-0.1302278675343618,1.0510194113425553,4.543878341489872,4.812160936461403
A_1_072,A,1,0,-1.0568712910991551,0.4004164681099945,1.446722431822454,1.4317380419514785,0.9313454769894264,-0.1099900076302184,-0.5437051046629892
A_0_000,A,0,0,0.9737388554280766,0.5385868922043844,-0.4990336440576174,0.6648564004355908,1.1923170283899285,0.0392752669983529,0.4182747624001365
A_0_001,A,0,0,0.1636890094809997,0.3766914500986367,-2.8244940202379314,-0.3647021577465667,-1.7162301058113758,0.187388545099451,0.4431292524251376
A_0_002,A,0,0,-1.921043675364361,0.0733020291033367,-0.15513161264867,0.1192780772933862,0.293531358829272,-0.8002422687519772,-0.0244428841890879
A_0_003,A,0,0,1.5614359369480684,-0.12280777833004,0.1782182943626417,0.0576160763212728,-0.5499915713570782,0.4977770393033321,0.5171075908795362
A_0_004,A,0,0,1.8021339444032645,-0.3141056186029952,1.922453204955028,-1.1268489784594062,-1.1619493168109558,0.2629756676630111,0.7142547317718789
A_0_005,A,0,0,-0.0822561325002588,0.8075019060824691,-1.3797495510250428,1.537959036673111,-0.4830252909660934,0.3881242974066847,0.1914881829233023
A_0_006,A,0,0,-0.3423953402154004,-1.132455112219498,1.905886363319834,-1.7200319407688864,-0.1621070476116201,-0.4253595455715834,0.5758186840740801
A_0_007,A,0,0,-0.1998337074632954,1.4130866567046148,-0.2512444055874169,1.4746170355241126,0.8999459196970786,-0.3260451459649861,0.2314085873777651
A_0_008,A,0,0,-1.2189404034734328,0.0405003022366551,0.7240568785054531,1.202460834240917,-1.2743228307000949,-0.2459515841629564,-0.6944301440624352
A_0_009,A,0,0,1.3732334496961471,-0.7804503232715391,-2.5398464155294698,-0.1049413989304219,0.915931046422691,0.186448256781691,-0.1157337967212877
A_0_010,A,0,1,-0.1786149146627335,0.4469349977304997,0.4890303815094152,-1.1357286728971474,3.1075069979903525,3.940019153907398,4.565821916667368
A_0_011,A,0,0,-0.0639880158645957,-0.6998645123612199,-0.3437320539310781,-0.2610805393047837,0.5517265415746101,0.1726869314178171,0.3934134159163601
A_0_012,A,0,0,-0.9916205040038044,0.177807691132014,0.682429410154782,0.6101500567991363,0.5024135308743011,0.9921762700869404,-0.2485480581607073
A_0_013,A,0,0,-0.7825913746502465,-0.7457054917622135,0.0912252877567726,0.9448824591059348,0.0207095953067444,0.735008216014845,-0.074660810483065
A_0_014,A,0,0,-1.597156439563963,1.2075016477421276,-1.1422396214121535,0.3751764824631946,-0.965728644391694,-0.2751357612706325,-0.3076507036746489
A_0_015,A,0,1,2.071336642142991,0.1324194698335156,1.2969876372890283,1.046451244332967,1.817164876491257,3.5115125319427363,4.65168285681544
A_0_016,A,0,0,-0.1926094665075164,-2.383557686972508,0.6946287393015882,-0.6916125351095872,0.3367847214139457,0.8911767668801287,0.0943957313720846
A_0_017,A,0,0,1.207402023411011,-0.7581154060120573,0.5967681961293292,0.312086520825296,0.6595860186488091,-0.0635886376330648,0.5768841837910602
A_0_018,A,0,0,0.0166557461415747,-2.1054936981035204,1.0089153621274212,-1.9535251958645747,2.197328431970177,0.7305011986285537,0.4312187497863284
A_0_019,A,0,0,-0.8680044096286177,-0.035824180650586,1.1009674412509844,0.966609548448158,0.6427662488266594,0.8636539799168621,0.1750329634341055
A_0_020,A,0,0,-0.4083565750028152,1.1224385657367693,-0.0218116689059076,0.2121156918332671,0.4031456814154139,-0.1682703124161058,0.2566686545746512
A_0_021,A,0,0,-0.7002888131286245,0.6825532382525025,-1.357657472768547,-0.514656825521318,1.3372634150584828,-0.1030942407825868,0.1100143109502429
A_0_022,A,0,0,0.009948873981142,-1.396579173960681,-1.3849622721488932,1.467707635866908,-1.1118744254438044,0.1224238427335597,0.1720816240506472
A_0_023,A,0,0,-0.4690835495961946,-0.791404384422869,1.349751233985494,0.8823350084426949,-0.9354425718491216,-0.3412077362214353,0.8292376328892537
A_0_024,A,0,0,-0.3749021449272479,1.87886945241068,0.7104474391610888,-3.497884322048763,-0.2737085590812447,-0.3771935383666376,-0.9598038052874897
A_0_025,A,0,0,-1.723218355169892,0.3409614663451485,0.1020293475429932,0.0629030346823967,-0.5305919294207305,-0.1318759977461581,0.0273851403610633
A_0_026,A,0,0,-1.0085574095264007,0.0159789563421058,-0.434648255199576,-1.7954713377570448,0.6364606735052206,0.541237755633651,0.3035870391805867
A_0_027,A,0,0,2.0675719360005376,1.115533669776393,0.0315570979402652,1.3466608041317591,-0.2431531122807033,-0.1539346825193888,0.6164504419241332
A_0_028,A,0,0,-0.8390415203146466,2.586244281103851,0.0247942100604592,3.1330757274353904,1.52240816245328,0.0046336857622009,-0.3382323619203791
A_0_029,A,0,0,-1.317617234529366,1.3684925491747002,-0.3367587062578119,-0.6339856729622304,1.3207427378740964,-0.1588048261871861,0.2687563813438088
A_0_030,A,0,0,0.4216579157187886,0.1487914654826532,-0.699024926854259,0.0980348365745023,0.6641821818091989,-0.6507696760523738,0.4490063555271983
A_0_031,A,0,0,1.759090249445665,0.3784192723172278,2.164316852488214,-0.30179859231942,-0.304106265549777,0.8061580925595714,-0.0997745904516676
A_0_032,A,0,0,-1.8175303781015104,0.6739862540522323,0.2285599383522624,0.4906213370734891,0.6286178703057896,-0.9266453098257216,-0.5376982447346481
A_0_033,A,0,0,-0.2606523103140883,-0.6347080886559482,-0.6058046077226102,0.8229369348703688,0.7239017729029015,-0.2394086211718253,-0.032351848157641
A_0_034,A,0,0,-0.7900656924186347,-1.104023542601095,-1.3020616358897394,1.624256228179812,-0.8760582836545393,0.3580499044372957,-0.4217183539694936
A_0_035,A,0,0,-2.2012743429092536,0.0647287536508023,-0.7256936696932805,-1.2149622361483254,0.335091636102693,-0.6010064320647216,0.433854161182697
A_0_036,A,0,0,0.9186583865729894,-0.9903124151168796,0.719726480783968,1.9730622664183013,0.617234221480271,0.3507070107446726,-0.301335657974502
A_0_037,A,0,0,-0.0293048981935558,-0.0600287476173822,0.7583837185183369,-1.155378735315634,0.2020213197891565,0.6767248361485126,0.8855283084747847
A_0_038,A,0,0,0.0893023053657566,0.111029257570683,-0.2183535451383475,0.3665610053704756,1.3758438749028776,-0.3289744844154879,0.2094780223121009
A_0_039,A,0,0,-0.9403893405569864,2.466489156692516,0.0517106938975545,1.4650207369017223,1.0656384258209135,0.1898551935107158,-0.2353210067886798
A_0_040,A,0,0,0.5684802037461457,-0.889868535015164,-0.3050524701467615,0.8989663417459597,-0.6868091819937827,-0.5117213080647793,-0.1512882301580746
A_0_041,A,0,0,-0.6741216868591513,-0.1206365807501807,-1.1078362996359743,-1.1587350805968366,0.1347771792295513,0.3285348340981733,-0.3771098930648084
A_0_042,A,0,0,-0.1786290106209508,-0.1693845110359916,1.30168623948677,-0.871137474975119,-0.6976630151518671,0.0822058619138838,0.2444688713207581
A_0_043,A,0,0,-1.3853259902268913,0.4636711750705557,0.3726353102977346,-0.5689233983610806,0.5106030153583745,0.158011085437044,0.7551889249561026
A_0_044,A,0,0,-1.520128450260244,1.1050572356959671,2.476355253029807,-0.0519682263410566,-0.7130892235148398,0.7468172713900519,0.0036955942171994
A_0_045,A,0,0,1.6694148191250282,-0.4889552033088837,-0.756170287341241,1.4857965071966288,0.8890244743766313,0.479802537841657,0.7374707233200403
A_0_046,A,0,0,-0.633880880673094,-0.8547747893407867,-0.1375333683631336,-1.5994746123382515,0.3605027167920512,0.7515131278582278,-0.3052599785259342
A_0_047,A,0,0,0.3646004454447524,-1.7203347493428405,0.8829702184540933,0.5881996755367231,0.8348549875377173,0.3484935249033692,0.1998631840111943
A_0_048,A,0,0,-0.0422380434592154,-0.9699243816806143,-0.2450947275666858,0.7676462201408374,-0.1129605644961937,-0.5667974626929099,1.099955107383786
A_0_049,A,0,0,-0.5514315034527302,0.5707291958767713,-1.38769502789613,0.7127935418398345,-1.207983938461192,0.2076004567999301,-0.5156930592651573
B_2_000,B,2,1,1.965048787078476,3.388069053915326,1.601130378101169,2.013162238074412,6.111518544525094,8.315698889384558,9.630777164691777
B_2_001,B,2,0,2.8876032393069826,1.3101752020431332,2.300750065640744,3.500659445039095,3.0588403545279808,3.424312559962423,4.853044984797268
B_2_002,B,2,1,2.2226654943326127,2.9483714269452115,2.8933673289072086,2.039314983716417,5.779295661561623,8.734438741616662,8.226247599933805
B_2_003,B,2,1,2.410695439785885,3.3782892129946878,2.4553946734124965,2.5116842913297743,4.996625457760524,8.150879766896594,8.486884057450041
B_2_004,B,2,1,2.6277769464931,3.876340791767364,3.5534851228619164,2.149388958315184,5.212737122364056,8.321018455548733,8.71766910239478
B_2_005,B,2,0,3.570635400315002,1.7714094583750155,3.192765542052941,3.880338098621301,4.833180862589295,3.8616800977300696,4.959805533997297
B_2_006,B,2,0,2.950638718291423,2.1312202925136976,2.522779143879724,-0.7363912183446604,3.56592941876928,4.3435975660244415,4.327653924876502
B_2_007,B,2,0,2.578250334659991,0.4645586992777915,2.226891905351828,3.2004660599691297,4.385857288394005,4.274825226294143,4.222347210510688
B_2_008,B,2,0,1.395535758308448,1.17811313947105,1.947107674390365,1.297847995824982,1.986596205485526,4.080143693755798,4.760683670863569
B_2_009,B,2,1,0.8725390999919183,5.043844058902696,3.101025131425708,1.0895891600843346,5.371405598419518,8.157154859794895,9.185287434975267
B_2_010,B,2,0,3.2869124146691275,0.0846010577644711,3.119625913811113,0.4024515991551045,3.022991039916901,3.1391817995352627,4.489738081590924
B_2_011,B,2,0,3.308058917776095,2.0264655940599337,2.2606048148149984,-0.7235527863572089,3.110675840349825,4.871028104616284,4.232652987189604
B_2_012,B,2,0,1.9241145010958247,2.6069685006428265,2.649998233423395,1.1262521602157625,3.2146503478242896,3.5937771420999,4.835214865840504
B_2_013,B,2,1,3.277354802004397,2.932243315819598,2.225686817713818,0.5415034099287621,4.845788142883835,6.846219771568221,8.562742749691246
B_2_014,B,2,0,3.0768038173567565,1.5459081293218,0.7884504207134229,2.256664532036804,4.686480521555304,3.8295863578165728,5.277322545618142
B_2_015,B,2,0,3.1389805658312278,2.3217057953593727,1.199045651286867,-0.2186515824396331,1.6676968703282984,3.8145874989044986,4.2763990082151135
B_2_016,B,2,0,3.251729341558089,2.3840880847318378,2.9657660053997974,3.418119987048616,3.294641176784962,4.535012613469872,4.107540008339914
B_2_017,B,2,1,2.0304779366735843,3.2427964376977028,2.997003015240709,1.747956729770352,3.957064833753629,7.513684708885039,9.244341737920958
B_2_018,B,2,0,3.993716228330897,0.4216707445510186,3.7902136720380737,1.326658579107995,4.264015791032148,4.440911535819599,4.712973544604248
B_2_019,B,2,0,0.5417586771428646,2.2396997195023016,2.2560984289740484,0.7521678712285663,2.918266123969272,3.8298254891581127,3.6320749935930894
B_2_020,B,2,1,3.677153846242061,2.447885128544392,3.414773737877777,0.4574980873854755,5.021268354759879,9.22457545514476,9.236758806461868
B_2_021,B,2,0,2.7174150987884484,1.8014656167577328,3.5230169305570387,0.1905676148481292,2.868474933064566,4.421184703169779,3.7188098125570166
B_2_022,B,2,0,3.1920238919056283,2.623914423717556,3.194450164764857,0.9407309382841,3.810213542451619,5.207612030018938,4.05196829040393
B_2_023,B,2,1,4.948760383870921,4.005940501672457,1.9414530532969407,1.4239136459538624,5.445284082715297,7.50043572368388,9.352591468464738
B_2_024,B,2,1,4.455556841723311,4.280114435985572,2.3654341722404584,1.2052921582587068,4.266202955562897,8.387405981565713,8.668914971690691
B_2_025,B,2,0,0.6685288660133439,1.8714135499552151,2.3297727397023555,-0.1328153226898878,3.3123032296368424,3.8147230108844337,4.662380553773403
B_2_026,B,2,0,-0.0108394753348211,3.346791200868072,1.2141313097030435,1.2708912693192769,1.999046979467692,4.437454878246884,4.154836358804134
B_2_027,B,2,0,3.121111323817246,3.6182521636212623,2.6742885151043256,0.5051978645607911,3.5029428363817554,4.570391133210718,5.297164332720861
B_2_028,B,2,0,0.8312344801550964,3.5858608485792174,3.223988499642194,1.8346347869393065,3.997391855680946,3.4930157143073184,4.455997020318988
B_2_029,B,2,0,2.0844932641906087,3.8542927314981466,1.7191450937950508,3.9708876354974274,2.8080513097901467,3.74566958999586,3.99937977420271
B_2_030,B,2,1,3.649659346256493,3.165030260107753,4.522554216602585,2.1672721502868098,5.474295872119143,7.287297213798114,8.333412050020176
B_2_031,B,2,1,0.5452533110180173,3.167161489173074,2.2592760509945964,1.0586000764723036,2.8876862031774664,7.406532052679863,8.774737001975428
B_2_032,B,2,1,-0.0374755678868483,4.214810697394552,2.3470420242640286,-0.5840892087821477,3.0703943871341304,7.7792769183117505,9.222967169527749
B_2_033,B,2,0,2.424123775421534,0.9590860411743928,1.9617211548018048,-0.1305322417308263,2.0957402560881704,3.823395264074609,4.513767789171068
B_2_034,B,2,1,2.655482362016621,3.560387065828108,1.841723947086648,-0.677431024451912,4.199870700076585,7.349714155035687,9.513092544264122
B_2_035,B,2,1,2.2927461607725967,2.7871155421970446,2.96785815949071,2.345865547201957,4.642635701313151,8.154486211507718,9.192793410980023
B_2_036,B,2,0,2.148168454712773,1.9897774258252672,2.2200258805956263,0.6476751709044857,3.140988850011147,4.423466374638091,4.386055386915702
B_2_037,B,2,0,1.0243554907909005,0.5548648636055262,3.861371856689304,1.695160391703377,3.176791979913548,3.551214880492962,4.544639503859099
B_2_038,B,2,0,0.2081319909098664,1.4519967107275225,2.807309929571478,0.8466187354637836,3.863312545211816,3.962420929667137,4.380132787705318
B_2_039,B,2,1,2.391681436399598,3.3178775665655924,3.087689489697254,1.5427880623330117,4.206282903029714,8.065686739645969,9.1953547579993
B_2_040,B,2,1,1.3853641361882605,4.27763861733805,2.328462153930542,3.19162198269134,3.555011919027603,7.993962617743245,9.475058168123024
B_2_041,B,2,1,0.5456483469861166,4.389220701247176,1.135767285505621,0.5932031495907268,3.591552103817323,7.803750936740403,9.52921603425664
B_2_042,B,2,0,2.732101339241596,2.3064779430391056,2.110496601332049,1.20544730953445,5.059048235021978,4.679235354021468,4.233638908609358
B_2_043,B,2,0,2.02325171447228,2.1782718901629607,1.3497080586028196,0.5961194413439419,1.2087998352473108,4.573272398313778,3.531463895850003
B_2_044,B,2,0,2.608160670791017,1.508945127958505,3.15184326791519,2.7055351780504893,3.074753795056977,4.526715419488231,4.008609764179963
B_2_045,B,2,0,0.8633813232175789,2.8089718445177034,2.1695571127886004,0.3408485579927178,4.485210979801718,4.130615055229428,4.557651771373865
B_2_046,B,2,0,1.2774265102041775,2.1345166283225523,3.865742853067002,0.2227180020747288,3.688754895186845,5.299662143060747,3.3985181274184124
B_2_047,B,2,0,0.851196215974793,3.01647237442894,2.9353103108581458,-0.1239914903195591,2.516051658568309,5.048993698035131,4.148172377003273
B_2_048,B,2,1,1.49169766617744,5.18114437359664,3.3855359556481024,-0.3268454342090487,4.619350998321741,7.881872759444136,9.291490337865897
B_2_049,B,2,0,2.3442598971867525,2.3496523403807514,2.430657147444211,2.205910014350529,3.968915157422683,4.148601806654512,4.144922452824889
B_2_050,B,2,1,1.6212817295813178,1.7731092878459689,2.75867233441265,4.6520692466514015,5.65825240909655,8.707950878543656,8.623845590733191
B_2_051,B,2,0,2.5450828610253438,1.4811719801454948,2.853272867195309,0.3759094951428683,2.475819745596389,3.821536099934927,5.2031044726318605
B_2_052,B,2,1,3.0246949067727704,1.810089728528256,3.4726688169138207,2.621721362996285,5.2609676122720215,8.275161264769169,9.703728220371584
B_2_053,B,2,1,5.131451233600128,2.081912544660705,1.8394297377061428,1.7416392391833282,4.820136365360986,8.07846998215815,8.939175125084294
B_2_054,B,2,0,0.3590136926664882,3.761355001444554,2.6922806773086463,0.2541132757546513,4.202027058935412,3.92114723069111,5.07177985300874
B_2_055,B,2,0,3.209877972293807,2.6330289478775484,4.821087223246067,1.294198353958547,4.461998666635098,4.194840121238835,5.107133561059257
B_2_056,B,2,0,1.9881400476394773,0.7849751211711145,2.110309973104546,1.3211707040628398,2.93282345488567,3.399806475330374,3.861506281953952
B_2_057,B,2,1,2.5824628373362537,4.033984367847514,2.2944565843958853,0.5819638225022028,3.4085285755924373,7.862625471852725,10.357527799246007
B_2_058,B,2,1,0.7876702226167362,4.671658327026077,1.857530066597396,3.859788010627191,4.979519877796871,7.141721471788356,8.736073887268704
B_2_059,B,2,0,1.5247577340941822,2.0111243587833387,0.7514357755568,-0.7546654238894543,4.766098798079426,5.395895252154656,4.337136288055858
B_2_060,B,2,1,3.5289965793049425,2.628771964346057,3.738886427141144,1.90342025111342,5.186994174264923,8.804737179565803,8.55760394748858
B_2_061,B,2,1,2.4969020349783686,2.986897943822507,2.610965418302617,1.8466946846555543,4.810216573597366,8.689318280318869,9.113697269880513
B_2_062,B,2,1,2.7013179630140822,3.640710065031259,2.8496276006415813,0.7092262107599133,6.658381621308939,8.23242785882075,8.494874287788697
B_2_063,B,2,1,2.2366041492493234,4.010466892800795,4.39483426988438,1.6138750517824396,3.719970940529828,8.550189778566793,9.045992899069628
B_2_064,B,2,1,4.043212183732859,4.591327679942244,5.059189243516824,2.5470062108698786,5.417541659757553,8.79037895148827,9.662599111263567
B_2_065,B,2,0,2.073159291195632,3.649058902073522,1.3114540807997832,1.7928324910289883,2.7189551317296257,4.645713719830411,4.406878740301611
B_2_066,B,2,0,-0.6505195906025776,3.638610612697155,3.254558510942217,2.159529797293505,3.317935471291833,4.758580245935067,4.389414055899982
B_2_067,B,2,1,1.734909311906887,4.7743226621730885,3.173845435438,2.304750234198189,4.7034177014567335,7.646472088066289,9.807745461897932
B_2_068,B,2,1,0.1390042411496965,4.036530122476927,2.9495923653149747,-1.1059241016475714,5.905732913524727,8.29662284938173,8.684083534796342
B_2_069,B,2,1,-1.464298019370673,1.7415296684079935,3.0299787267478013,3.2959358627527093,3.850314677212452,7.877047268640248,9.59891865455934
B_2_070,B,2,0,1.43735581278461,2.2537681908502845,2.178462149683672,4.48044122631382,2.8102979746047705,3.684578221769645,4.342375751369519
B_1_000,B,1,0,1.6669498126284046,0.3512212233414541,2.541283137147124,1.3692031873191892,-1.2175904787499463,-0.3730808857663992,0.3588086732030703
B_1_001,B,1,0,0.0588998826632411,-0.3759793768950912,1.566648377719444,1.4196871936376805,0.5693320946109992,0.4536347610670055,0.3273028508826556
B_1_002,B,1,0,-1.4656821342562243,0.9714040965769832,1.2970297802799975,-1.6311483237860165,-0.2811762426676323,0.6606073450873791,0.2415746618853114
B_1_003,B,1,0,-1.175874835253028,-0.3660278389011241,2.1994242061952614,-0.0236417968545377,0.45745931383807,-0.5714046138771746,0.1335699676849947
B_1_004,B,1,0,1.4132665378125109,-0.941069139035809,1.8490790312951049,-0.8531242809486994,-0.7384149478170714,1.1540267313544932,0.011821750720722
B_1_005,B,1,0,0.1970332792480809,1.5232046572136713,1.4127932596567931,-0.6206114098197991,-0.2287132459098864,0.7972777893365074,-0.1593690685779242
B_1_006,B,1,0,0.0599990519525712,0.716984483272609,1.2795550806867522,1.3441560521600913,1.0038095286393816,-0.028858657076958,0.4156954983038792
B_1_007,B,1,0,-0.0668272360475714,0.2447966723403149,2.708453885574324,-0.875715336190631,-0.0398505362628536,-0.0981539596051005,0.134070154825761
B_1_008,B,1,0,0.0480003269441831,0.9894925762258144,1.462302584307932,-0.029730555483069,0.6475853783114944,0.1135302009566004,-0.3204128624311307
B_1_009,B,1,0,1.006757058679748,1.134078543917165,0.8629767676564347,-2.248890716497104,0.5727479444588555,0.6582860390405327,-0.0931181488921005
B_1_010,B,1,1,1.1907091216950945,1.3393935718656846,0.4456514468068924,-0.2354280616932554,1.2250270991666443,3.8919671599826393,4.653989586213708
B_1_011,B,1,0,0.2696308750306182,-2.5522132776350746,0.6087959964160294,0.2691833742649162,-1.1624591944083786,-0.2966051458664718,0.3078858531426376
B_1_012,B,1,0,-1.3035854469875132,-0.7007287766461492,-0.0969008309410244,-0.7637074670634958,0.922150623393854,0.2509382300609439,0.1959390234171493
B_1_013,B,1,1,1.1388859561371587,0.5019234355446762,1.4104578090496804,-0.9371954560933972,1.6704273528755682,3.0506054124997504,5.00586576977564
B_1_014,B,1,0,-0.8553088474906176,-1.0027030653539686,1.2098368022704398,2.5194443565091085,1.0086195743934696,0.3478210591791936,0.0635472212397663
B_1_015,B,1,0,1.3673070948755983,0.2294279901718414,-1.0979142419448975,-1.3705469882701502,-1.577518431807003,0.7677507668958886,0.2565464484652645
B_1_016,B,1,0,-1.588813527155159,1.2814942297187346,0.9711163200248188,-1.1539073231758317,-1.23768995606587,0.4206547646240279,-0.2700700975601801
B_1_017,B,1,0,-0.1720262203444856,-0.4941267847491336,1.6019094871803026,-0.8812149346904163,-1.711222041544898,0.5259749576517189,-1.1133810878833004
B_1_018,B,1,0,-0.0091978578640886,-1.181235694287151,1.119287778802643,1.619200996003155,-0.6539575764228927,0.3403839759942828,0.1075883673870973
B_1_019,B,1,0,-1.6558069383051708,2.1475913320576083,-0.0019476878105982,2.7632376159803345,1.0082765391094113,0.5277107941192481,-0.5261861388810218
B_1_020,B,1,0,2.1524645548205985,-0.4477062850394162,2.221425308986025,0.5678262174085168,0.6363059935459517,0.3095793064301769,-0.1188376885331254
B_1_021,B,1,0,1.8255084590744404,-1.2798044876065011,0.2562624961527179,-0.7670301532408096,0.0802038690392203,-0.281285955160973,-0.3622778579358746
B_1_022,B,1,0,-0.5794797020113539,0.2633032958829597,-0.2757482498097747,-0.4071810838580253,0.2165229861108381,0.0115079381340311,0.4509955868838485
B_1_023,B,1,1,1.464651456955654,1.4200346840796914,0.221826567732696,1.2771513436760804,2.138941874379437,3.970980850394201,4.325830605926228
B_1_024,B,1,0,0.4733450870877648,-0.7336459953220902,0.938011388261922,-1.0255216509558114,-0.1802014244345668,0.6893400517763691,0.2132088011321334
B_1_025,B,1,0,-3.2669493291815725,0.8515809384045803,1.9353848865907752,1.9593926542016464,0.473077348100955,1.007513598483084,0.0330275191570208
B_1_026,B,1,0,0.3129975203469881,-0.4916709929398547,2.117977617468957,1.9107515647923763,0.2490190557823106,0.3904357107149462,-0.3213110710529722
B_1_027,B,1,1,0.4233199002084393,-0.0040274794644878,1.512064963484101,0.0179019823162362,-0.3987023185238358,3.5592621417985284,4.071499758791119
B_1_028,B,1,0,0.1040216918431629,0.2049400551469867,-0.2414032147534568,0.942501748028402,-0.2074259254319503,-0.2080642628076424,0.4130518589760322
B_1_029,B,1,0,-1.3460936497839728,0.8237455458965656,0.2953165446376328,1.066058674620061,1.2626953209102936,0.0361910730022893,0.3457445837635591
B_1_030,B,1,0,-0.3366838077755061,-0.6407186745779655,0.0542281449812587,2.0924134275523985,-0.1871799530041018,0.917827269002598,0.6339966648084951
B_1_031,B,1,0,-0.2228234542278714,0.3750037781098166,0.7734688270855017,-1.1586207972476186,0.0397618157834544,0.4179093642724374,1.1425550607110972
B_1_032,B,1,0,1.4851177715153985,-0.0768748164535458,-0.8223733540354172,1.6190886229891803,-0.3806706106959874,0.163956097733799,0.3682400523600001
B_1_033,B,1,0,0.4180338254887679,2.973417122984056,1.062750078872317,-0.3535114205261076,-0.3308901691095056,-0.3126501319949973,0.2231731742347742
B_1_034,B,1,1,0.4930562122466703,0.2112150666584499,1.946544399286891,-1.049295765710027,2.376221288835646,4.28801409194005,4.612462279786375
B_1_035,B,1,1,2.411212497388675,2.423254095221611,1.152333312307389,0.0680883691371929,1.2516225748659124,4.123550985721786,4.87648107471121
B_1_036,B,1,0,-0.694059912204559,-0.0481476266307905,1.4113926263860712,-0.1542984057733164,-0.7913928168342919,0.0359548901135107,-0.0727264046041673
B_1_037,B,1,0,-0.4867878810942309,-0.1078148347956712,0.0125528321459486,-1.0837956848530632,-2.4935177600563683,0.2792792798044789,-0.1148026056830303
B_1_038,B,1,0,-2.2709437641738246,0.7655233229455505,-0.5036594105654513,-1.8811131235042209,-0.405698110201224,0.91323259749644,0.9916993284206872
B_1_039,B,1,0,1.9613823078545156,0.963975363927761,0.3139837194327285,-1.0270480842568832,-1.5206532103146135,0.1473785900797013,-0.5510742648140428
B_1_040,B,1,1,1.7054154602430356,2.29443085961282,2.4580586525891244,1.74357540530196,-0.0939293230570896,4.770809331647276,4.877107422733614
B_1_041,B,1,0,1.1460600556396343,0.3595224418072834,1.9809046436889817,2.5820881191396587,0.7836538447940405,0.7510855776155413,0.3657705003165489
B_1_042,B,1,1,1.3361230580586718,0.3387595924614579,0.8440381594804112,0.7509971609447053,2.0790774377086985,3.998752843752628,4.885910434296707
B_1_043,B,1,0,0.137685734579565,-0.547102431013476,2.1546270775658813,1.6172587878990834,-1.509926850819835,0.598770720687218,-0.2341145155957442
B_1_044,B,1,0,0.2693611739779111,0.5567984712835108,0.6259147097138065,-0.5027159652760225,0.8604080340643896,0.1330740937648541,0.1585644343656116
B_1_045,B,1,0,-0.3150082378341348,0.6341123354429503,2.4626708868406118,0.0518953487574289,0.5371245891857812,-0.1966809857990203,0.0642857699123886
B_1_046,B,1,0,-0.2545005321536828,1.488898283262386,1.4333586921576915,0.4953455064121263,-0.5322542444102656,0.0545522101629828,-0.2476178340461637
B_1_047,B,1,1,0.5678795146421178,1.4034164148013888,0.8487429639586475,-1.4234831079087966,2.080481526402897,3.472961961362273,4.738813974426775
B_1_048,B,1,0,1.8897868894547212,1.142016315393785,1.7459422524891433,-1.079750934829114,-1.2172877174016106,0.5152810936626415,0.1382828590707072
B_1_049,B,1,0,0.6946098772600983,1.6055045620934565,0.1759173127541211,0.2472615845220906,-0.922185387646052,0.1234187886581952,-0.1026663838084668
B_1_050,B,1,0,-0.0730751571985768,0.1892980372978913,0.0147500745803192,-0.2678649775542271,-1.108705480641889,0.4302322575540633,0.4896184249435359
B_1_051,B,1,1,-0.2242400630542451,-0.5978660180999843,-0.150555518529424,-1.4055048422835537,0.5031040993810677,4.321077659004347,4.257972380516081
B_1_052,B,1,0,-0.7937481092645744,-1.2233679743582613,1.2085847091414983,0.612911094525881,0.8563773505514038,-1.4262657037846225,0.3640851011215644
B_1_053,B,1,0,2.003381263965612,-1.4986964620195231,0.8968409542263196,-0.2071060264343786,-1.039598563085406,0.2547182226476158,-0.1518413455800941
B_1_054,B,1,1,1.1333591302838797,2.6487177950457443,1.2228867392526273,1.2317882285363202,0.5315881647101399,3.1470924234796733,5.096677512343138
B_1_055,B,1,1,0.5844381978883183,0.0732663883439405,0.8901478690306264,-0.0803855514436132,0.643238143150585,4.000724303788269,4.775817562541281
B_1_056,B,1,1,0.0672726973090965,2.252883286699402,2.737884679082221,-0.4564837878664968,1.6039427412315164,3.4463521639519388,4.813002965528739
B_1_057,B,1,0,-1.3863167646256596,0.641819480500243,0.5263940445733948,0.3131934275674942,-0.1315362361624221,0.2933276376909869,-0.1453949389174828
B_1_058,B,1,0,-0.08357694683737,1.811151036770963,0.2265875592125781,-0.0947424103186938,0.8234623601064909,0.7737924462738842,-0.2372612162964074
B_1_059,B,1,0,1.0920725430877511,1.068121476929579,2.196112312735478,-0.7053116266795637,-0.4951645463173775,-0.7200426484608621,-0.2217451545319155
B_1_060,B,1,0,-0.4906715585468625,-0.0952133484396778,2.371283766969503,-0.3778942555171004,-0.9969118409455776,0.2058072962391967,0.2124126802886976
B_1_061,B,1,0,-0.2840532287507001,-0.1873478054105289,1.2888587831800316,1.0821421374891385,-0.2877850310931594,0.1649446606363619,0.5842535357098966
B_1_062,B,1,1,0.223707060701277,1.059645904807457,-0.4400278001387894,0.7485854937267207,1.5105062866541326,3.0358691854136666,5.306121547803005
B_1_063,B,1,1,0.6369929599977109,1.1631365588104208,0.7002890097511228,1.566009880338356,0.7224583973390375,4.386003623217926,4.69351987788351
B_1_064,B,1,0,-1.9912635984320115,-0.5448548908079485,1.5629031492190553,-1.991390501356337,0.332596425086308,0.1289444859366633,0.1729275916863449
B_1_065,B,1,0,-0.2942479399563638,-0.0196795135381726,0.9677235092047678,-0.3622029507943098,1.6479674447667945,-0.1231473988065158,-0.5687318772794442
B_1_066,B,1,0,-1.0679943976925892,1.7045111448967114,2.504075578122221,-0.3887690217231323,-0.3910914292635763,-0.228364490792981,-0.8370064407564641
B_1_067,B,1,0,1.1057312907032566,-1.783897959398688,-0.4169145292910932,0.3214101743212358,0.0942358471385088,1.636401626513865,-0.3551599366233955
B_1_068,B,1,1,-0.4632483457060747,1.23343732661049,1.9783809753277637,-0.6411470121602676,2.589907300426288,3.711288842592568,4.429985519750056
B_1_069,B,1,0,0.7213084341258693,-0.9405296575576588,0.3229667403241143,-0.517937182133285,-0.4620502091673422,-0.7942244082981974,-0.5716436730922541
B_1_070,B,1,0,1.90554681590845,0.2138149153249146,2.273041418271048,1.1135706110805788,-0.6096458325447406,-0.3086153835165549,-0.6109186885965997
B_1_071,B,1,0,-0.3919953266020318,0.8962866838839783,0.8748830372552518,0.3514856340008552,-0.8319835343742384,-0.053363715320709,0.3943063129168855
B_1_072,B,1,0,-0.7519703151543327,-0.0430647111007855,1.9806457997272549,-1.3231030713399523,0.447195455703768,-0.0353648530589726,-0.1736279011937805
B_1_073,B,1,1,0.7392903239076161,1.7736610459481077,0.6524709139163555,1.5921824616584648,1.873787709356049,3.868796481272561,3.972591390286556
B_1_074,B,1,1,0.4974637154887142,-0.6891696240582988,-0.1094988115389525,1.2062635576759595,1.3819416943739429,3.5479643844709527,5.96898215811476
B_1_075,B,1,0,-1.2420204341746393,1.1885034959786165,-0.1603830859646842,-0.5651197031844946,0.1772565021565718,0.5062546644104509,0.3593404677949493
B_1_076,B,1,0,0.5761492696417244,-0.6191039409107162,0.343300957894274,1.167464047013787,1.175260417484084,-0.1142518206283017,0.0071072340368178
B_1_077,B,1,0,2.51939506684426,0.662864843926211,-0.0748136400360917,-0.8002813086528584,0.8095469348977186,-0.5963352646276923,0.4003205985569576
B_1_078,B,1,0,-0.3226399940821553,0.2034534443573984,2.15046133495218,1.53088890024391,-1.1096652163201115,-0.3008466135934221,-0.2173333722205505
B_1_079,B,1,0,-0.253595245080829,-2.692487465350103,2.2889104562017906,-0.1275834046504465,0.1143391707780755,0.0088420853635415,0.951126868375659
B_1_080,B,1,0,-1.3061650294613572,-0.7725612051611104,1.223046479256093,-0.8609407495130912,0.2067690875596234,0.6160670155088637,-0.4642783126535839
B_1_081,B,1,0,0.3988605646081845,0.2609454472262498,-0.0841950851642274,-0.3075571729827577,0.7609068216354461,0.5069671015128775,-0.2712778922201974
B_1_082,B,1,1,-1.0587202808845353,2.603115076144975,1.181629246836726,-1.014407582109781,1.276270166066181,3.823953513525472,4.765519726820704
B_1_083,B,1,1,-0.8836637804393546,1.271964573281142,0.6140245889921796,0.1808403244887063,0.9123409778800504,3.992844334785766,4.471166978962869
B_1_084,B,1,0,1.599584089804737,0.2884827859925954,2.4040744618242487,0.3546857666389773,-0.2889578152310372,0.26869362992635,0.8203248785861842
B_1_085,B,1,0,-1.1318163242433052,-1.4695761103272775,1.2659435147081928,0.1722380741648836,-1.4283021532247384,1.14304231747343,-0.5780484074019667
B_1_086,B,1,1,1.8516969616641727,2.472923830213668,1.7894365401396848,-0.7553297093490846,1.4365482777131369,3.673166253140692,4.484031174875346
B_1_087,B,1,1,2.405447504728509,2.8594556250548075,0.9003168812768506,-4.652302702543919,0.9176763935747332,4.141757510460568,4.828259381298432
B_1_088,B,1,0,0.3241580718459285,0.041662924597779,-1.061321605418308,0.2393627777886288,0.4692203075900911,0.4681161268494169,0.3693907270277785
B_1_089,B,1,0,0.6917392535635294,-0.2206264470411587,0.178865650233461,-2.2500560652412287,-0.8064898883888886,-0.3854611096462663,0.5493039546436318
B_1_090,B,1,1,2.940313679608473,-0.7379774214928566,0.1833678212058147,0.229284999675828,1.0521583095689946,4.00283431824186,4.874257350823084
B_1_091,B,1,0,-0.2459105025821458,0.9457252240384464,1.320254803468075,1.5499683989210646,-0.7349007975874019,0.2458595073350419,1.1768229507998913
B_1_092,B,1,1,-0.2412572461770195,3.797841694950103,1.396540275782045,0.2632538541770262,0.5089006971540321,3.6591341257038095,4.489414426766415
B_1_093,B,1,1,-1.1915388309786772,1.7239424128177132,0.4983727018924301,-0.544848375104844,2.05111113580053,4.272554407832833,4.896218053723758
B_1_094,B,1,0,0.0521338504329329,1.3414688929907723,0.5613911024896863,-0.0956866069615267,-0.3151587440247085,0.6454680713471972,0.5309787218256993
B_0_000,B,0,0,1.8489302636478837,0.578658716719643,1.5664767521889955,-0.1473941669898017,0.3865001462940977,0.650317598372719,-0.0515940054664032
B_0_001,B,0,0,1.1994942267510815,-1.0255081650365618,-0.959343059361819,-0.6690350007517191,-0.9458862259227888,-0.0170804852713358,-0.0494479796662828
B_0_002,B,0,0,-1.1776140517724467,1.4116470007592,-0.9179542036291248,-0.7134553905720649,0.0848485198375386,0.1682052074994393,-0.1333836389847532
B_0_003,B,0,0,-1.069219229790745,-1.288691280250801,-0.2283422858871119,-1.1396452273673374,-1.4360823469334945,1.2438415419576243,-0.2201548557890312
B_0_004,B,0,0,-0.6302140366762045,-0.2182082076620901,-0.6991369291289403,1.4911826948978997,-0.4260761442527159,-0.5249096138797662,-0.4888998826956549
B_0_005,B,0,0,0.3653351031191771,0.3023397251454572,-0.4287473564158551,-0.00035080569954,-0.4212412631425054,0.1968433160692531,-0.159611717250368
B_0_006,B,0,0,-0.2566392838796047,0.9338595162067952,0.5314487039641497,1.208947989399807,0.489572772028009,0.5062263358816282,-0.6360540363551672
B_0_007,B,0,0,0.2680674318038516,0.4417674458764683,1.7322241448990523,-0.3025988088332303,0.1394151650250277,0.1199029272597606,0.2086286685248877
B_0_008,B,0,0,0.3709242225568091,0.4174648949537794,-1.7794939072860558,0.1127870257379165,-0.137613701706645,0.4295833689783154,-0.6068188864897435
B_0_009,B,0,0,-0.3734669833480594,-0.7907019334371609,-0.0182443509261221,-0.1952572312783116,0.7127311756766818,0.166087040673311,1.00611804216826
B_0_010,B,0,0,-0.0502174270036796,-1.348909292773523,0.0414385229653923,0.5884064525539412,0.1472088626140381,0.4212044199754521,0.7989535715083355
B_0_011,B,0,0,0.2582404715200427,0.0705928141270754,-0.0839321075725026,1.0453707909269272,0.445682172423434,0.6956245579212577,0.5440407219132981
B_0_012,B,0,0,-0.10496212941647,-0.7370791834253613,-0.1871109551740334,0.3168814419802501,0.6499281736880378,-0.0330766659330599,-0.018129738215967
B_0_013,B,0,0,0.6294010812425634,-1.3673055743037217,-0.3403704559051256,-0.8305315362895737,-0.0690832397214842,0.1515773525090344,-0.2172601394559778
B_0_014,B,0,0,2.338594716660006,-1.3252426698362685,1.0041928164198894,-0.96694003320557,-0.2698508229141486,0.008398577816841,0.5740935761179313
B_0_015,B,0,0,0.7399653559635382,-0.5086382103486052,-0.4651376280223474,2.085956547442304,0.2650410155662039,-0.1478438324756277,0.127989367057699
B_0_016,B,0,0,0.0697631830106898,-1.9373179969487837,-0.1273159323240735,-0.3342674819665156,-0.3596229074139482,0.0611916338964853,0.3182798310656251
B_0_017,B,0,0,-2.1076482792023934,-1.4065641567564835,-0.0001136659311294,-0.3473217253608153,0.3249873651723693,-0.4913212309477558,-0.2513752899514051
B_0_018,B,0,0,0.4849463575190021,-1.7076874445717545,0.1074955807218752,1.8496719217736115,0.9401607041677827,0.4551161838573366,0.559433663473147
B_0_019,B,0,0,-2.433348014709009,0.1974105494214499,-0.1708637767529219,1.3719026681615307,0.711902764028826,0.9055678650294844,-0.3122585118868783
B_0_020,B,0,0,-1.7612926076951525,0.4365241791826826,0.999245916099387,0.6835788987892489,-0.3293583181798237,0.9255223401858622,0.117103393188807
B_0_021,B,0,0,1.0682990655859563,2.111745462841881,-0.0086787970268181,-0.4907507662682732,-1.1121921889461537,0.6761541195893181,-0.7496721082941873
B_0_022,B,0,0,0.8827938251708303,-1.5629732778438696,0.1740608852693693,2.960363012705524,-0.048072092685274,-0.3971654226028948,-0.2107918473465591
B_0_023,B,0,0,-0.1874237479361059,-0.7109864668927711,-0.0514531534423345,0.4963979144372053,-0.1348951522289674,0.7831984368706283,0.2320943967450006
B_0_024,B,0,0,-2.137513882690269,0.9673338631104073,-1.0030244214369366,0.7019156569406134,0.9363254772757764,-0.2758781640006379,-0.1231555192485186
B_0_025,B,0,0,-0.4641856461135628,-0.2162023512040423,-0.8299672360741696,-0.1910623765132305,-0.3181930817501219,0.0761615302380961,-0.0962172825459894
B_0_026,B,0,0,-0.8484228977700301,-0.3342401035048611,-1.0500071190586109,-1.749668839570532,-0.1800938506237214,1.0050550214794007,0.4321873448953344
B_0_027,B,0,0,0.7960509326627627,1.803371642487319,0.1926485799316557,-1.6509656733181228,0.6197723101903004,-0.457263588605961,0.0415531646886983
B_0_028,B,0,0,2.8221631655344144,-0.3438017512458985,-0.7134933948328663,0.5317721721724209,-0.3984618522256092,0.5243731186576426,0.66145095852834
B_0_029,B,0,0,0.2711631099433198,-1.1986171737543387,-1.0613878902918763,0.5205616657444617,-0.1131637386296599,0.2791218393043727,-0.9362527167717126
B_0_030,B,0,0,-0.974138910040146,-1.3719816807948824,0.2381058980395032,-0.2783873508336877,1.457972288459317,0.0212010816988963,0.3512566443555067
B_0_031,B,0,0,-1.463189412879025,0.359003525603727,0.525031721027372,-1.4515557666372971,1.2504940771333275,-0.37930009119984,0.2765299474896719
B_0_032,B,0,0,-0.0701178509603407,0.330947176368244,-1.7608091816673654,-1.7811853426162891,0.5361965128918635,0.3052432716485083,-0.5998840109709548
B_0_033,B,0,0,-0.2209914918919847,-1.4294213893983012,1.6896728251351418,-0.388081131601325,0.2313911789897424,-0.1341011636139806,-0.4851194191834613
B_0_034,B,0,0,-1.4393989494093395,-1.026492486810175,0.0322811341916822,-1.8038127473732528,-0.8293963199500097,0.5961902058778263,0.4606441318161829
B_0_035,B,0,0,0.1454440446152302,0.5705401740278561,-0.1051673483180654,1.141827978577754,0.4701133603886083,0.6939719224658857,-0.4012800488794987
B_0_036,B,0,0,-1.4386419016385772,0.6166942592561412,1.0667751916245618,1.461959273459557,0.0514374984379849,-0.5945762249547619,-0.192142795751238
B_0_037,B,0,0,1.390134089661626,-0.6650636045017055,0.06981238713164,3.5569318704316037,0.1884364091735914,-0.1597552291116669,0.3584563590252452
B_0_038,B,0,0,1.328313257235194,0.6547861917387789,-0.6038589598274849,1.10081517425603,-0.4741232936431699,-0.1464069213976979,-0.1560285500436791
B_0_039,B,0,0,1.355939081620526,0.608711205674293,2.1945743624258736,-0.724534228041769,-0.0172458311162411,-0.5164809127907739,0.2813023645039378
B_0_040,B,0,0,-0.5925630882606602,-1.8613099526172563,-1.0743957937297652,-1.0677294653048437,-0.152739347215659,-0.4606189271736932,-0.2922703843312221
B_0_041,B,0,0,0.643150704147611,-0.3156712865821526,-0.0976208740572081,-4.29066880837985,0.2754991696527434,0.1522954690685791,0.2415710102880675
B_0_042,B,0,0,-0.165086881524196,0.4374784704598098,0.8471947552849961,-0.7404182235621163,1.1776223916880388,-0.0896583648276504,0.4790483977851474
B_0_043,B,0,0,-0.486015076753102,-0.600132887489555,-1.0696454810431033,-0.218024147025696,0.272940583661269,-0.8115551647845979,0.1396407120709855
B_0_044,B,0,1,0.0760679285724173,-1.2881225339151825,0.2479720257111555,1.0252709282955876,-0.0657860070215747,3.6007406856439865,3.678193228660984
B_0_045,B,0,0,-1.6246440912926885,-0.2904974770162704,0.3865649096690947,0.7778361525300783,-0.8367118103888583,0.3194642610407487,0.3414924688271854
B_0_046,B,0,0,-1.8048296198689016,0.7939571937578792,2.401647332308271,0.7439559271135051,-1.3668976503428512,-0.5647904579948956,0.0491312110159692
B_0_047,B,0,0,0.9928934885950572,1.660885044897985,-0.8927971805622574,0.269952863607827,-0.70755015754265,-0.4486681358309812,-0.4137057697555134
B_0_048,B,0,0,-0.2390442548994001,-2.295003413517654,-0.047661628331962,0.8367742996387155,0.4550468086006665,0.8417025572825563,0.6588757409002531
B_0_049,B,0,0,0.2705310639095289,2.770039886241588,0.6587071306364056,1.861604948628172,0.4038418362658267,0.8930803927322553,-0.5186756912211692
C_2_000,C,2,0,3.3521379855676496,1.195899724967244,2.2810453544099536,0.2776896340384631,2.668881476634243,3.3540196561002302,5.1392521728408775
C_2_001,C,2,1,0.4335843812299074,4.329573979530114,1.347152713332766,0.8278836494663899,4.734520829406054,7.247304915503815,8.564776982934028
C_2_002,C,2,1,1.6198374077301327,4.643544866144596,2.958128968715617,-0.2903906718509597,3.957837606734069,8.31735836804913,9.805327555125867
C_2_003,C,2,0,2.3191685543313385,3.406649466895637,2.307549945451714,3.622287990886544,1.9522505921748696,3.52458186705201,4.225293300845388
C_2_004,C,2,0,2.5901184833319664,2.535410638793912,2.6456312065459864,3.227708874546088,1.9797112481313963,4.02840856405019,3.691181007471156
C_2_005,C,2,0,1.6286569369986292,1.157063946235058,3.33146612176973,2.543460188465732,2.4367516094716635,3.913330639550332,4.310516313247459
C_2_006,C,2,0,3.38647404087231,3.04295167271116,3.213196372664359,0.1219406162469038,4.4044333035346455,4.495662496302992,4.510210030882159
C_2_007,C,2,0,2.362993673537046,1.6402857962252977,2.6077623761813307,1.848742268048656,2.08674838940141,3.007160025714866,4.672632670352759
C_2_008,C,2,0,0.5832723264651754,-0.2566744859577681,2.510586181574272,1.3410112096070994,4.282147101522519,3.1781443897630224,4.914873219680925
C_2_009,C,2,1,1.4365452800116936,6.293964335740403,1.4515282846076645,1.4982753514113605,5.629546696890854,7.29949088308733,8.433547520571176
C_2_010,C,2,0,3.1068388256182784,3.117422292343714,2.0656851758256205,1.3626826765550126,2.9997594627586834,4.622175507756685,4.459364509717823
C_2_011,C,2,0,2.679789320570075,4.29560664983306,2.4203215973568715,2.2731923608143285,3.1632449889855554,4.152465069398332,4.708685802082898
C_2_012,C,2,1,0.2261734512417486,2.3836194169669214,2.1489847496568752,0.9380968934531396,4.051427005165834,7.213300185409087,8.902932302270106
C_2_013,C,2,0,3.7846403798280113,3.923491322364052,2.297608723444428,2.6834398481763926,3.167477715824819,4.440014921020665,3.914786733912157
C_2_014,C,2,1,3.3475337888673597,5.014125400596207,1.7246800813450711,1.7412691418960171,5.14520902374692,8.456705068756033,8.639508239354106
C_2_015,C,2,1,4.279178734620623,4.981969783094956,4.084326399788234,1.0830403494600738,4.614026707942864,8.024303749978033,9.4580139051719
C_2_016,C,2,0,1.6203738986561451,2.370738860282722,4.352079207047587,1.4961943116555914,4.075156472256077,4.121773719782873,4.8066148228303005
C_2_017,C,2,1,2.230367223334593,2.079137866458177,2.1604538378446705,0.8827117611173759,5.580565392387897,8.294325643176071,8.662935541910215
C_2_018,C,2,0,0.6919286440608514,2.1996598071592537,2.6003585118989165,2.639031567811921,3.491693987486508,4.827278007289009,3.7697514221416233
C_2_019,C,2,0,5.271161962664859,0.0702197963132102,1.9658407176519463,1.2769241253249153,3.466861264491258,4.274364213316566,4.894866531389338
C_2_020,C,2,1,2.380682218241064,1.5586404444768138,3.812861050940575,1.8101199030962731,4.537538649237369,8.378329423906433,8.382624726338825
C_2_021,C,2,0,4.0844164901024325,2.490398847501,2.6349968912521557,1.1472205189930944,3.5257824793132224,4.270653278583176,4.529215581866849
C_2_022,C,2,1,1.7908844357659006,2.307538989973896,2.6273335079065943,-0.4093625862068433,3.6552178389736536,7.945923681039137,8.747907133987892
C_2_023,C,2,1,2.804801490416376,3.167676532443368,2.3263369967909857,2.563321968061417,4.911699151225435,7.605147355827753,8.2325665949135
C_2_024,C,2,0,0.0108093917874003,2.2781316588283347,2.326127347548435,0.3125046545806649,3.4007022165886958,4.411384570118028,4.499140899533099
C_2_025,C,2,0,1.6214160640415387,4.404561428708063,1.1996294547950412,2.453547266044181,2.433929358001421,3.995584236867267,4.190146423404823
C_2_026,C,2,1,3.8296936355000346,4.70122605003007,3.22553249149466,1.9526272734462735,6.386455939633555,7.926645608617738,9.645771918306638
C_2_027,C,2,0,0.5353202305318794,2.349191571904953,1.4860050933829587,-0.4274262307160632,2.4167943485293915,4.781628633697972,5.502105337709363
C_2_028,C,2,1,3.9402844311682648,4.612775916732731,3.084881879191959,0.2560108549351632,3.842590173422959,8.334883243713717,8.96847202261808
C_2_029,C,2,0,2.5215472698105783,1.568682845984578,2.329635138318335,0.982137495497139,3.441504177421053,4.6714842441327,4.845519323337499
C_2_030,C,2,0,0.7950613437696803,2.0204598842840427,3.294943126247764,0.5725059663661911,1.5091641452123197,3.329991061790198,4.709255299953435
C_2_031,C,2,1,1.9730034107179084,4.300040684427279,2.5330071723100125,-0.0389781022502284,3.9114362049,8.377937143655613,8.827886842899757
C_2_032,C,2,0,1.5261679041182334,1.0718005563443556,3.223070986166229,2.5262079254612093,1.8643457058844872,3.834963724659313,3.867640407917592
C_2_033,C,2,1,2.5381008275718724,3.045150701252485,1.6276472682219394,1.126779179940765,3.737829575556524,7.638602197739735,9.71511267480007
C_2_034,C,2,0,1.4298200425711347,1.002953019319958,2.809444716678548,2.1117955698084527,3.1020299743773747,3.832495397391277,4.249536373493421
C_2_035,C,2,0,1.0658901239943297,2.5126477845286006,1.975903476661606,1.0904679450974963,3.483265045459074,4.859413818271631,4.395672874157687
C_2_036,C,2,0,1.7192653718564783,4.098488517740867,2.3942179027151216,2.0003546693743317,4.128777851406526,4.623054713265226,4.222289571455688
C_2_037,C,2,1,1.3163878267386888,2.555540884258888,2.621749530525535,0.5015466110343803,5.269688737451777,7.748733640440528,9.012838577028376
C_2_038,C,2,0,0.488091784196154,2.6188975036715973,3.136291121774788,1.5803020975514157,4.18661500117629,3.616729660459566,4.053265719434808
C_2_039,C,2,0,2.039779396865802,1.4415138533781129,0.1803874983951279,2.344710942337213,3.6886549940817934,4.210181499586589,4.680807781026899
C_2_040,C,2,0,3.20359278194321,1.1898983934215228,2.523081741779299,1.7001905862666804,2.8448762847146085,4.0925371202669165,5.053438316723099
C_2_041,C,2,0,0.1882853686032939,1.0845067677352256,0.7055013591876227,1.042909733684518,4.129265212569507,5.019119887759352,4.161302943543438
C_2_042,C,2,0,2.1043851893299506,3.90778329380257,3.4068168345550958,0.2522540944158102,2.7612891518185574,3.4420020409043883,3.689917945526805
C_1_000,C,1,0,-0.8124452435016195,2.4930870366104982,-1.0227431945609098,0.3346007874159065,-0.4667879527921388,-0.8021589563358553,0.1352840065423748
C_1_001,C,1,0,-1.221431796418362,0.5378163979308159,-0.0537817838639116,0.5924228962268447,1.424224335860816,0.1477069020478103,-0.3545411685220075
C_1_002,C,1,0,1.0667970658932735,-0.7344276596182503,-0.7238791647067,-0.187589396359475,0.7434503599099447,0.164488357045131,-0.117148399950807
C_1_003,C,1,0,-0.6477121113633327,0.7547830916499771,2.58923609908786,-0.8323566624722316,0.2486319554914878,0.1981307812386254,0.68701922146743
C_1_004,C,1,0,1.8728771038310992,-0.3293770818041915,-0.3389985227889265,0.8215540337307072,0.7288001837110903,0.5716749776520595,1.252521011343544
C_1_005,C,1,1,-0.4747992051829917,1.80817234654056,1.413914504073961,3.035571215964803,2.166323281466351,4.987004554945044,4.926925550308672
C_1_006,C,1,0,0.4831274920322905,0.3194295375133459,0.4142073459643028,-0.2503050392615051,-1.0974338693981258,-0.0461953930488959,-0.3495125874431365
C_1_007,C,1,0,-0.2841037581965039,0.2946236885702969,-0.8497624043380492,0.5227929662962932,-0.0724296235516405,-0.2637756275002312,0.3343741431960678
C_1_008,C,1,0,-0.942527261407954,0.6434491482882845,0.6127120049824017,0.58335980042753,-0.9742202621724808,-0.8273353705240172,-0.96734446692372
C_1_009,C,1,0,0.734593803222191,-0.58141904597254,1.612735250859512,-3.0539825338465048,0.2152727158062411,0.3651462678865353,-0.0387705297059171
C_1_010,C,1,0,-0.193728216343509,-0.411797602423286,0.7657316807891802,0.2804051554173656,-0.5151490379330048,0.5418017495917806,0.7976254136092467
C_1_011,C,1,0,0.7540132258920584,-1.794649272768008,1.8910799934246287,-0.7578311843280482,1.2072368536333709,-0.0162913686636766,0.4476893543910938
C_1_012,C,1,0,-0.059114384021245,-0.4376597121631383,0.5880752332471231,1.8834663825387572,0.5486508423430845,0.8270363294896712,-0.3540498788540706
C_1_013,C,1,0,-1.357270319126798,-1.468427016721805,0.9568584607475576,-0.1674376606724626,-0.5859988509292053,0.2403457188079232,-0.494824116175928
C_1_014,C,1,0,-0.1275865539861337,-0.1365967174476045,0.5652012459803786,-0.841282674504138,0.0486554073600821,0.8952934343081079,0.5262301249141332
C_1_015,C,1,0,0.0649439618951756,-0.9828283293531668,1.2935683084333522,-0.1277558350924734,-0.9348242760132564,0.3707243027884775,0.202984207107245
C_1_016,C,1,0,1.1980786923514966,0.1196190915340616,2.8489117999519102,0.3348472230066574,0.0907001886333856,-0.4086737779124121,-0.1444725034814469
C_1_017,C,1,0,-1.1328362591689731,0.4899339550189083,1.3122405897176732,-0.5718165966374293,0.5235884495542309,-0.1921160794138922,0.3137947230679997
C_1_018,C,1,0,-0.0491623165841317,-1.467810851099195,1.1444412640801682,0.0808072228594266,0.3195669932365963,-0.5570124513464135,-0.0258428479918749
C_1_019,C,1,1,-1.6523484127875483,0.1162767499057394,0.6815853395647572,-1.7522601917003595,-0.2050450599065099,3.113446795383749,3.936662297953289
C_1_020,C,1,1,1.3143663254291449,-0.0244078339124703,0.5445196194353418,-0.3494274826069856,1.132151704478133,4.078084422671921,5.113594426260871
C_1_021,C,1,0,-1.3518537183008072,0.7871653633006123,2.4140693015964727,1.0762856290445302,0.4479181330865888,0.4649243899620963,-0.2785870592903323
C_1_022,C,1,0,-2.257949401354507,1.8052805297338947,-0.1622384521291713,2.588666146540595,0.3166083425380206,1.0995345253386972,-0.3248068478279591
C_1_023,C,1,0,-0.0740210428434215,0.9092576272772795,0.0368581527474007,1.0134319469153654,1.0473202675305933,0.1087107244524189,-0.4557623959299579
C_1_024,C,1,1,1.8821061983285576,0.59860794578669,1.2025488416549803,0.2709129646064552,0.3224729674131581,3.8210507962854,4.857178375576673
C_1_025,C,1,0,-1.9055586852648445,1.5640563851640534,0.5236895678041318,1.6313066745102818,0.5500574860323187,-0.3223213930290536,-0.1018256656329129
C_1_026,C,1,1,-0.8600444817355339,-0.6178010942679126,3.2561890524847383,1.2179098829409398,0.8871839130595411,4.491764531461317,5.096425793449855
C_1_027,C,1,0,-0.9290936138166016,1.5925640668686267,-1.416231926739252,2.2162796012768538,0.2405536259822938,0.3587313597636035,0.0556921450250543
C_1_028,C,1,0,-1.4118708079275042,-0.6593429263920821,1.3113621261276918,1.5126837977607213,0.4650741199892547,-0.030427436942055,0.7852021720524515
C_1_029,C,1,0,0.4742848604182309,-2.9131299093634118,1.6627104531029977,-0.0349735435912907,0.6099144938125913,0.3998671377487559,-0.13025195978933
C_1_030,C,1,1,-0.5092093063056071,3.7502775191927418,0.179506417688372,0.256924602100295,0.9293086850146872,4.233067333427332,4.468321195228048
C_1_031,C,1,0,-0.9018934205752528,1.682209497099973,0.3054228729269007,0.3745221068673829,0.259816086632428,-0.7074084828529417,-0.6288987685421155
C_1_032,C,1,0,0.729131748352889,-1.0621717910934905,1.3826099650027273,0.5202862491466917,-0.9056944137948502,0.5631020453894673,-0.2827391339324729
C_1_033,C,1,0,-0.9443932887108551,0.2055128243564281,2.57951310005298,0.4065088500673894,-1.084719464064604,0.3205384274721255,0.6059245689026205
C_1_034,C,1,0,0.5409751222259028,-0.2110426609960549,0.0294866272154998,-0.8496724695163362,0.5299003080593179,-0.0681023060361673,1.4988992162087986
C_1_035,C,1,1,-0.7142314648525541,1.0620829339477609,-0.2792222601896699,-2.720042679790633,1.324142795236008,3.6342196919645424,4.06670079011956
C_1_036,C,1,1,-1.0151731427691115,-0.5911774001445805,2.272469579901002,-0.90705154628963,0.0410022508960734,4.820661384884341,4.289307758066323
C_1_037,C,1,0,-2.294311611488653,-0.7007599984577214,2.47374325866717,-2.402925743774736,-0.6618157541240861,0.9012595089087052,0.289111143320894
C_1_038,C,1,0,2.326503483639661,0.5137121696148725,0.6149684086445556,0.2296545296877555,0.1066362381835519,1.1141463691817444,0.4345391815431667
C_1_039,C,1,0,-0.4003237901637458,0.2523681278101434,-1.2637867750882357,0.1427447839051254,1.39644266130759,-0.4074987727219024,-0.1242575206266298
C_1_040,C,1,0,0.3049167099355364,1.2711010756969066,2.401864469136595,-1.970666849074053,0.9362727521594576,-0.2201416252303183,0.1411527265290458
C_1_041,C,1,1,0.461188113774001,1.0487121148713514,1.101469610979049,0.7901588980557305,2.088916938292368,4.387511523754412,4.019946509216591
C_1_042,C,1,1,0.6999521962590785,3.4287075503001856,2.423898277176077,1.007622166108599,-0.1179947190894179,3.3039892554906283,4.57396053718758
C_1_043,C,1,1,0.5621080992179656,0.2214876592276773,1.2565181327783812,0.0658263248760898,1.3601045449332028,3.6469507320211023,5.231432073689241
C_1_044,C,1,0,2.385271299003373,0.2845744373856136,0.5743534537692789,2.209133728976951,0.4551444827623283,-0.7916497445370805,0.8418162599319707
C_1_045,C,1,0,-1.298658238696434,-1.994714147534256,0.4980873129102499,2.4744212161240013,0.4049015062475577,1.083322709160584,0.0917253938876059
C_1_046,C,1,1,-1.4468276326227212,-0.346275696106714,2.7734450179316785,-1.5684643171906951,1.782080316007629,4.506969428507745,4.673752520113566
C_1_047,C,1,0,-1.2649495856054436,1.4081392505468855,2.384451277998556,1.4222554128892202,-0.1448571985678741,0.3479395028102097,0.3228438489434532
C_1_048,C,1,0,-1.6683862621981826,-0.9777932250761976,-1.187849618778919,0.675359209945017,1.5426902050703355,0.2189578539129262,0.6045170235388555
C_1_049,C,1,0,0.933702565602428,0.5701288755022014,0.0137450188517039,0.6487396062848004,1.3065629849362823,-0.0922861936807336,0.3355153723042795
C_1_050,C,1,0,1.0254727619221962,-0.0581686924163127,2.727078828037984,1.2814408126634185,-0.052465092749208,-0.1387224038720072,-0.2872478379425085
C_1_051,C,1,0,-1.201644431437908,-1.0679367686987906,0.5827065460290103,-0.7412804712016977,-0.7167003394117519,0.5673998318015542,0.4522097485811322
C_1_052,C,1,0,-1.7380447205787397,-0.3586506466738572,-0.4104734036375854,-0.6264433590859568,1.7734638374503189,-0.2927892869206336,0.4857861729838253
C_1_053,C,1,0,-0.4434958164263685,-0.5275432163646441,0.9544657373193304,-0.908535940090344,-0.4195470141710647,0.7253164782773026,-0.2073002622684561
C_1_054,C,1,0,1.7389048473454918,-0.483161278447863,0.8416332027883119,-0.7864821998369592,1.1315516893537343,0.0108664030928721,-0.3083991629825779
C_1_055,C,1,1,-3.024461772247895,1.7704011807904356,1.2026549647063285,-0.1649145490907055,3.089143058456224,3.625270787846312,5.123703206708919
C_1_056,C,1,0,0.6582834612698434,0.6987039659209873,0.4704371168637637,-1.6872958427141724,-0.7463172609571036,0.7726856771515516,0.290657946893762
C_1_057,C,1,0,-1.3446940343107316,-0.5904240965833965,0.639923005260717,-1.17541345148712,0.3106997655546497,0.0708666303732355,0.5829335375845403
C_1_058,C,1,1,1.8004589331765928,0.0174049836409851,0.8440922444489769,0.6616362166704216,1.134396722625672,4.256203862295243,4.83388296630151
C_1_059,C,1,1,-0.84740492609594,1.258231382818069,1.633906646478676,-0.165149030839578,1.8349341434575464,3.698525879364164,4.416819168311128
C_1_060,C,1,1,0.1432302159801993,0.859472443450265,0.4872601325541795,0.4076707401993826,1.6805120427117437,2.8053463025908814,4.539568753309041
C_1_061,C,1,1,-1.382848875799454,2.0348993174519654,1.0103557012493516,-2.451170140258297,3.0243845308990616,4.120425963691163,4.172599584251968
C_1_062,C,1,1,-0.7215723131226217,3.7693897707459625,1.1559261044400764,-1.0171535394963602,1.9771172104380696,3.408642006900851,4.496842520926745
C_1_063,C,1,1,2.232298953807648,1.8522414396553617,2.6057409063541206,-0.759936748905996,1.411547047812156,4.495651993317294,4.513766550145906
C_1_064,C,1,0,1.0257233573625733,-0.0096658112592421,1.3234111340901604,0.1942704651627188,1.0642385116809605,-0.5342002111546997,0.0546306259963718
C_1_065,C,1,0,-0.5020851901883445,-0.1496809269969242,0.8402997198553074,-0.5709247297154985,-0.1069725759185505,-0.6537465907904787,0.8157649465373313
C_1_066,C,1,0,-1.0877154627553198,-0.8864761297248642,1.486187970654596,1.2926236766580526,-0.2579714976872274,0.2712937535872095,-0.4291070834132248
C_1_067,C,1,0,-2.367258920639768,-0.9340538746127098,1.356118286876054,0.0630599526861938,1.974391703202968,0.374208180450109,0.1526651775605585
C_1_068,C,1,0,-0.4920708898762304,-1.023604715879053,2.037834856590392,0.181230841041128,-0.5775481498268241,0.3231774709530218,0.0428006425416064
C_1_069,C,1,1,0.4613709342671275,0.5388683995018958,1.8065132124330097,-0.0751366248042844,0.9505967946838606,3.228943439630094,5.286605394189068
C_1_070,C,1,0,-0.105067947293105,-0.4279190502093782,2.7439106955512638,1.026144947471653,0.119904509413028,0.6295001101344639,0.3207430229215375
C_1_071,C,1,1,0.3827600900297873,1.7474018451934872,2.644617046333108,-0.6565566836603287,0.5179172103874985,3.216017201179981,4.591344974547379
C_1_072,C,1,1,-0.9022620340336576,0.5502268359568019,1.258998590843636,1.3413438312561663,-0.3656056067886797,3.740450786296599,5.152884631449243
C_1_073,C,1,0,-0.0828423567070224,-0.2051883050625166,0.5354903581278967,0.6793410477523679,0.9058546992792504,-0.37485878946393,0.0307480590193716
C_1_074,C,1,1,0.4516582755811176,-0.3148540574537409,2.182555753424904,0.1212135094451381,0.740555866881975,3.7401651626263432,4.522193319742661
C_1_075,C,1,0,1.6132025472539715,1.7424868546533534,1.466629032389274,0.1835354974278403,-0.3970898588927868,0.5675321667640936,0.8372284114813301
C_1_076,C,1,0,2.333416817940453,0.5601352884054845,0.8554310340637934,0.8059790765324888,-0.2051676456037041,-0.0668423735364174,0.6017462440728495
C_1_077,C,1,0,-0.1712362836472395,1.8971666544192087,-0.5269515315492654,1.406939075879515,-0.7587205507158914,0.4518437092798341,0.9593200639705722
C_1_078,C,1,1,-0.4578824389698582,1.814277976618764,-0.5323738423403992,1.1370052279431198,0.5473988596492839,4.395004187961081,5.398887060502146
C_1_079,C,1,1,0.4187723377975454,2.5141679864617386,1.6482585506951404,0.3699256711691612,1.4869168872712486,2.9449323099422866,4.925748217960249
C_1_080,C,1,1,-0.2595265940680462,0.70254880536085,2.0708422654620238,1.0228198578277363,3.441844050245967,3.3378560272685798,4.785625325133042
C_1_081,C,1,0,-0.9280422696828114,0.773963643885815,1.7534354820920952,0.2898373232415591,0.7097181707514219,-0.0031729722684693,-0.2763909408223098
C_0_000,C,0,0,-0.0733126899026779,2.8512251807769062,-1.2871717634638586,1.5864997347255485,0.6266105604277309,-0.2020693190733011,0.4110142946617407
C_0_001,C,0,0,-1.304130538940394,-1.2770988204937015,1.0373438424431685,-0.0180334056273981,-1.2991079906860112,0.2223470402958611,0.0950559461517449
C_0_002,C,0,0,0.757633438943772,1.2406974656451406,-0.5341573155682765,-2.582693967749813,-0.0480581810168612,-0.9152949142045111,0.3430756860521896
C_0_003,C,0,0,-0.1298944364800966,1.7941300984112285,0.3884215217738087,1.6949305468478255,-1.0106438036875884,0.4618936039450327,0.099720274180217
C_0_004,C,0,1,0.8125103835749408,1.4037159639563626,0.7666913746683316,-0.0421221252454155,2.0024268955169795,4.276074862416944,4.397593474137764
C_0_005,C,0,1,0.2713249550366606,1.7612289860036343,-0.4524864355697198,-1.6483361993300276,1.1371581772765285,3.7856835603702335,4.214652044115399
C_0_006,C,0,0,-0.9090680590655154,1.347863642598618,-0.5913250489834989,-0.2392847310411511,-0.0005991924374748,-0.653302262093172,0.3392736887820404
C_0_007,C,0,0,-1.1849494496860649,-0.6969571342432599,-2.073052743223515,-1.0910863905968935,-0.0978800682705046,0.0644668686215025,0.6331437965207208
C_0_008,C,0,0,-0.2965950054056762,0.4490875916164907,-0.9167405457459962,2.6468722832550413,-0.502843096117008,-0.1714978277093823,-0.0300522680103426
C_0_009,C,0,0,-0.685950421784765,-0.9230626649401396,-1.8025420591537435,0.6407912193982771,-1.3058603413423089,0.3674024679975906,0.2860496808352917
C_0_010,C,0,0,0.2923766665119695,-0.7184918079356284,0.4373571314678932,-1.9462537974013707,0.4718568291072703,0.0231479987354059,0.6795086770002192
C_0_011,C,0,0,-0.0055396289970492,-0.6551045135768053,0.0614169160616359,0.6987784215917945,-1.1934714939533244,0.4364407839158852,-0.304676204774726
C_0_012,C,0,0,-1.7028834349034117,-0.1481684854555184,0.914052069072646,-0.4875985417839973,-1.0320210386104507,-0.1679422800124927,-0.1123376997797946
C_0_013,C,0,0,0.0839016242854396,0.1672231190317173,0.3565422311893186,2.415896567123353,-0.2632599903377123,0.8109355396820478,-0.4106716027370108
C_0_014,C,0,0,-1.6785755214259466,0.4947598111963956,-0.6347577186157765,-1.298720778455238,-0.6159901074045733,-1.075205500598417,0.6021554939566229
C_0_015,C,0,0,-0.7705970318991007,-1.5208637843437487,0.3462010657483526,-2.80360619922691,0.1826847912262822,-0.4847746386178684,0.1264497118958277
C_0_016,C,0,0,-0.3679420115223092,2.136556951496721,-0.3904251137498844,0.0992219917882034,0.8425259604995895,0.3213910349863819,-0.1328289799969284
C_0_017,C,0,0,-2.5940915973891387,1.249229891768173,0.6090616906347722,-0.4219852125889531,0.1874966325626642,-0.6967375805531583,-0.6877493396779288
C_0_018,C,0,0,0.1143843098249766,0.7899580709530204,0.3153729657894087,-0.5022978424420963,0.1542679059415933,0.4509202534064201,0.0019869531090793
C_0_019,C,0,0,0.1887291871429188,-0.380350118817603,-0.9885732284276032,-2.6675353667002217,-0.0122935003212221,-0.5677986901762251,0.4767978672095442
C_0_020,C,0,0,-0.197530241780841,-0.0849461165326779,0.0021990796631748,0.555363456073336,0.7228895035606693,0.1449318783500638,-0.0307451189372542
C_0_021,C,0,0,-0.5303965905894927,0.6152772150640229,0.0553340467508736,2.1437863816014677,-1.5148907263282785,-0.2229058080001319,0.07824633343959
C_0_022,C,0,1,0.0329954248648249,1.4023485977928625,0.0422890477435974,-2.5666381269761445,1.6512679697396324,3.66792687636524,4.976199972773395
C_0_023,C,0,0,-1.220674335763821,-1.799218356054269,0.8949065759978173,1.4798240171313923,-0.8114617744809558,0.1583867423473198,-0.4826787447505697
C_0_024,C,0,0,-0.3371254621610148,0.8079279481448487,1.71305090070339,-0.6895266296199946,-1.0553859475405514,0.0437953099383551,0.1225870199573602
C_0_025,C,0,0,-0.6907647543935773,3.147250834976044,-0.3677337130496838,2.955438324332949,-0.0076795935049359,-0.1043421271974822,0.3547157893637815
C_0_026,C,0,0,0.1146067408592484,-1.9816007214938796,-0.3506984830669357,0.5577173536426957,-0.3539383053421597,1.1337415782783955,-0.2965702321980358
C_0_027,C,0,0,-1.5051701119310714,1.077827431532055,-2.2480631778791014,-0.2204736065498004,0.4742934817359612,0.0687242447324039,-0.309776874986206
C_0_028,C,0,0,0.29448738626393,0.4084736802980775,-0.1289194068338564,1.4038204202969264,0.9296743315655488,-0.385560609105151,0.2144115418011972
C_0_029,C,0,0,0.1790236168470872,-0.1119623968946655,-0.4361827001745741,0.6738827310420565,-1.9942644449999611,0.5373627707737564,0.0276957971872557
C_0_030,C,0,0,-0.1769535402234046,1.4876892154703192,-2.161179147548235,-0.7199245930843358,-0.0703461214459887,0.50323503343689,-0.0095580254252295
C_0_031,C,0,0,-0.5490060288578612,-1.2682794412010594,0.2884936692111808,0.8997645541775454,1.6384325940061395,0.6654322661229538,0.1409699636596056
C_0_032,C,0,0,0.6904248655876406,0.1784396857015426,0.5910132047849933,-0.6323899513631803,0.6992543521866641,0.9205386671054416,0.1147957199009144
C_0_033,C,0,0,-2.0807521334923305,1.5887067136010218,-0.7341067371890957,-2.212301300776823,1.2258985285719195,-0.3647791683960347,-0.3028169532605025
C_0_034,C,0,0,0.5755666726814003,-0.2031125639804178,-0.3726123292600554,2.557672057746768,0.0727392333814839,0.6115790777016205,-0.2151773883353681
C_0_035,C,0,0,0.3037968327379652,-0.4432598651065521,-0.9664838127721675,-0.4220462367845532,-1.2402761322113167,0.6369965831197671,0.2654565169913079
C_0_036,C,0,0,0.3542203656682694,0.1350435959201135,0.7625421251447387,-0.7389324760300024,-0.9616793643335062,0.1006897602191377,0.6067660451243975
C_0_037,C,0,0,0.4791407405408441,-0.4759212577930046,-1.517443991457432,0.4307462945428529,0.5695073300075365,0.1556285231436228,0.6283400836365399
C_0_038,C,0,0,-0.8170555082410629,1.6774624934886109,-0.3132612904382116,-1.9318691689564744,0.8002561737845064,-1.4218732160314236,-0.2979720177131019
C_0_039,C,0,0,-0.3243250728767944,-0.968238495670978,1.951072167787276,-1.6715699768811765,-0.6311058248743008,-0.1951597448990865,0.5842494187124916
C_0_040,C,0,0,0.7963229140204366,0.9518581942785752,0.0515879340118628,-0.6043976542230106,-0.2378431629545014,0.9847048719085596,0.4330551875364408
C_0_041,C,0,0,0.5382990551038879,-1.339607845510393,0.4679318516108233,-0.6268319701223602,0.2178430450382691,-0.7907311473794112,0.0955520025319864
C_0_042,C,0,0,0.2583909568033109,0.7235476226405737,-0.146654126942002,0.0930547901729292,-1.5313492329435143,-0.2534772941761861,0.2192814149372982
C_0_043,C,0,0,-1.8929003063995344,-0.1044836394024453,-1.1744258667335945,1.420608748710921,-0.3127765924715956,0.2223202241605751,0.4500882568417087
C_0_044,C,0,0,0.6723588936040101,-2.77961106942517,-0.0326712872196259,-0.5759157154931874,1.3586196484066997,0.3625626903114529,0.8735778947770458
C_0_045,C,0,0,1.461838739991383,0.0025133502021113,0.4064736762098426,0.6339254133843926,1.8435478125107547,0.8964441211859897,-0.3883675553251136
C_0_046,C,0,0,1.262089366303572,-1.1421558700118963,-1.022641639799451,0.770865367781533,-0.1041947826289607,-0.7962082480625963,0.3567412363820624
C_0_047,C,0,0,0.2923475609613817,-0.4690564401186654,0.341613916133247,-1.3339659307878624,1.5490347191541405,0.1164605178173731,0.0382643117067414
C_0_048,C,0,0,-1.947098254505243,1.6703434145587428,1.2449100290042174,0.304997705595085,-0.4574500706656752,0.5172622276813857,-0.0009687434672534
C_0_049,C,0,0,1.1781810177850252,-1.2010276442187444,1.0696894010399192,-1.16836922980579,-0.7188135853751327,-0.6119818594675378,0.551401201125388
D_2_000,D,2,0,1.915931704100291,1.2365514450222812,0.6172547200308678,2.941872214755131,1.271497515709904,4.159149904159427,4.690977639553256
D_2_001,D,2,1,-0.565649560083707,4.903908602671969,1.57472041094528,2.016825553503771,5.409346220213762,9.083232449789774,8.670667234212521
D_2_002,D,2,0,2.571509253884005,2.501113552356304,0.5863206777838468,1.622543714680953,2.835908841476774,4.791864287156295,4.144099880253526
D_2_003,D,2,1,0.7347852711505796,4.989056624022342,3.621155206237901,-0.2744462460865005,6.489257143851303,8.195551600545471,8.96256086495294
D_2_004,D,2,0,0.4794492747561714,2.733396446797484,2.8103293507760227,1.763304920808244,3.468621867086562,2.900388032302888,3.7306301163039297
D_2_005,D,2,0,1.3063013845326843,1.441764447867735,2.903140560670761,0.6795803141380734,3.3872166881851324,4.232473976346674,4.856591778058426
D_2_006,D,2,0,3.690738972353605,2.3207977809788902,1.321649694423127,2.517200343419256,1.6845626855588034,4.474571975740531,4.4180400978699
D_2_007,D,2,0,1.6364433072770088,3.7191037853310327,1.033334040399564,1.484379738766008,4.492603770443369,4.121683026955752,4.517353537578609
D_2_008,D,2,1,2.9387394846708945,4.341190509506678,2.6269077319672847,0.3851893432166553,4.193332495244519,7.895070639126128,9.013561997441595
D_2_009,D,2,0,4.284959954690288,2.3764850778016577,2.300983654899033,2.757953310133073,3.015799305765722,5.671463562968523,5.072092996547336
D_2_010,D,2,0,4.09253720331974,2.42881931511778,1.345746589003132,2.5042557563812373,1.279857088189662,4.028281888185792,4.289798361638928
D_2_011,D,2,0,1.9708082302157937,2.275207912447278,2.342175885365759,0.9017654004529634,4.02489800813967,3.8354253227374175,4.340108711134558
D_2_012,D,2,0,1.798098722424361,1.7502363714194378,2.844568050717688,3.0518085933042896,3.989836916423736,4.243165758527154,5.032067595652153
D_2_013,D,2,1,1.0239117073880624,5.433438446087152,2.7780157785900403,1.073536074506077,4.079021866411298,7.976545684375887,8.893236189735337
D_2_014,D,2,0,1.231927407273011,2.387416977832121,1.1606204633173518,1.2228687803227771,3.248707146347644,4.012013265781918,4.07822320086866
D_2_015,D,2,0,2.631697934515963,1.1748248659899976,0.0873378384866931,1.796510191779295,3.5684120426081587,4.269365725150666,3.8725565627478
D_2_016,D,2,0,2.594663452262058,1.865490836121088,1.9411200529434671,0.6700663344722889,3.9915858086098335,4.5608839694062455,4.802461253800969
D_2_017,D,2,1,2.7377977889674496,4.116136071039086,2.7143549109894884,0.8619005573326457,4.618212602964517,8.106529753685605,9.059094788130846
D_2_018,D,2,0,3.343502071954907,3.071033264952941,1.9399161997892864,1.4063926246052627,4.629904683297557,3.55574118905566,4.509629493929872
D_2_019,D,2,1,1.6345399837085242,3.190051697061184,2.121649863444985,3.33905512900842,4.3480255877847815,7.976553732467707,9.079386116908562
D_2_020,D,2,0,2.029904349770669,1.671949255507701,1.5085548036121148,3.5117002973994973,2.7106682870473238,4.529345585918381,4.405406293904752
D_2_021,D,2,1,3.514053735618515,3.3734818205026507,3.265638011648944,1.1217534362936608,4.195823976957994,7.895172618449314,8.761098102293648
D_2_022,D,2,1,3.3301823827848978,1.518143010144434,2.497625321789486,3.412777051061096,2.344396892166154,8.498256338942793,8.512334602862893
D_2_023,D,2,1,3.938682219665525,1.935121190402857,2.673220575376001,1.3768646950063017,3.878178152907539,8.452943176397172,9.224336723929536
D_2_024,D,2,1,3.096275508456326,4.191644954205359,1.5784763802127015,1.8840766079820788,5.3748411989593015,7.467194232126898,8.962746826116456
D_2_025,D,2,0,1.7132468055039602,1.8740527699152203,1.579578326651971,2.737392301153797,3.443344339634873,4.43303702937653,5.169384192802233
D_2_026,D,2,0,2.552740325327999,2.7937507746783448,2.363797894647947,1.9930450709322505,2.512607141643859,5.242821207329923,4.077330459491135
D_2_027,D,2,1,1.346756004519864,4.650521414798239,1.544582163845189,4.439576265375004,4.841260179077692,8.797784689759906,8.758302086196803
D_2_028,D,2,0,0.0506758355710923,3.078732546414093,0.9407010245218184,1.9090317513749917,1.4468108258266592,4.118683869694485,3.834220806678748
D_2_029,D,2,0,2.825839726121472,2.404593876667426,1.8708489983046543,0.1177029244782823,2.940375014941276,4.639908532672607,4.956521891618681
D_2_030,D,2,0,2.0310745839737394,4.674178149184126,3.400970772533059,3.2354331009964823,3.6066262228438593,3.804243119893254,3.733001446968785
D_2_031,D,2,1,2.985512033021261,4.06564716058788,2.7409517782609303,0.9245674818191192,5.175934369426115,7.379372177534528,9.423758056163104
D_2_032,D,2,1,0.4778945451982275,2.961189797217897,4.009599508227739,1.0573859025287533,3.920505539853698,8.3720182053707,9.710092441188536
D_2_033,D,2,1,2.1436074690932125,4.133301497282834,2.418477346201086,-2.3036512353755456,5.351365135265821,8.209998045651693,8.997559333111608
D_2_034,D,2,1,1.8501786078355908,3.779710011087171,2.2399346391418096,2.680024759557804,6.150458750931705,8.311641140010913,9.343414480786056
D_2_035,D,2,0,1.0197348565791629,1.471174529587945,0.8077626153113597,2.6633810342205777,2.871603367891278,4.294088618695049,3.537268296276613
D_2_036,D,2,1,-0.2187687580780752,3.4173283097211438,1.9737754536377967,2.425899032590386,5.187952668735592,8.210047076807216,8.83961834480247
D_2_037,D,2,1,2.181408147328686,3.1616718668433754,3.985183737165322,2.6525619251662222,3.2391516939294283,7.801538190075186,8.286994812203547
D_2_038,D,2,0,3.2216303602077385,0.2649734563718264,2.5275502725015238,3.738957088417524,1.536700781334087,4.475060020891988,4.477754468510284
D_2_039,D,2,1,3.076247152329673,3.160157431319349,3.283121102239638,1.385040611601679,5.110063132062416,8.532983471355267,9.100672515634225
D_2_040,D,2,1,1.8488167379177425,3.0415467448101605,3.2550978321526487,2.6163303393308768,4.629666319327047,8.095188768264524,8.764223884054424
D_2_041,D,2,0,2.081405035437125,1.912730301872671,2.1904545600307666,0.6920034423433142,3.3680921516708127,4.630187338247622,4.8031014706049
D_2_042,D,2,0,3.046000100297511,0.6108458845915417,1.995194013436433,1.1807435658052274,2.7051465392220244,3.3430064454233106,4.547523389785711
D_2_043,D,2,1,-0.8505223283177417,2.9670369595616446,2.669183573181923,2.7707891503624102,4.354900724027084,7.756163539901213,8.90419473561419
D_2_044,D,2,0,1.9443293164917037,2.339900956110732,2.8713020905667967,2.1043910888250115,3.875363736740664,4.916945268932809,4.120018001422935
D_2_045,D,2,0,2.7790001839767973,2.500856059528845,2.6578662135078512,-0.0351275071529832,4.679128634919023,5.1482232177516005,3.7829568501391098
D_2_046,D,2,0,2.952660781542719,1.1697829611922692,2.6919722117669327,2.092682807779513,3.053316729764994,4.434893132582592,4.406147332690058
D_2_047,D,2,0,4.225912758762537,3.05974392127522,2.354144175420143,1.3753725573841002,1.7602770466035391,4.091375928538635,5.228057603840977
D_2_048,D,2,1,4.0188070988706,2.0289896155452998,1.78006608130925,0.4089562199291709,5.653690995418384,7.436318331801551,8.724589274525181
D_2_049,D,2,0,2.490703543432809,2.152955149005653,1.9384045792116624,2.181855662602344,3.746132063724551,4.482273808589318,4.664927332209621
D_2_050,D,2,0,2.4774700076442837,3.802010128240303,1.2585469238077422,1.130904821660426,3.8087872865751247,4.678635516221448,4.220224730830692
D_2_051,D,2,0,3.08368168499325,1.6397230647114978,3.2046578655617664,-0.3389756469982152,3.359138974433012,3.4927195480464723,4.753592911242401
D_2_052,D,2,0,1.4258412565720744,1.8323942836384288,0.097956082428507,0.2283479926718954,5.165973081687323,4.482263615743859,4.554214928709207
D_2_053,D,2,1,2.5497649313210187,4.4986603912054175,2.3321360845990307,3.641741915681535,4.631034742669228,8.306590261615597,8.926239630309631
D_2_054,D,2,1,3.7327987538481713,2.9276237736282003,4.937211535238166,-0.4595152587863962,5.011805205561218,8.299088914789023,8.258081357505224
D_2_055,D,2,1,5.046806518618864,3.02215286259272,2.2084654497622944,1.7138468678416283,3.00121187970384,7.520285229586716,8.829334640407751
D_2_056,D,2,0,1.9009158678353224,2.6153149045721498,1.0652153781939089,2.365746463509286,2.6703218694058872,4.410216284942817,4.814830151315463
D_2_057,D,2,0,2.03949913833767,3.508083482156516,2.182045090288534,2.400473148549623,2.575314815624989,3.382720284919751,4.163263007984283
D_2_058,D,2,0,2.3481002422345987,0.0002035575183683,3.4893763641455333,0.0742819547470474,3.1432547225222085,4.896844784683083,4.577086131964204
D_2_059,D,2,0,3.779004617510071,1.4826491243589108,2.0395495822406158,1.2008349573453,3.4579980587277115,4.205001241624278,4.065135857528697
D_2_060,D,2,0,2.0621083705135623,1.2980534255752074,2.8133488006981837,1.795483483270505,2.5579620128667915,3.6305869524647982,3.5404169718557403
D_2_061,D,2,1,4.436698795588931,2.163041158530235,2.6499529889465627,2.4166122029342683,6.0111453261329775,8.671170926082507,9.143307752742196
D_1_000,D,1,1,-0.7083215217859382,0.0426260069751576,0.9271269380991268,-0.8776037268432321,0.5076835402541366,4.505693130250425,4.888413469459599
D_1_001,D,1,0,-0.2325453696712439,-0.8899006445562962,4.10028786157124,-1.3248929711935309,-0.3177434037580313,-0.1926900062912941,-0.1065151462293365
D_1_002,D,1,0,-0.2477064458569074,0.3401761531156249,1.0211506376386257,1.384216160161397,0.2711170519426291,1.2415457789655346,-0.0054896276157526
D_1_003,D,1,0,0.983132155120275,-0.9444755480342952,0.4128422607092806,1.507959121909046,-1.0043383024008974,-0.3827444929402283,0.2636571215376843
D_1_004,D,1,0,1.306575471222848,0.1492894702393067,0.4600166702254839,0.5974426518208489,0.561449675563234,0.3135435360164312,-0.0829602131191787
D_1_005,D,1,1,-1.3868054476477905,1.3881828390146695,1.680574498438017,-0.8486014750736945,1.919426619644453,4.446939939814458,4.810957465194827
D_1_006,D,1,1,-0.6438970322640309,0.1696683706728444,1.7092174005872376,0.4187004900553021,1.1282442799405334,2.71078190518075,4.554851824870081
D_1_007,D,1,0,0.4210655984705777,0.1695144542973192,1.7220116130817915,0.2945273193088386,1.7458296407937597,0.7612317231481422,-0.7410975958480496
D_1_008,D,1,1,-0.3233670573572684,2.723478443180515,1.4411440330178722,0.9712025891634988,1.4743407525233942,3.8763912733727928,4.657910784789482
D_1_009,D,1,0,-1.9030347195595536,0.367373346978224,-0.4816181699531381,-1.4197578382776117,0.328811478042927,0.1795002771972909,-0.0473772346977147
D_1_010,D,1,0,1.298099965029349,-0.6686427267695667,1.4819219579638232,0.2792973017404151,-0.7422476985982639,-0.3855599092061946,-0.1961875516357068
D_1_011,D,1,0,0.6174626051920603,-0.065137106561792,0.6410366610712467,-0.0894107406900187,-1.3987761905740794,0.2081478853638894,0.2200799010737392
D_1_012,D,1,0,0.616471871075934,-0.9714567080386988,0.6638998363331954,-1.2603397905231293,-0.4767222537527601,-0.4344503158900479,-0.0807461816479068
D_1_013,D,1,0,-0.5943071455576192,0.3105595265007125,-0.5329104481387565,0.4086933083029119,-0.1887230793088097,-0.3081316839682423,0.4446863811421676
D_1_014,D,1,0,1.2861730652091512,0.9497328787127288,0.3764752592537478,0.1899698594347156,-0.2882165918180689,-0.0154170610618724,0.7305410131675512
D_1_015,D,1,0,-0.2999499955339003,-0.8511233249284297,0.2231617857043629,-0.3555119647658518,0.7751837082924337,-0.3552020122074586,0.3690814736684518
D_1_016,D,1,0,1.3705440972786902,-0.1939331525295124,0.913536156946421,0.6564516863870737,-1.9003861199499716,1.0627365694603434,-0.3611798114076523
D_1_017,D,1,0,-1.139581438678278,1.205907629016091,-0.5034190461785983,-1.6500029015924498,-0.910980538531572,-0.5586390688203939,-0.2065091817419206
D_1_018,D,1,0,-1.0676693096047511,-0.5154924020373053,1.0006562926173737,0.0697829437656115,-1.4731446526332723,-0.2116268878488658,0.5983487297371237
D_1_019,D,1,1,0.7558290132471204,1.1673735745634093,1.4243359907826418,0.470599600029045,2.5603216411954266,3.782812410899661,4.647095223901706
D_1_020,D,1,0,-0.8779151822463234,-1.0818604716501112,-0.1697678517030292,0.4881760594719027,-0.4077604831099282,0.1509771366923042,-0.1866865967741006
D_1_021,D,1,0,0.8443138317110379,-0.8618474643021515,0.3253436337018743,1.4790899310533654,-0.3642341630929575,0.5471641114296146,0.1344053205850087
D_1_022,D,1,0,0.3251096801613171,-0.5357420809037629,0.0924464364587508,-1.3736021814503476,-0.8749330040048092,0.5341999405697404,0.3667169832607522
D_1_023,D,1,0,-1.153714022328873,2.3150398305014592,1.8576144923978155,-1.7250429185380285,0.8912717041665519,0.117704880535132,0.4342875720543756
D_1_024,D,1,0,0.0910820011813753,-0.4239975697983131,-1.5782638988402098,0.4098448347828943,-0.3215347462589961,-0.142493595988405,0.3379565596904108
D_1_025,D,1,0,-0.4390971102342083,-0.5385545081397852,0.606675127472501,0.7047448837616284,0.2671499894876758,0.1786345712296534,-0.1796773464378725
D_1_026,D,1,0,1.144791036471309,-0.5778453688970677,-0.7105267522420191,2.7767954134789408,-1.6696989969079448,0.5325870970917685,0.0167503657134424
D_1_027,D,1,0,-0.7906912289727553,-0.1680233989551229,0.5183284019753993,0.8824837408708162,1.0265822123888473,0.4014733283295565,-0.0572328718523124
D_1_028,D,1,0,-0.5489663693411,0.7018626797285127,1.7967408364036377,-0.9661632607956124,0.3953661839120139,-0.1399588326958273,0.125256465226884
D_1_029,D,1,1,2.014046131720418,1.1802709291980604,0.669388720601259,0.9701491093159292,1.9517717969999795,3.05215255689666,4.002771610093056
D_1_030,D,1,1,3.2982417365531416,3.140867155830512,1.4383886088238684,-1.0967141898932076,2.529649049365127,5.142982193520963,4.817239518945207
D_1_031,D,1,0,2.49876083028492,0.2521191483739105,0.1052251897498725,-1.702024973461583,-0.0465236268485917,0.7244326278668257,-0.302061794170363
D_1_032,D,1,0,0.0790287645757602,1.5351113324230816,2.8894826072450304,3.3920500508380287,-0.0734555309326313,0.2696901486768714,0.7777382921013298
D_1_033,D,1,1,0.7735683838352803,1.2474956338213263,2.213196329085727,0.3211796482372241,1.996135862052255,4.032761905079109,5.359426907815393
D_1_034,D,1,0,1.916823327853325,0.6507335398371681,2.077191386485101,1.0234342226937,0.4301512299040516,-0.1269397542705563,0.9021460964331676
D_1_035,D,1,0,-0.155543507805789,-1.5077638554676556,-0.3781814353407402,0.8204699783347315,-0.1686261412405132,-0.4283842069825531,0.4393746777627576
D_1_036,D,1,1,-0.720436421421708,0.8405126659264406,0.1989211292411519,2.212946140557051,1.4909588083495051,3.849085635484139,4.638224014016048
D_1_037,D,1,0,0.146094496795373,-0.0600841199112573,2.0297575475901164,0.4797551610918071,-0.3720573058920183,-0.0004342164792067,0.5533463359387271
D_1_038,D,1,0,0.5643959756651643,-0.2429080253486892,0.7556318192050697,1.6465162046368027,0.6651536660768154,-0.2028528503971707,0.0361433654234687
D_1_039,D,1,0,-1.03643702227281,-2.246360926447084,0.6920779487382611,-1.155781548290888,0.8594281458574058,-0.6011210225195273,0.4191070263697628
D_1_040,D,1,0,-2.05778892687394,0.9396797646845776,1.2837833123027416,-1.610153078748552,0.0726792396826149,-0.0210707313838192,-0.2447462616387562
D_1_041,D,1,0,-1.7959118931926266,-0.3883530655647066,-0.3051770179484478,1.9195058240126648,1.680099202216045,0.4516724432603701,-0.0700734652701962
D_1_042,D,1,0,0.8317866052154113,-0.4316979855806246,1.7228668562784648,2.0001284535672528,-1.187927227087774,0.007045200432692,0.5094438982619536
D_1_043,D,1,0,-0.9479706453898046,-0.2450370860703461,0.9683239626824034,0.784193165185588,-0.0986110993811799,0.2170227853455085,1.0319093766912086
D_1_044,D,1,1,0.3233161345361076,0.726899797289438,1.7792401455569553,0.2153490208668137,2.880913509398786,2.9120806778014297,4.760838122678776
D_1_045,D,1,1,0.765698355422298,1.3910882107127032,0.629385982116743,0.1349904810850825,1.054256198954368,3.818901374462773,5.744343469908372
D_1_046,D,1,1,1.2739260988683871,-0.3601792889027106,1.8132298618792613,-0.9113926350612976,0.093802454106479,3.958661981308975,6.086231402417715
D_1_047,D,1,0,-0.4186284983918426,-0.9617569076616892,0.2451183705509824,2.0549718791853167,1.2604103411183656,-0.4705093719298931,-0.4041342739965767
D_1_048,D,1,0,0.6233946256007522,0.3178234477926631,1.9043805969045853,0.9489179927363632,0.5241109667746155,-0.7508410551252443,0.1191353250716711
D_1_049,D,1,1,-0.6125753651510537,1.1205212672695797,2.429646187104374,0.5677004363941579,0.4125134197469704,4.164847410479302,4.362877848103928
D_1_050,D,1,1,0.0478574679024851,0.5759526411432239,2.211885618264805,0.4130369653345392,2.104762789694073,3.588135553179618,4.766149870169293
D_1_051,D,1,0,-1.2805194847348385,-0.5897130503527301,1.4664636658798995,1.4356809778366888,-0.8104870592108467,0.3602374005498235,-0.1035385196123924
D_1_052,D,1,0,1.414709020452396,-0.8617078184130555,1.5838162546014325,0.7601328646605702,-1.074770611364697,-0.0801606769590325,0.1213271603466304
D_1_053,D,1,1,0.466145964916261,0.8906948442984881,-1.405927395086486,0.8356352447668788,1.2374740615431186,4.129313609649295,5.043134349367289
D_1_054,D,1,0,-0.9241343595378744,1.254947759880156,1.784884205766106,-1.330806267534932,-0.3396158694905854,-0.032789864440706,0.5771823358341298
D_1_055,D,1,0,-0.4404647475814331,-1.0889104382659451,0.6759601395658118,0.7816269494438697,-0.8376944879502624,-0.5549237040620554,0.3506511522279926
D_1_056,D,1,1,0.2228393990959063,2.5494839489826706,1.3949449931158262,2.634001888823114,1.0478926363129426,3.756766789968474,4.593871746509836
D_1_057,D,1,0,0.8756497391562619,0.9096030080587868,0.6662938576807454,-0.5013088177426346,-0.7526744708711466,0.0466700855898141,0.3030781688542334
D_1_058,D,1,0,-1.994545222731545,-0.4595983399781016,-0.4411370136013905,-0.0290089171143598,0.1245813898091935,0.4728080412125203,0.2254080142967136
D_1_059,D,1,0,-1.296507302031774,0.8350048166716135,0.4113666330057464,1.2404820310082774,0.040938153880102,-0.1103094102697254,0.3886336219724704
D_1_060,D,1,0,-0.4726340644468713,-1.520507987352142,1.6085348218222006,1.334010157713213,0.7190813054236596,-0.0283199746863568,0.2008371648484119
D_1_061,D,1,0,3.1653822909597578,-1.799180123375488,2.367369591649073,0.9184810030781884,-0.3019782832725666,0.6007013213907219,0.425365717519363
D_1_062,D,1,1,1.6945986156649933,-0.3843974543036155,0.6770777404949063,-2.082252499627804,0.3044310104074328,4.562020628837983,4.229093536350807
D_1_063,D,1,0,-0.1393145989136794,-0.4084890392137535,0.0460285152964589,0.7706523421296224,-1.027589168344211,0.5754247571229186,0.5851022300302487
D_1_064,D,1,0,0.8899994780135494,-0.3286655680622241,2.4017622865081005,-1.3535633449053155,-0.1477724530151147,0.6360291307075706,0.9137026910207338
D_1_065,D,1,0,2.57179521203792,-0.5197692243077895,0.067430705594998,-0.8886167704968493,1.4031004525564077,0.4172759909256167,0.3072752563153582
D_1_066,D,1,0,-0.2921799084692376,0.1360240290796758,3.0236359610618324,0.8483276407714211,0.859313857043339,0.6698488125586787,-0.2877242117057366
D_1_067,D,1,0,-0.4580166801219502,-2.2341498123435097,1.0006486427883532,-0.2542565729278693,-0.5056014857989051,0.508983564462546,0.6797766326100384
D_1_068,D,1,1,2.0149294290273696,1.482087442739357,0.416590965103272,0.9359697734501824,2.210417490196925,4.1096150402714215,4.578543931981793
D_1_069,D,1,0,0.6177193726661783,-1.4740702703536364,1.9343376070815868,4.0675639921551925,-0.9137589295396312,0.1772244554617444,-1.1583934109164755
D_1_070,D,1,0,0.839166444153196,-0.6911035865249345,2.6433488662846525,1.0770541609032318,0.8845073157560516,0.096183678899265,-0.0729233753610429
D_1_071,D,1,0,-0.6352779991007257,-0.4197293503378178,-0.4847475953738505,1.0310930948077524,-0.2613958334473667,1.3262990621360626,0.41448534861266
D_1_072,D,1,0,2.405253915428428,-1.1938349391079417,2.508962088585177,-0.9792868897533596,0.7456992935718109,0.1885150802580221,0.386589525278686
D_1_073,D,1,0,2.136988501992075,-1.4101379911753902,0.6685948092965448,-0.6448820200016134,0.6581403031952093,0.146300866322636,0.8693530423636187
D_1_074,D,1,0,0.7074347360909373,-1.0337685866960682,2.436329562930877,-1.1843430346309662,-0.1358448041641808,0.0214246158602851,0.5188811100967663
D_1_075,D,1,1,1.355362297684047,0.961157091936108,0.9195355675215192,-0.7183909632890404,1.7340042350699645,3.996419927273783,4.909734006662943
D_1_076,D,1,0,-2.5340760903037944,0.6473282323072976,-0.6271931584690018,-1.2089961813228356,-0.7879686858664083,0.3727268413149699,-0.5792071547448334
D_1_077,D,1,1,1.2971372418715104,1.5647807111129204,1.801967111705236,-0.8799449722850842,1.3864971131860857,3.435438582833032,4.343745968587271
D_1_078,D,1,0,-0.2426357340316538,-1.0399644595185258,1.8765780983781144,-0.1524000328165145,0.950303440219994,-0.9520239307135516,0.120578957814727
D_1_079,D,1,0,0.5423821322852777,-0.8118901226654545,3.0459628584454066,-1.112185569050634,3.5794288958825,0.3210180627704356,0.5073728701634748
D_1_080,D,1,0,0.8530742648076223,-0.9494317118693208,2.6735977300290994,-1.6394681541768237,0.678257310928403,-0.6482120761540655,-0.2739769904362266
D_1_081,D,1,1,0.0733852898646557,1.4231295289463408,1.995242059458592,-1.8001762032319248,1.4385690957666593,3.936798760924925,4.330764442535116
D_1_082,D,1,1,-1.6131022502338557,-1.181791184727637,1.0622927013756325,0.4824014001258469,0.5272352500731465,3.937810106994774,4.885818180386364
D_1_083,D,1,0,0.4598432063427937,1.314836422541255,0.4293483693227832,0.2038435620622836,0.9715107550342752,0.7076751401393082,-0.6956609616983256
D_1_084,D,1,0,-0.9267295655504938,-0.4885438662782689,0.6551270544580668,1.4234279159453216,-1.3194491801035868,1.0196096402149768,-0.6468965318550112
D_1_085,D,1,1,0.0872573840945757,0.1345284235206459,0.469067773197369,1.2200080841060996,0.7051828002214076,4.048901805202339,4.571292196121238
D_1_086,D,1,0,-0.7556373051177432,0.3598727440258914,0.6754479693947512,-0.3189061357927319,0.3295757164247703,-0.2459559125797988,0.1443727623941495
D_1_087,D,1,0,-0.426967819068985,1.1084174791664922,-1.594527423876093,0.9858894106153115,-0.9202982164047708,-0.3698873492692224,0.0467945021389564
D_1_088,D,1,0,-2.886901196582427,0.3715707752374975,1.1288680659595904,-1.676933972181548,1.3710004758698462,-0.2891581549263214,-0.8966400534668707
D_1_089,D,1,0,1.5211839090393966,1.1178076440561824,0.921064900612371,2.9786313490412466,0.9920402782203251,0.1318223837267971,0.1412601528021838
D_1_090,D,1,0,0.3166826279080925,0.1477333563290716,3.515874388859633,1.6075685716701835,-0.4471540453294391,-0.9747688738448664,-0.5240173901663626
D_1_091,D,1,1,1.88924907864858,2.2536623031177863,2.058740990835429,-0.3437082097189264,0.9374329210082204,3.9504985237793457,5.023432613062209
D_1_092,D,1,1,2.97480228726242,2.27144492415907,0.8197797644344637,-1.525945525410392,0.2924701119839834,3.92021356536378,4.703657802291376
D_0_000,D,0,0,0.0282414032034384,-0.0995310984953042,0.5647343909413306,0.4849039821091782,-1.2136770423772285,0.3665164414525022,0.1662156365175489
D_0_001,D,0,0,-2.2530453198007194,1.5168512691580045,-1.225766117284389,-2.326221736934748,0.3608103589806302,-0.1161427542565192,0.342511239623945
D_0_002,D,0,0,-1.1173585629744809,0.1793207406445661,-0.6026919072616194,-0.961427336602158,0.517795989141594,0.1081771375604591,-0.1702352622883696
D_0_003,D,0,0,-1.508630601120888,0.1013379468961169,-1.8675947131653348,0.9561470799136405,0.300742389861749,-0.2771652643710885,0.4739172709334565
D_0_004,D,0,0,-0.6273433039312487,-0.958001961076958,1.436259522868799,0.1134020359031563,0.2255452387572836,-0.1461064310630479,0.6531712055653458
D_0_005,D,0,0,0.0995599725824718,-0.2935617900896013,0.593339970208681,-0.5943914815807045,-0.4783254763384552,-0.799702229211191,0.2773456531577787
D_0_006,D,0,0,-2.5027340837790484,0.8229672417237063,-1.175584277134126,1.2014351910969945,0.2940098362216588,0.1203681435724903,0.6582789343458547
D_0_007,D,0,0,0.4280943666769403,-1.369072924272265,-0.0604875806579026,-1.2798798517165086,-1.2575413049040467,0.8572274789711547,-0.1833291048089764
D_0_008,D,0,0,-1.8879458166073475,0.6858391691657694,0.9497681980377854,0.3633436885344281,-0.0172593950671311,0.1149233305464922,0.4435789062384068
D_0_009,D,0,0,0.3717065785000142,0.373137356548912,0.49510858154752,-0.6081756612380144,1.2460751826365537,0.246733300989325,0.1924266740961685
D_0_010,D,0,0,-0.1368639314712267,0.3024148959489238,0.3822770368606367,-1.037262253247898,1.1329048104980632,-0.392036531263701,-0.3241666696164668
D_0_011,D,0,0,-0.3920390489907219,-2.3128156799543964,-0.8578421844076598,0.5872469504195769,-0.4183200381300219,0.7516573099897266,0.0037124553805122
D_0_012,D,0,0,-0.0913038199266415,-0.0985256474967765,-0.6372451036821263,-1.2213404564241137,-0.284630705598505,-0.2945915639652671,-0.1327838380668536
D_0_013,D,0,0,-0.6747225196646155,0.691320642533075,0.0951523488500559,2.398803329846286,1.1786121871790598,0.4967157021006219,-0.1342463411644771
D_0_014,D,0,0,-0.7655893042552171,-0.7986972567905452,0.9202555126972912,-0.7260851608879069,1.4951567842535445,0.0753166852652417,0.0597877375935087
D_0_015,D,0,0,-2.1034454885861096,0.1045905725391157,-0.8288668872680657,2.506812055691555,-1.276409381659736,-0.3916386890396963,0.5751706526391054
D_0_016,D,0,0,-0.0370341435616615,-2.488836194333287,-1.1214000337070544,-1.3511820102772878,-0.3703043505953606,0.5868573898531606,-0.0571587198305811
D_0_017,D,0,1,2.8069171382791467,1.6657195457037628,1.4940299204072716,0.5789529881131605,1.5537481715932608,3.904501396095169,4.768667431229783
D_0_018,D,0,0,2.4756188286057554,-0.692420927131763,-0.930312332441164,-1.493202568496869,1.0129641522151571,0.1175627215469913,-0.6247141960425051
D_0_019,D,0,0,1.6522719956811784,0.9202431757440992,1.0771617030198068,-1.665759873252918,-0.7325753827435886,0.2739356610190097,0.1008785083997102
D_0_020,D,0,0,0.8822520010644476,-1.9238407539400848,0.2430548619694199,0.221801350419595,0.553369388092848,0.0890101065534925,0.6307532723770656
D_0_021,D,0,0,-0.8456001550999853,0.735266397054427,0.8810473236806646,0.8637198163892829,-0.261605867201897,-0.113886174390442,0.4479642754426217
D_0_022,D,0,0,1.803438485270327,-0.2398095882499138,1.744380193474164,-1.5748753641684934,2.0238477883791464,0.3138764401938446,0.3050829032611764
D_0_023,D,0,0,-0.0701594430512111,0.8556158913046261,0.6886635415394544,1.4954476415132492,0.3586201712111447,-0.133691495760603,-0.1557821578662965
D_0_024,D,0,0,-0.0860943872038417,-0.9615662296599616,0.7760318939675841,-0.9761406751050622,-0.1119561654193986,0.1265371600688889,-0.3247066229634319
D_0_025,D,0,1,0.135966085200919,0.3111585047421327,-0.5678351249366532,-0.0148948759737838,1.0675914864063654,3.5610032948189447,4.669008627941768
D_0_026,D,0,0,0.1149523737728695,2.365878152129329,-0.6951856812402656,0.4973320548203692,0.9073881232926706,-0.6433093686668977,-0.4769627800746233
D_0_027,D,0,1,-0.0440186269850704,0.0845778654197957,0.9939465233080512,0.555407348584705,1.915052363579132,3.5176618270796247,4.111413537139399
D_0_028,D,0,0,-0.1047277117163828,-0.7311186279032359,1.534260825361999,-2.226845369642338,-0.9217284058627828,-0.1556814590747347,0.5271086425402846
D_0_029,D,0,0,-1.355748885909077,-0.2817858063436551,1.3921020725474555,2.0404539375884143,0.1812102824145372,0.0850317066960884,-0.3189633624096432
D_0_030,D,0,0,-0.4670796309256482,-1.064594757789921,2.3166654436441685,0.7204251857192037,-1.144644228874962,0.6740277887369599,0.8951458560158262
D_0_031,D,0,0,2.850695587437277,1.2771945050426174,0.3108907726370548,-0.4775620923340442,-0.5746659615015444,-0.5998011593192056,-0.3424570573836786
D_0_032,D,0,0,-0.0869925349524335,1.8186299137000197,0.2027837579573713,-1.2654605109163886,-1.1137645063134545,0.1305906299707611,0.2675793657789609
D_0_033,D,0,0,-0.2983257059647036,-0.7305679159317148,1.0062018544951836,-2.100102503642279,-1.1348736736911114,-1.027271899045608,-0.4310166349942069
D_0_034,D,0,0,0.6654678488813158,-1.8011393585069413,0.0189137062708834,-1.6793901611992732,-0.5796901141948081,-0.4221818223098875,0.1958078394614978
D_0_035,D,0,0,0.8851522771293275,1.2390822581274117,-0.0624683628212435,0.698185278812448,-0.8407281779980849,-0.1769784976316896,-0.3750756238592425
D_0_036,D,0,0,-1.3922110739650917,1.1652646633039585,-1.0473649019626616,-0.4234323547338532,0.4180435276075666,-1.1134442177959067,0.0290580443890583
D_0_037,D,0,0,-0.2589484785040563,0.8672287387410026,0.9912201430814316,-1.4054217633035917,0.6596899363766398,-0.8884806501207709,-0.0253891303613
D_0_038,D,0,0,1.1478448011684566,1.2246565897688424,-1.0719977713969202,-0.6380295403360532,-0.2008716946402131,0.169897557713448,-0.0928113258339127
D_0_039,D,0,0,0.337297036340132,-0.9020409907019526,0.5122600918085745,1.9728617524343397,-0.9579568230934964,0.1186244674705317,0.3204534487136306
D_0_040,D,0,0,0.1524425543772149,-0.1669313194580814,-1.4191742429562315,-0.3933638061992758,0.6881598017215214,0.0330148696708808,0.7772590348732491
D_0_041,D,0,0,1.9425220857609165,-1.4416795986518154,1.0963366130674663,-0.7072893350372524,-1.719176664069639,-0.2971427527129283,-0.1406499325838398
D_0_042,D,0,0,-0.8472159495495547,-1.4776566522504877,-1.0288078232676383,1.7110862228622274,-1.640902701509733,1.1799140344754313,0.5146005805293592
D_0_043,D,0,0,0.1034323688845414,1.0395893839831412,0.8434821789034295,0.5962306381050569,0.6204411219048511,0.0042738631154916,0.1363132392262782
D_0_044,D,0,0,-0.6500733315688392,-0.6946428261630794,-1.58933546878418,0.0770832351618441,0.5653470765264055,-0.3332605382820642,0.100966124205626
D_0_045,D,0,0,1.8628852863453007,2.4003545461123665,-0.4398160421038178,-0.7461186220159333,0.8208534112148332,0.9004385995973171,1.0470460948204046
D_0_046,D,0,0,-2.439825499095665,0.0857789217156244,1.1783454033039586,-1.924733864589076,-0.1907095738462484,0.3781630427468114,-0.885818787025292
D_0_047,D,0,0,-0.8376771193546994,-0.6631260444160391,-0.8053456196134939,-1.444538128702393,-1.077442541005792,-0.1015902082205491,-0.2060753419003632
D_0_048,D,0,0,-0.661446207534897,0.8493041801425412,0.0671910109153925,-0.5775275705482987,-0.4267383537709677,0.7000639845621542,-0.6853705638492957
D_0_049,D,0,0,0.8294245289644875,1.899589364498545,-0.4784309962207267,-0.2580043474641728,0.4788899426616845,0.1527086439298499,-0.0540069635581655
E_2_000,E,2,0,2.857844345136909,2.897625778020817,-0.1094302966929037,2.069679396283123,2.556376604721763,4.556262964810285,4.301748218713507
E_2_001,E,2,0,3.843992825298415,1.1017520177336868,2.5080590788679045,2.2992148033150617,2.581589849331044,4.285192206699201,6.020728422169837
E_2_002,E,2,1,0.6324589470783435,3.732968627475278,2.982258499559838,1.715483320363041,3.3951404183601097,7.576528497749191,9.226777167581591
E_2_003,E,2,0,3.0380937612881,3.8354469713282575,1.0922277574157735,1.9076486458455095,2.232832488175177,4.755223383813166,5.246836925206991
E_2_004,E,2,0,1.7334001696396175,1.8697541567700091,2.773686296689568,0.3659084419849174,3.932264092975196,4.319143447886687,4.987789770474226
E_2_005,E,2,0,1.2679684534272806,1.5711309786171932,1.404304895974653,-1.0765336111738095,3.583701332180709,3.6963988674044574,4.166467025061591
E_2_006,E,2,1,3.274460666715651,4.401743516297024,1.546603128693213,0.7678516372872022,3.5583774359724383,7.628797925878307,9.187584857272524
E_2_007,E,2,0,0.9498255215804394,2.532557049736109,2.206853550082281,0.4284953154756334,2.28222173706645,4.6979926522004645,5.130302548920895
E_2_008,E,2,0,-0.4961416191429033,1.2234890665087834,1.5185850559212453,0.7965328579746442,2.7067324202095078,3.995738049217252,4.414753680068933
E_2_009,E,2,0,1.637226888846706,1.9975652291648196,4.492433604913796,1.299405852710016,3.7149937478683617,4.339907408120713,4.597176882710122
E_2_010,E,2,0,0.2277864354476206,1.598164218303976,0.6450783683975985,0.0787108235977018,2.2309734231857403,4.601752584970726,4.676609863820297
E_2_011,E,2,0,1.2888552236616522,2.7034731259197966,2.938440012231028,0.2466440284536277,3.0875996046259706,4.345684131112499,3.7904364637466186
E_2_012,E,2,0,2.564443454688876,2.496991064835996,3.1889073071286287,1.488248320775493,1.3583073258049672,3.423097753644357,3.982678475631007
E_2_013,E,2,1,2.989999682017697,4.536989108089435,0.5707288748756427,1.5527525790645336,3.4549013223105,8.279881846771744,9.063991073765674
E_2_014,E,2,0,4.0836243112232085,3.122172959333687,0.467515868989836,0.784051483112983,3.529254829436825,4.612412069672001,4.53519528108515
E_2_015,E,2,1,2.350431566320642,1.6967875413007645,3.1123908931775177,2.0498528060192145,5.332471663950385,8.479805554417233,8.608546144666107
E_2_016,E,2,1,0.6833355118151809,3.755448769215637,2.06848823231106,1.1318990319341928,3.537362362545523,8.761384448690437,8.759649021020989
E_2_017,E,2,0,1.1548789292054022,3.318589295488433,2.583562852528832,0.3287293602287167,2.5089855598812854,4.323432898729323,4.234705324129411
E_2_018,E,2,0,0.9507697192171602,2.872609802443356,3.339447069010905,1.688786479024183,3.9189119863391184,4.683946694370025,4.410290421121577
E_2_019,E,2,1,1.0777185519271888,4.425765126218911,2.177851794664091,3.791421949183083,4.255823674625479,8.892471672618464,9.389831345823447
E_2_020,E,2,0,2.6442089937693014,1.800614992279277,1.136034309120315,0.7616839187653393,2.710665405530584,4.003673577729446,4.34619068556188
E_2_021,E,2,0,1.2934595775434503,1.3771337141179174,-0.5294410312961189,3.058688950967369,3.607198441911829,4.99775154508212,4.348868897748114
E_2_022,E,2,1,0.1282839791412402,4.326573526504622,2.754599700895662,3.1722198657182705,4.779520501921436,9.017323141829731,8.513308194455078
E_2_023,E,2,0,2.9711535038990164,1.266288260173481,1.2713843605811257,3.4927543318545737,4.151489396229739,4.606780336560333,3.9096663702713808
E_2_024,E,2,0,1.9607167891166164,0.1082140578234609,2.51338529087533,0.5731719164784674,3.843150721296563,5.051400012762946,4.420537906959142
E_2_025,E,2,0,2.546046597940673,3.445658661621677,2.4316223739790206,4.107404853677697,2.647267290202504,4.497813097659384,3.4929215935884725
E_2_026,E,2,0,2.232151930874979,1.6210863918798497,0.8155322036542518,1.7583979505050784,3.0869766709811897,3.742973585698966,4.460404645560757
E_2_027,E,2,0,2.889568417685468,2.056519242948199,3.923875884739011,1.2885413746302554,3.122970333916175,4.719693510845106,4.005709425975992
E_2_028,E,2,1,2.64752343376942,1.8806242229398984,3.6332582954650414,1.159070183410261,3.4492122037651614,8.29972209201427,8.764887664691699
E_2_029,E,2,0,3.645253104347765,0.9989852899912256,3.048271380554034,2.3835454373977,2.39507268262826,4.473843251965749,4.731164865282225
E_2_030,E,2,0,2.631228487471532,1.180618111671753,1.0155270840314083,1.7039822073010076,4.072473629064385,4.382629239216821,4.186886514751364
E_2_031,E,2,0,2.5900845292355044,1.998556887340924,1.7925697164342471,1.3833576124286635,1.8172854542411472,4.8249549860474685,3.910004793520215
E_2_032,E,2,1,3.112333647103196,3.727376748510159,2.0030704768087317,3.0322415820254456,5.41751994164326,8.326081859203292,8.719436537421005
E_2_033,E,2,1,0.7792028217891,0.9343490896417171,2.135239514777788,0.5406483934932671,4.8449322110293975,7.775557509714804,9.136229080631438
E_2_034,E,2,0,1.8942053102453504,3.18542024835864,1.075892263548141,0.3373469185758833,3.1272715013999,4.553652706296643,5.721207656092471
E_2_035,E,2,0,1.7758543880631277,1.1520606557370137,2.6346470078291007,2.62769882747822,3.6953192928000576,4.653062603333599,3.5214821374523764
E_2_036,E,2,0,2.3594334014506053,1.256753550842835,2.4292335268009526,2.482258519382215,3.5754169527408584,3.7746359329130574,4.273930827459501
E_2_037,E,2,1,0.9016322946296352,4.0597030231864135,2.915372184523204,2.813381650836672,5.636957847416586,7.914460266924943,9.011950925976878
E_2_038,E,2,0,4.142643471116139,2.314537244815775,1.6940502215723183,0.2955560482978592,2.893625070573007,4.094596200417606,4.889087207723279
E_2_039,E,2,1,2.730485830195659,1.727246023274805,3.8410182602137697,2.7827423214954186,4.380811153219614,7.760846422452013,8.872067676897855
E_2_040,E,2,1,1.0858530741866577,5.28598049373713,2.737741465490285,2.050843000212679,4.40062046646025,8.316819789614438,8.029078065189124
E_2_041,E,2,0,-0.036108704473547,1.491098315057814,-0.5378200975394027,3.842721294914937,4.848858648360461,4.8116319055682055,5.0758560749525605
E_2_042,E,2,0,1.748390882849164,2.64636638294765,1.5598861853319508,0.063009691116034,4.017487660633374,5.176346221474537,3.907852449374004
E_2_043,E,2,1,2.487905733841918,3.534475524758792,2.4929980639867675,1.6719817530910184,3.724107029574858,8.518659302828603,8.834778136719994
E_2_044,E,2,0,1.2021348925320128,3.8745407797394025,3.1653258810215545,1.288335245221047,2.950408245608349,4.794867978386591,3.848841831213708
E_2_045,E,2,0,2.215142284904904,1.9021090355724464,1.899281062532065,-0.3760847770772637,2.5846801712235408,4.746651410122797,3.837652814153701
E_2_046,E,2,1,1.7985302909505494,4.376491059924335,2.2999144303924437,0.492383859161924,4.498197156546791,8.5296144520572,8.566703917224249
E_2_047,E,2,1,3.2895728146328733,2.5612201645952,1.887183738183604,2.8392385149348387,4.758098900654096,7.873482179465591,9.41575640449326
E_2_048,E,2,0,1.1943227270138954,3.571909950665724,2.865553331296877,1.0511484511307234,5.195551478847068,4.639873991317776,4.847277826150604
E_2_049,E,2,0,2.051874718618844,1.5902082644528672,1.7524127963414924,0.7294373202103351,1.673517160774848,4.433196916324717,4.17759218702045
E_2_050,E,2,0,3.323548966702673,2.0077731313609988,1.596549758843678,2.7115108596716286,4.0947895201467,4.17816072345126,4.633230933635951
E_2_051,E,2,0,5.3145861036378665,4.386724717005212,1.457844076747986,2.8780155255053064,3.6215746429550215,4.086162985641385,4.328801295676459
E_2_052,E,2,0,0.8404460092117418,2.7116060448512584,2.756581474538103,2.8410521158370807,2.581932544249149,3.9064358383620967,4.356276779654976
E_2_053,E,2,0,1.519365287391126,2.493803727458786,1.667025340409123,0.6199968938567908,3.052389777208593,4.02301613236901,4.372621488010251
E_2_054,E,2,1,1.550205377750082,5.693386647106097,0.8741025564380389,1.3559588755316467,4.1501684612986525,7.435728936380949,9.297948174244846
E_2_055,E,2,0,3.080410402211593,2.760277158058802,2.822656757179117,2.900029225330959,3.2323341967278854,4.438530032617933,4.053399607475512
E_2_056,E,2,0,0.664875867853046,1.5292048888787644,1.4986638254226583,0.8022554629265713,4.06954915897113,4.214399102367799,4.327474846617017
E_2_057,E,2,1,1.9945536930086416,4.111254828014159,2.9070027287853866,0.4931268958729977,3.2814282336252805,8.11207106933853,9.124955189913187
E_2_058,E,2,1,2.5629983959531124,2.104566522870241,2.9237851542918247,2.4759529426817157,5.717892359329262,8.277328466070493,9.127573134717526
E_2_059,E,2,0,0.87665182565032,3.558589285468411,3.4036069753849025,3.5506497072555803,2.843830097715542,4.477173294959796,3.894468778788285
E_2_060,E,2,0,0.9033436971135234,3.6502235176573823,3.244530419217184,0.177800309839925,4.484154437783024,3.9096440449951295,5.131462737702267
E_2_061,E,2,1,2.005471389847669,2.7405261767024984,1.974970399140369,-1.8126938907224377,4.937247688168341,8.026062130740165,8.845539143867724
E_2_062,E,2,0,-0.5255503004216999,1.7202060737700542,2.0336154149058165,-0.2038895280358996,4.2372135944339,3.361275851478294,4.65117611342653
E_2_063,E,2,1,0.7931522286583323,3.527202704732835,1.259593925713132,0.1681808979554577,5.067952437930648,6.966929915403001,9.139667131930906
E_2_064,E,2,0,1.583707390258532,2.40933643822338,3.8773326571378393,1.4668511846182493,4.171453310689728,3.330015055706546,5.023148384162051
E_2_065,E,2,1,2.785288295427499,2.3034417837201087,2.9916272147921843,2.1798390722619625,4.586588794606175,8.738534444988325,7.941435135711436
E_2_066,E,2,0,1.8678000175580085,2.993153073908624,3.594418722263127,1.4601951444106591,2.546537340169244,3.406758295340531,5.417871383399143
E_2_067,E,2,0,-0.117460868549243,0.2390299113283358,1.8810038168334955,0.7405743895762424,3.7740805154269994,4.433092530631312,4.255216750491376
E_2_068,E,2,0,1.5202671353000028,1.928075449991544,0.150855573037238,1.8068678698157556,3.805485350333648,4.931810939938112,3.7951496462869736
E_2_069,E,2,0,3.0980470506327205,1.9654351629907776,3.731712657397391,0.4268066606941663,5.016757947855274,4.027273916940861,4.4803666346194815
E_2_070,E,2,1,3.294831889989153,3.060549084479385,2.643117608770828,1.386305399951279,2.9015960808853967,8.942200534198786,10.118724860292302
E_1_000,E,1,0,-0.098434826909793,0.3384792543787426,1.0831851035529811,-0.6701722699478613,-0.0847824169647737,1.066685308140208,0.3881486851657723
E_1_001,E,1,0,-1.1092123438727544,-1.2700306035920894,1.0054631649969663,3.4892148720084477,1.0025025339889682,0.6472057335890701,-0.3501663878685696
E_1_002,E,1,0,0.7890204636902574,0.6347902560691235,1.5946741234786517,1.1546825124573652,-0.9803786007009284,1.3379473190592286,-0.0345775898530397
E_1_003,E,1,0,-0.7236612265124333,-0.1746825245627685,1.483133284375686,-0.9148096479949588,-0.11549929461769,0.4416791038203743,0.7433186041180967
E_1_004,E,1,1,-0.961560503092523,0.2876059556779806,-0.2905365511659161,-1.3055020155778232,3.256571600749933,3.618757996473154,4.182855030907481
E_1_005,E,1,1,-0.5027327939522361,-0.4729444755270315,2.386893455132354,-0.6232768349997424,2.6270543113339317,4.172058724665086,4.64064994978295
E_1_006,E,1,1,2.3104316147176918,-0.2669815870829199,0.7710462583085697,-2.1055276022761817,0.7228690782293236,3.8071900873113775,4.733226491992065
E_1_007,E,1,0,0.2752250477521165,0.3904499827639115,0.4829519537963211,-0.7889001324565272,1.2852580801279938,-0.540973612340098,1.0888297614830424
E_1_008,E,1,1,1.949058816309631,-0.044760111206521,3.0274287430871647,-0.9882209887291774,2.44981555849334,3.319361179378608,4.646232076159392
E_1_009,E,1,1,-0.0991703916367099,1.0255632269996815,2.2205586078807213,1.021216300142081,2.066938481403109,5.031450981792748,5.263646946743315
E_1_010,E,1,0,1.1726866739814288,1.1265191789438251,0.6118144470570994,-0.4103762423383651,0.3927403470127386,-0.165140650495415,-0.1905884365664363
E_1_011,E,1,1,-0.2518800545225959,2.048205521427432,-0.5563921407404528,-1.0603206757366996,1.6312922744363902,3.9162116016670176,4.380503399512595
E_1_012,E,1,0,-0.1967842112910381,1.6446187596578512,1.111637270596266,-1.5631783962427412,-0.6932833767153664,-0.2726702229821726,0.5036822267223522
E_1_013,E,1,0,3.1079378249446163,-0.282776777489768,1.4886558218553922,-1.314135762066786,-0.3035730174091584,0.3275702316272706,0.5764460415377185
E_1_014,E,1,1,1.4589357903745217,-0.1744882623852109,1.2194644911538008,-0.1531085364467348,2.057210478672329,3.8191049602577554,3.977824005067644
E_1_015,E,1,1,-0.1264629691596156,2.0451525298169315,0.0539609405431642,-0.3217098911074288,1.587900989624828,3.8118326781703504,5.131984918975584
E_1_016,E,1,0,-0.1060237987833997,0.3457374709686356,0.1593120346475353,1.5591213904797443,1.6815673869109338,-0.4149956974797061,0.5009119027687314
E_1_017,E,1,0,0.4077792761070556,1.1943484725694464,-0.3052211059990062,-0.6580126832992708,-0.2033848541188629,-0.5734909568681544,-0.1319637215971387
E_1_018,E,1,0,1.5130719868948803,0.0364342657831843,1.1653965327931093,1.4736311405291656,-1.920796317456657,-0.1430690577285337,0.3577121073961358
E_1_019,E,1,0,-0.6114163645876878,1.2683531087621844,1.7694169532093151,0.4472574563820936,-0.2084663693369305,0.268499622574238,0.2486392262660688
E_1_020,E,1,1,-1.676648855755599,1.8513937612329272,2.3253989780857776,-0.0804206686714864,1.6616772237961943,4.958547904061814,4.5083082216862245
E_1_021,E,1,0,-0.3495522664078843,0.7655325061375745,0.2177721102842011,-2.383799212014753,0.4037045351732048,0.6526921210742063,-0.1292406253523009
E_1_022,E,1,0,0.0192318214546957,0.547502972988071,1.185025283204555,-1.4749648286367736,0.1579270410940708,1.0876039095845886,-0.1071907217164352
E_1_023,E,1,1,0.63692246091905,1.387284371950816,1.854069793797604,0.8661868869770439,0.7537254152318604,4.226992564033115,4.68117304156011
E_1_024,E,1,0,1.645862670228328,0.2602393455474004,0.4388508616476085,1.8783783242952483,1.3603226972585725,0.1037913673886027,-0.4372805935056764
E_1_025,E,1,1,0.8958588478824102,1.1966511945220015,1.1514926150497504,0.1769602924998483,0.8480472614985761,3.2302019124573333,4.670637008968997
E_1_026,E,1,1,1.5161462145449809,2.0027497382520174,3.4238663817374926,0.8792499694388765,2.033341527153838,3.926474297736197,4.061036486336322
E_1_027,E,1,0,-1.3763921174060032,-0.5274602040165298,1.1551230134801058,-0.389415770220805,-0.1779319597843893,-0.9730443633147824,0.1303274363653595
E_1_028,E,1,0,1.0848768605306849,1.848416982671656,1.832958924009028,-0.3122934797549813,-0.8891409191950996,0.0917808871231599,0.2330954106155501
E_1_029,E,1,1,3.120274789570355,0.8495516905823872,0.8651657142535489,-0.9064905532837794,2.624204566878789,4.722646373043788,4.244760741809138
E_1_030,E,1,0,0.9661366128127225,1.0449899137105418,0.9917574414062738,1.3390506799543118,-2.06773902051862,0.2664122622860378,0.4800870332479419
E_1_031,E,1,0,0.316944649925897,-0.0790327115896889,-0.7643289089975862,0.5599378025191007,-0.6347287855147508,0.7148688705649291,1.0236505840732657
E_1_032,E,1,1,0.6924852355096789,0.7140686782088752,1.2749301824154224,-0.3465756987193362,1.8378599915885865,3.826042077148868,5.4311540549473
E_1_033,E,1,0,2.233927798782504,2.1416285158496096,2.142277966024344,-0.2949391692385138,-0.244665559419849,-0.6084089928759608,-0.5397030009423162
E_1_034,E,1,1,-0.6589768542385785,0.6418331468253213,3.398898578448958,0.6289223256091734,2.083214122826149,3.7202536818711134,5.337292307362928
E_1_035,E,1,0,-0.1388779474425625,-1.3177396851136067,2.1466410277468304,0.5505702619447386,0.0367778072523776,0.021913726780713,0.3395449498416095
E_1_036,E,1,1,1.0752594911727669,0.2117616426544555,1.9868559488347648,-1.116956637383889,1.0394230403239344,4.517153836011605,4.6885482303897685
E_1_037,E,1,0,0.9300013847664989,-0.3205197238681219,1.0029643345523174,2.2701216014413697,1.917935936881073,1.1114926841666448,-0.1427330961880702
E_1_038,E,1,0,-0.5466598821354823,2.2697674215837047,0.3500308726385491,0.4349181028583432,-0.1305157634798488,-0.2980273925001936,0.0569449768029795
E_1_039,E,1,0,0.3841517434090442,0.2269909246718716,0.7897284768415069,0.1328932720528477,-0.0651697575160403,-0.0793705335505763,0.7142049930095086
E_1_040,E,1,1,0.152598148311097,1.9524227540811587,1.912836028679212,1.7885544610370108,0.5426448430367191,3.927304925303717,5.058793913533734
E_1_041,E,1,0,0.1505889160015994,-1.0213976995767775,0.1648570676847279,1.44058575731604,-0.4848059292607441,0.1095961890263337,0.1330297409365201
E_1_042,E,1,0,-0.1651144254673697,0.3994971196009125,1.8831250134763664,0.0485582574788754,0.699883458324967,-0.34695014853875,0.0074861640643978
E_1_043,E,1,0,-1.426992097319437,0.7235766586993995,-0.0341160247409937,0.8070302622602687,0.5844505906201223,0.2250884877108874,0.0027012382214773
E_1_044,E,1,0,-0.0263919812793083,1.901044673881797,-0.8292439071134072,-1.2188001668252315,0.0700096696776734,0.2771342256794633,0.3494706025724675
E_1_045,E,1,1,1.5964394025772946,0.2293644322328822,0.2879009761485362,-0.8801568481810244,0.8276390910201313,4.099200063817763,5.53334049207454
E_1_046,E,1,1,-0.7087728644270928,1.5934499574543988,-0.3653806327439368,-2.90584226543638,2.00458388237681,3.297262206494704,4.220023218793963
E_1_047,E,1,0,-0.3013646859685431,0.3301663302897904,-0.4223357604870406,1.650365232597142,-1.3668657242333215,0.0677402890181783,0.1208044868869745
E_1_048,E,1,0,0.8309750805714357,-1.0466355183787064,2.08213340964104,-2.2206844656844056,-0.1533776978449679,-0.6217283838666333,0.100528683525822
E_1_049,E,1,0,-1.3373313834339664,-0.0125258476982517,0.7498481160884348,0.9674004417679678,-0.1501543927857392,0.5407516103047085,-0.2646157175633401
E_1_050,E,1,0,0.2282979218851982,-0.2629792109356075,1.1685802679718011,-0.9110072246902154,-0.6315462871207927,-0.3737628134771317,0.3127306825302869
E_1_051,E,1,0,-1.3251622736917956,-2.4245723730020483,2.1081135604230257,-1.0895916862878228,0.2318885461284364,0.0295320071806933,0.4184377816065705
E_1_052,E,1,0,1.4182881260422184,0.6463512828009412,2.20910168190888,-0.10829118983486,-0.4626998763712681,-0.0513743995453044,-0.4529243199157969
E_1_053,E,1,0,2.891026727349828,0.5785821663234108,0.4454043377356418,0.4556683758748498,-0.6032327540122772,-0.1761446371326711,-0.3531254461154793
E_1_054,E,1,0,2.5278191053072048,-0.4444335035028381,2.2785646423852435,0.8980291593863464,1.6334209005155742,-0.367703831883383,0.6987759338654014
E_1_055,E,1,1,0.226024152783578,-0.4447127856960211,1.684597758750602,2.1360941185418363,2.0590395395974177,3.0271533346056385,4.844771499185689
E_1_056,E,1,0,0.9252489109257832,1.5782262600792962,0.9533265775714768,0.5969702713946412,1.1536231568363142,1.0997433386254445,0.4853043842049451
E_1_057,E,1,0,0.151247160625195,0.3015117381421445,1.3920989204445229,1.2459191765857436,0.1693257780743333,0.3420504211826363,0.0052065849527179
E_1_058,E,1,0,0.1276323700866057,1.078752713333956,-0.475626619265902,-0.625678553064132,0.9023730928805987,0.2481730015322468,-0.0617356955385121
E_1_059,E,1,1,2.434696326172288,2.448348279461616,0.5138988452439569,0.827172426544088,2.1219578401849413,5.02168671495787,4.981889471367078
E_1_060,E,1,1,-1.1489744702301925,0.4255532736503936,1.1918575542967846,0.1365967356668165,2.5099767035903016,3.966999443827805,4.610360069342749
E_1_061,E,1,0,1.3191182468326434,0.8671007443929625,1.55970763126665,-0.4503032846787297,2.109868622034173,0.420217011686393,-0.3527653799176046
E_1_062,E,1,0,-0.0612199939446678,-0.2408687690919332,0.5779689503302351,0.0047012458143236,-0.1038564963189153,0.1365119301906726,0.1204066145463065
E_1_063,E,1,0,1.760675775755178,-0.045661656313722,0.8226812419477554,0.062459956617509,0.3403368560926397,0.788879224010665,0.6084761833995291
E_1_064,E,1,1,0.734041711124304,0.8741680391411375,2.269434593973195,0.1670279388826638,1.4029839625353808,4.192723213515865,4.279660753122788
E_1_065,E,1,0,-0.8408399931577316,0.0103859096443455,2.3617016235827317,0.6252805511007022,-2.9006384918823733,0.2785128298825677,0.5854935266447056
E_1_066,E,1,0,0.3464254709392289,1.2018450632101512,1.7171330473597028,-0.4717392562097994,-1.0171921724242885,0.1775034100850679,0.6516059028419094
E_1_067,E,1,1,1.4199588687871043,1.1019309583852022,2.5684220704557505,-0.9821427040644244,1.4955055351988638,4.1526385599445215,4.440788986244043
E_1_068,E,1,1,0.5447045926389926,0.8023797695700143,0.8956401609510045,0.8619377912529592,1.98610874151996,4.521746898722965,4.73966550639912
E_1_069,E,1,1,1.1100478456957474,0.6837428542127391,0.993564920507276,-2.1724748679303727,0.9997004477400556,2.994318335418258,4.8311315097078165
E_1_070,E,1,0,-0.6520939696274787,0.3702628002475661,1.268353640670957,-0.6489924263698051,1.0560600386954444,0.0582575056871135,0.3978246453787001
E_1_071,E,1,1,-2.1673548760563417,0.0378430109623358,0.9989277313205228,1.8956809499701144,2.594958311915499,3.854090877557253,5.18370237430473
E_1_072,E,1,0,1.1250294797166775,-0.5117183613745736,0.4428703772969115,-3.251851133448623,-0.2428094375948254,0.0105030557522131,-0.4192587833323616
E_1_073,E,1,0,0.8739496702303611,-0.0413530921053203,2.602144333677019,-0.7392319910673988,1.3093265980719246,-0.8500448909901687,-0.4672746670159025
E_1_074,E,1,1,0.685222980767917,0.3686646020992314,1.098819075280138,0.7852598965072358,2.935302874354733,4.297024549425266,5.184299426024528
E_1_075,E,1,0,0.0855132027629042,-0.1112326530719329,-0.0160141287028223,-1.9365668904860904,0.4928132231524287,-0.2880792870468322,0.1798969115523019
E_1_076,E,1,0,1.2953697116934215,-0.6303191564844411,1.4373975520155864,3.369670750857688,-0.7444688295719408,0.00170189689487,0.2915496224436137
E_1_077,E,1,0,-0.5713834068457007,2.1257603530673213,2.785794860042824,-3.092295104908896,1.3809013977267903,-0.0412281016343565,0.3711112293350294
E_1_078,E,1,0,-0.8831675816981479,1.407172906997841,1.0308091439991125,1.919017572495292,-0.045890355527319,-0.7137868765821908,0.7954324203302592
E_1_079,E,1,1,0.2643126631300175,1.4452403187850145,2.531372952963324,1.892257802406522,1.1672821260365924,3.798325306320665,4.297588849968515
E_1_080,E,1,0,1.4863714856894146,-0.0350080391237346,0.5121523202747236,1.2880232672394345,0.2316099227005549,-0.7129778378046854,0.7043164854875069
E_1_081,E,1,0,-1.7338911303306062,2.3185577430207966,0.4586859000439718,-0.1404712210035577,-0.3361502005311295,-0.2906389281255253,-0.1792620483017858
E_1_082,E,1,0,1.4897874907675108,0.3538694283703382,0.260178946895757,0.576010503076639,1.0189414399704562,-0.0083019251098511,0.4712993084200664
E_1_083,E,1,1,-0.2990660677568926,0.8738831984331181,1.1565895429247637,-1.1914203993545236,2.119649347456696,3.9497311101585337,5.347764466108653
E_1_084,E,1,0,-1.3759293746550274,0.3448786013515909,2.786347004016406,1.1648476353179888,1.1916120651822115,0.2834545447042855,-0.3387045296274545
E_1_085,E,1,0,1.5750772951778984,0.3298805132874716,-0.2054951772849027,-1.28255084704153,0.5778654230862447,0.0254054644679424,0.2591745157616668
E_1_086,E,1,0,-0.1211126184952434,1.4970910573481448,2.587238830175963,-0.2098274858687704,-0.560436014868485,1.231656194578956,0.0400044386125633
E_1_087,E,1,1,-1.1252929554811542,0.9447096628456936,0.2915524165423442,1.1745567794942853,1.322802498097591,4.165805821581981,4.6161485429460525
E_0_000,E,0,0,-0.4484163238205417,2.20575024505431,-0.233811433507605,-1.3899602733274792,0.7499094356915743,-0.5811843430154512,0.01971164463218
E_0_001,E,0,0,1.1638155386087965,-0.9221132550806074,0.8357914404524925,-0.4473175596081563,-0.3298640823265323,-0.2534894823061163,-0.4395129514743034
E_0_002,E,0,0,1.4900927407772162,0.7352692490683597,0.6302657831314666,0.2183640745260018,2.508043118803533,-0.2535085901431474,-0.3726658832265747
E_0_003,E,0,0,-0.5338733524013133,-1.0423558132782331,0.2820301603617152,-1.6581108204318893,-0.167707684947106,0.0139235243179188,0.382615297833582
E_0_004,E,0,0,0.5079009488715938,1.9136511203833853,-1.649366042699195,1.4668558532105431,-0.4756504920931732,-0.233867565911488,0.4235515153601015
E_0_005,E,0,0,0.8926057904930372,-0.3364260342474692,0.3622341251425689,0.4473029664584806,1.019238036757932,-0.3151031132790458,-0.1506960848566864
E_0_006,E,0,1,-0.3057831171454442,0.8978934970091872,-0.6723647022306919,-2.07650300316372,2.0215460101015017,4.722074470817089,4.035818347180666
E_0_007,E,0,0,0.4437950939580542,0.9712787940228071,2.568909126646248,-0.057051345269575,-0.0204166911956971,0.0460815455485175,1.024552689159853
E_0_008,E,0,0,-0.0398473934444514,1.3252103712960974,-0.213428534502737,-0.954963658240936,-0.1672969576475047,-0.0880123871149857,0.5520050558727191
E_0_009,E,0,0,-0.6700305130913666,-1.1540554189086365,0.1887198665011363,-0.7951169391612884,0.4161886791859906,0.0112567667592183,0.2922607224167967
E_0_010,E,0,0,-0.6151849192236561,-0.3543592090852762,-1.1467013904954149,0.1141464602802041,0.7466338536074008,-0.0097661312460466,-0.3734122953671842
E_0_011,E,0,0,0.0837931023340136,-1.4595359159098626,-0.4788801149779588,-0.8768466103138,0.6688409699620178,0.7593276192418638,-0.2179890984026781
E_0_012,E,0,0,0.037316858698291,0.1476239428054166,-1.2910421611464895,1.2125465926403034,-0.2425988828734909,0.287040818880669,0.1305564438724109
E_0_013,E,0,0,-0.7068624416554217,-0.0958830864821897,0.98153273429241,-0.8597070019725881,0.4093585373460052,0.6734365050629362,-0.3262738865257905
E_0_014,E,0,0,-0.5324313855001999,-0.3581027426674356,-0.2619724317276971,1.2436932749571368,0.7504709761805132,-1.4676717189713933,0.7884437710961014
E_0_015,E,0,1,1.891671547925422,0.2376768864103136,0.9126608092624136,-0.2419767353957877,2.025669841900118,4.037347561298467,4.715443003436342
E_0_016,E,0,0,0.2672839189712294,-0.3959793648810161,-0.684587231843967,1.0881557051342532,-2.5864962692088125,0.6297009138492298,0.2607556477210845
E_0_017,E,0,0,1.106367958235353,-0.7756854007164613,-0.501142471079419,-0.6606089125780678,-0.7246051538487778,1.0761537753351382,-0.3844456222342715
E_0_018,E,0,0,1.5022777899217754,0.5607378752952219,1.2881806469639403,-0.620949051518635,-0.6381738749652482,0.0799175403679184,-0.360068866849231
E_0_019,E,0,0,0.7360528245494358,1.5937206509886055,-0.9716932777313152,-1.4366354067111635,-0.1878841279664596,-0.8233468392372373,-0.3439944039675416
E_0_020,E,0,0,2.8386078917280404,-2.018501798136838,-1.8014440194195789,0.7399905605085734,0.1872575446616119,0.3906896578654226,0.2037777169532981
E_0_021,E,0,0,-1.031630039704869,-0.1063784528286432,0.4062401599587799,1.203018945005741,0.8447689936320798,-0.1436214344500224,0.0360052531614683
E_0_022,E,0,0,1.010511991352865,-0.439078771572976,-1.1413332093362307,2.648988885891569,0.5250388459439319,-0.8784356142469861,-0.1436523507101656
E_0_023,E,0,0,-0.3976799662888646,0.5269950064673257,-0.4394663948028048,1.6331753747490505,-0.0678778016115602,-0.2017683116078689,0.234740228060805
E_0_024,E,0,0,2.3197290792140977,-0.9891267255597388,0.911583381936139,0.3326831345136787,0.060585528736775,0.6376909381603699,0.1971972296301855
E_0_025,E,0,0,2.1255501517405304,-0.1509616168744695,-0.8185964248135993,-0.2581211407675425,1.506435979327709,0.6437825865812778,0.6740104577400811
E_0_026,E,0,0,-2.442763977508426,-1.0795761402134356,0.8784500741824486,0.5098706855191152,-0.4728666788461853,0.48649103796834,0.0292526567269509
E_0_027,E,0,1,-0.7110828031398504,1.6846731477249022,-0.3312254407846772,-0.2283913139481909,1.621377464670592,3.322070731826723,4.169708434383903
E_0_028,E,0,0,0.8303911384929273,0.1084977372756037,1.4906788112020686,1.8378643758289377,1.3477117693661744,1.3147758533471994,0.0263358739183988
E_0_029,E,0,0,0.9873340123555951,-0.1619034515722118,1.3251029991712222,1.19521965192523,0.3246149397526655,-0.4978479951449427,0.7180347652069146
E_0_030,E,0,0,0.920705270199096,0.393192440487324,-0.4713954106340931,-1.0369611861128858,-1.7190079666613651,0.0197568425149897,-0.2114138835226051
E_0_031,E,0,0,-0.0885816602166786,-0.2499316180574635,-0.2132281584493589,-0.8417864641186155,0.3541918979442902,-0.624300469315334,0.1039909232970456
E_0_032,E,0,0,0.5689010307043461,-1.6229913710272486,-0.831935530988283,1.7261437016625991,-0.2951693046217165,0.7536843394235021,-0.0801232139467667
E_0_033,E,0,0,0.8162767947329042,0.6315550428806349,0.2000019826761319,0.3971763933620426,-0.0719835648930026,0.2958519927737425,0.2306790632534046
E_0_034,E,0,0,-0.0973390869216549,0.3081985526081623,1.1491704925865005,-0.2786692223583475,0.91542104860485,0.5123930990786443,0.159304853089616
E_0_035,E,0,0,1.2841274604520356,-0.1570652452045215,-1.4467568186858293,1.4923568755051642,0.4179774399374539,0.1064337828676365,-0.3226582619043235
E_0_036,E,0,0,-2.8243715613863074,1.0400405123342265,0.9174484448098028,-0.4727539761442638,-0.2009579387243547,0.037682360820842,-0.0517427904419804
E_0_037,E,0,0,0.7922418994624904,1.284351019166436,-1.32393666447471,-0.3398580043378981,0.7779308587370272,0.1506993969680219,0.4562021834583885
E_0_038,E,0,0,-1.2925657653571576,-1.1316694856971885,-0.8597206062622232,-0.5460098662797072,0.430895615749318,-0.7878748470864048,0.637544205614064
E_0_039,E,0,0,1.1983472599617364,-0.8092430117092888,-1.7877037608937147,-2.430316905478008,0.1329172963860943,0.6144157862556009,0.5133461794417296
E_0_040,E,0,0,-0.2858555311140001,1.6316101367361997,2.1049455570898674,1.0942428101778203,0.2836999164437713,0.5388692559024779,0.4435664848269555
E_0_041,E,0,0,-1.1109840888550306,1.4994688687880766,0.0587017044950314,-1.492006754798839,0.2538451795803698,-0.0894679334224559,-0.0561158728932811
E_0_042,E,0,0,0.4673776959303042,-0.7679343611608107,0.2447526650456782,-0.6961090515677723,-0.2590818498504096,0.079972228262077,-0.0950105822333662
E_0_043,E,0,0,-1.1391668723072084,-1.2146894967768702,-0.6761155583444093,-0.8797277372751005,-0.2900107984644679,0.3953113148674411,0.6720340056450484
E_0_044,E,0,0,-1.1409598719442426,-0.6627779508996211,1.066966666993791,0.9220742135055324,0.0480590960421645,0.8652193523809038,-0.4606185937727516
E_0_045,E,0,0,-1.9591179449413647,-0.5155095086620337,-2.103176751169621,-0.0707030416369838,-0.7810567320502366,0.3038670199758955,0.0420526006479694
E_0_046,E,0,0,-0.0333846934976415,-1.656027325661756,0.0266654306433945,0.0337542835937768,-1.0410838863745242,0.1068976035384024,-0.7571137008420419
E_0_047,E,0,0,0.6210294021135442,0.0364671978630956,2.206724745800603,-2.0918415774205186,1.1207406577744048,-0.2002224152403637,-0.1416848918660141
E_0_048,E,0,0,1.2787824826640533,-1.3417764578431974,-0.3820540127762462,-0.1044735155225758,-0.1940931300821849,-0.7092233689367007,-0.3008508188404784
E_0_049,E,0,0,-0.177159827236264,-1.2625091638281671,0.0171475440659789,-1.828616437420387,0.0131979945258285,-0.2015484404517994,-0.4556976753369471
