roi_id,score,variant,fold,p_sub,pred,wafer,z_star
A_2_000,0.8878045678138733,Teacher (privileged),A,,,A,2
A_2_001,0.9999998807907104,Teacher (privileged),A,,,A,2
A_2_002,1.0,Teacher (privileged),A,,,A,2
A_2_003,0.9999996423721313,Teacher (privileged),A,,,A,2
A_2_004,0.9999858140945435,Teacher (privileged),A,,,A,2
A_2_005,0.9999945163726807,Teacher (privileged),A,,,A,2
A_2_006,1.0,Teacher (privileged),A,,,A,2
A_2_007,0.9999998807907104,Teacher (privileged),A,,,A,2
A_2_008,1.0,Teacher (privileged),A,,,A,2
A_2_009,1.0,Teacher (privileged),A,,,A,2
A_2_010,1.0,Teacher (privileged),A,,,A,2
A_2_011,0.9393845200538635,Teacher (privileged),A,,,A,2
A_2_012,0.9764338731765747,Teacher (privileged),A,,,A,2
A_2_013,1.0,Teacher (privileged),A,,,A,2
A_2_014,0.9999908208847046,Teacher (privileged),A,,,A,2
A_2_015,1.0,Teacher (privileged),A,,,A,2
A_2_016,0.9994174242019653,Teacher (privileged),A,,,A,2
A_2_017,1.0,Teacher (privileged),A,,,A,2
A_2_018,0.9976080656051636,Teacher (privileged),A,,,A,2
A_2_019,0.9999018907546997,Teacher (privileged),A,,,A,2
A_2_020,1.0,Teacher (privileged),A,,,A,2
A_2_021,0.5863032937049866,Teacher (privileged),A,,,A,2
A_2_022,0.19041071832180023,Teacher (privileged),A,,,A,2
A_2_023,1.0,Teacher (privileged),A,,,A,2
A_2_024,1.0,Teacher (privileged),A,,,A,2
A_2_025,1.0,Teacher (privileged),A,,,A,2
A_2_026,0.9999998807907104,Teacher (privileged),A,,,A,2
A_2_027,2.0022573153255507e-05,Teacher (privileged),A,,,A,2
A_2_028,1.0,Teacher (privileged),A,,,A,2
A_2_029,0.9728264808654785,Teacher (privileged),A,,,A,2
A_2_030,1.0,Teacher (privileged),A,,,A,2
A_2_031,0.7435464262962341,Teacher (privileged),A,,,A,2
A_2_032,0.6302003860473633,Teacher (privileged),A,,,A,2
A_2_033,0.29634249210357666,Teacher (privileged),A,,,A,2
A_2_034,1.0,Teacher (privileged),A,,,A,2
A_2_035,1.0,Teacher (privileged),A,,,A,2
A_2_036,0.9999959468841553,Teacher (privileged),A,,,A,2
A_2_037,1.0,Teacher (privileged),A,,,A,2
A_2_038,0.9994000196456909,Teacher (privileged),A,,,A,2
A_2_039,0.9996860027313232,Teacher (privileged),A,,,A,2
A_2_040,1.0,Teacher (privileged),A,,,A,2
A_2_041,1.0,Teacher (privileged),A,,,A,2
A_2_042,1.0,Teacher (privileged),A,,,A,2
A_2_043,0.9999992847442627,Teacher (privileged),A,,,A,2
A_2_044,0.9999971389770508,Teacher (privileged),A,,,A,2
A_2_045,0.027164185419678688,Teacher (privileged),A,,,A,2
A_2_046,0.16619925200939178,Teacher (privileged),A,,,A,2
A_2_047,1.0,Teacher (privileged),A,,,A,2
A_2_048,1.0,Teacher (privileged),A,,,A,2
A_2_049,0.9999971389770508,Teacher (privileged),A,,,A,2
A_2_050,0.9999988079071045,Teacher (privileged),A,,,A,2
A_2_051,0.9999974966049194,Teacher (privileged),A,,,A,2
A_2_052,1.0,Teacher (privileged),A,,,A,2
A_2_053,0.9999991655349731,Teacher (privileged),A,,,A,2
A_2_054,1.0,Teacher (privileged),A,,,A,2
A_2_055,1.0,Teacher (privileged),A,,,A,2
A_2_056,1.0,Teacher (privileged),A,,,A,2
A_2_057,0.0002578544372227043,Teacher (privileged),A,,,A,2
A_1_000,0.001057982794009149,Teacher (privileged),A,,,A,1
A_1_001,2.592776354504167e-06,Teacher (privileged),A,,,A,1
A_1_002,0.9998575448989868,Teacher (privileged),A,,,A,1
A_1_003,0.1044049859046936,Teacher (privileged),A,,,A,1
A_1_004,0.9917084574699402,Teacher (privileged),A,,,A,1
A_1_005,0.9387707710266113,Teacher (privileged),A,,,A,1
A_1_006,0.40982314944267273,Teacher (privileged),A,,,A,1
A_1_007,0.006038354244083166,Teacher (privileged),A,,,A,1
A_1_008,0.00016770343063399196,Teacher (privileged),A,,,A,1
A_1_009,0.0020425994880497456,Teacher (privileged),A,,,A,1
A_1_010,0.9987251162528992,Teacher (privileged),A,,,A,1
A_1_011,0.0006857268745079637,Teacher (privileged),A,,,A,1
A_1_012,0.9597732424736023,Teacher (privileged),A,,,A,1
A_1_013,0.9394755363464355,Teacher (privileged),A,,,A,1
A_1_014,2.2437218660797953e-07,Teacher (privileged),A,,,A,1
A_1_015,0.9854657649993896,Teacher (privileged),A,,,A,1
A_1_016,0.6035706996917725,Teacher (privileged),A,,,A,1
A_1_017,0.9996404647827148,Teacher (privileged),A,,,A,1
A_1_018,8.398081990890205e-05,Teacher (privileged),A,,,A,1
A_1_019,0.998738706111908,Teacher (privileged),A,,,A,1
A_1_020,0.18252724409103394,Teacher (privileged),A,,,A,1
A_1_021,0.07095799595117569,Teacher (privileged),A,,,A,1
A_1_022,0.9999730587005615,Teacher (privileged),A,,,A,1
A_1_023,0.9964185953140259,Teacher (privileged),A,,,A,1
A_1_024,0.26645132899284363,Teacher (privileged),A,,,A,1
A_1_025,0.46012082695961,Teacher (privileged),A,,,A,1
A_1_026,0.00013651531480718404,Teacher (privileged),A,,,A,1
A_1_027,0.02374824695289135,Teacher (privileged),A,,,A,1
A_1_028,0.01585186831653118,Teacher (privileged),A,,,A,1
A_1_029,0.00912181381136179,Teacher (privileged),A,,,A,1
A_1_030,0.8852182626724243,Teacher (privileged),A,,,A,1
A_1_031,0.9993540644645691,Teacher (privileged),A,,,A,1
A_1_032,0.9510802626609802,Teacher (privileged),A,,,A,1
A_1_033,0.9489020109176636,Teacher (privileged),A,,,A,1
A_1_034,0.9993014335632324,Teacher (privileged),A,,,A,1
A_1_035,0.2088058888912201,Teacher (privileged),A,,,A,1
A_1_036,0.458130806684494,Teacher (privileged),A,,,A,1
A_1_037,0.012234802357852459,Teacher (privileged),A,,,A,1
A_1_038,6.1468192313896e-08,Teacher (privileged),A,,,A,1
A_1_039,0.9965241551399231,Teacher (privileged),A,,,A,1
A_1_040,0.003904337529093027,Teacher (privileged),A,,,A,1
A_1_041,1.0,Teacher (privileged),A,,,A,1
A_1_042,0.9494282603263855,Teacher (privileged),A,,,A,1
A_1_043,0.00012437079567462206,Teacher (privileged),A,,,A,1
A_1_044,0.8255564570426941,Teacher (privileged),A,,,A,1
A_1_045,3.88262242267956e-06,Teacher (privileged),A,,,A,1
A_1_046,0.00013618377852253616,Teacher (privileged),A,,,A,1
A_1_047,0.9630920886993408,Teacher (privileged),A,,,A,1
A_1_048,0.6121423244476318,Teacher (privileged),A,,,A,1
A_1_049,0.3286745846271515,Teacher (privileged),A,,,A,1
A_1_050,0.013661711476743221,Teacher (privileged),A,,,A,1
A_1_051,0.9976803064346313,Teacher (privileged),A,,,A,1
A_1_052,0.022951528429985046,Teacher (privileged),A,,,A,1
A_1_053,0.002554567065089941,Teacher (privileged),A,,,A,1
A_1_054,0.9934072494506836,Teacher (privileged),A,,,A,1
A_1_055,0.9980582594871521,Teacher (privileged),A,,,A,1
A_1_056,0.7297354340553284,Teacher (privileged),A,,,A,1
A_1_057,0.9718518257141113,Teacher (privileged),A,,,A,1
A_1_058,0.017112767323851585,Teacher (privileged),A,,,A,1
A_1_059,0.5020948052406311,Teacher (privileged),A,,,A,1
A_1_060,0.35535404086112976,Teacher (privileged),A,,,A,1
A_1_061,0.00037007228820584714,Teacher (privileged),A,,,A,1
A_1_062,0.05947376415133476,Teacher (privileged),A,,,A,1
A_1_063,0.002140976255759597,Teacher (privileged),A,,,A,1
A_1_064,0.017117971554398537,Teacher (privileged),A,,,A,1
A_1_065,1.5742431287435465e-06,Teacher (privileged),A,,,A,1
A_1_066,0.00040096603333950043,Teacher (privileged),A,,,A,1
A_1_067,0.05040547251701355,Teacher (privileged),A,,,A,1
A_1_068,5.753152890974889e-06,Teacher (privileged),A,,,A,1
A_1_069,0.7401918768882751,Teacher (privileged),A,,,A,1
A_1_070,0.011749050579965115,Teacher (privileged),A,,,A,1
A_1_071,0.030370471999049187,Teacher (privileged),A,,,A,1
A_1_072,0.5387555956840515,Teacher (privileged),A,,,A,1
A_0_000,6.4624710027771926e-09,Teacher (privileged),A,,,A,0
A_0_001,2.972482676666388e-11,Teacher (privileged),A,,,A,0
A_0_002,6.597590854716395e-13,Teacher (privileged),A,,,A,0
A_0_003,1.2452207667768e-11,Teacher (privileged),A,,,A,0
A_0_004,9.800113787150622e-08,Teacher (privileged),A,,,A,0
A_0_005,2.5976190087817486e-08,Teacher (privileged),A,,,A,0
A_0_006,1.7058707544664674e-17,Teacher (privileged),A,,,A,0
A_0_007,1.2554784989404766e-10,Teacher (privileged),A,,,A,0
A_0_008,0.0001737262646201998,Teacher (privileged),A,,,A,0
A_0_009,7.496960713345596e-19,Teacher (privileged),A,,,A,0
A_0_010,9.463844889978645e-07,Teacher (privileged),A,,,A,0
A_0_011,6.537643167816051e-19,Teacher (privileged),A,,,A,0
A_0_012,0.01036995742470026,Teacher (privileged),A,,,A,0
A_0_013,2.606001470796841e-15,Teacher (privileged),A,,,A,0
A_0_014,1.0992687293764902e-06,Teacher (privileged),A,,,A,0
A_0_015,5.128724183123268e-07,Teacher (privileged),A,,,A,0
A_0_016,2.200564300006458e-18,Teacher (privileged),A,,,A,0
A_0_017,7.831306675191996e-13,Teacher (privileged),A,,,A,0
A_0_018,0.00019531772704795003,Teacher (privileged),A,,,A,0
A_0_019,2.0560763920422775e-13,Teacher (privileged),A,,,A,0
A_0_020,3.7677924069612345e-07,Teacher (privileged),A,,,A,0
A_0_021,4.722310324896395e-14,Teacher (privileged),A,,,A,0
A_0_022,5.091428583584456e-25,Teacher (privileged),A,,,A,0
A_0_023,5.612721658970754e-13,Teacher (privileged),A,,,A,0
A_0_024,5.856610091640665e-14,Teacher (privileged),A,,,A,0
A_0_025,4.955500612857872e-15,Teacher (privileged),A,,,A,0
A_0_026,1.7413039188340917e-07,Teacher (privileged),A,,,A,0
A_0_027,9.416257652292306e-18,Teacher (privileged),A,,,A,0
A_0_028,3.7428110029260275e-20,Teacher (privileged),A,,,A,0
A_0_029,2.267631938636135e-17,Teacher (privileged),A,,,A,0
A_0_030,1.3810316779050424e-10,Teacher (privileged),A,,,A,0
A_0_031,2.6150441187478002e-11,Teacher (privileged),A,,,A,0
A_0_032,7.379163058374161e-09,Teacher (privileged),A,,,A,0
A_0_033,8.040408616682981e-12,Teacher (privileged),A,,,A,0
A_0_034,1.648811837930142e-12,Teacher (privileged),A,,,A,0
A_0_035,2.5268917169572822e-16,Teacher (privileged),A,,,A,0
A_0_036,5.4387572191120365e-14,Teacher (privileged),A,,,A,0
A_0_037,2.745318106178729e-08,Teacher (privileged),A,,,A,0
A_0_038,1.8380875163939714e-13,Teacher (privileged),A,,,A,0
A_0_039,3.840684823126772e-13,Teacher (privileged),A,,,A,0
A_0_040,2.1519441125256937e-17,Teacher (privileged),A,,,A,0
A_0_041,7.2372411882848375e-12,Teacher (privileged),A,,,A,0
A_0_042,8.244759177678321e-14,Teacher (privileged),A,,,A,0
A_0_043,2.5752719993129394e-19,Teacher (privileged),A,,,A,0
A_0_044,1.7623145577940792e-14,Teacher (privileged),A,,,A,0
A_0_045,9.331264070612463e-25,Teacher (privileged),A,,,A,0
A_0_046,9.006403400846352e-10,Teacher (privileged),A,,,A,0
A_0_047,6.2022862401533985e-09,Teacher (privileged),A,,,A,0
A_0_048,1.0964325447559986e-08,Teacher (privileged),A,,,A,0
A_0_049,7.311803864705078e-16,Teacher (privileged),A,,,A,0
A_2_000,0.5976818203926086,V0 Direct (single-scale),A,0.6950685977935791,2.0,A,2
A_2_001,0.5183187127113342,V0 Direct (single-scale),A,0.19478365778923035,1.0,A,2
A_2_002,0.41168901324272156,V0 Direct (single-scale),A,0.40454405546188354,0.0,A,2
A_2_003,0.15575474500656128,V0 Direct (single-scale),A,0.000801778573077172,1.0,A,2
A_2_004,0.5246169567108154,V0 Direct (single-scale),A,0.5025805234909058,2.0,A,2
A_2_005,0.7003722190856934,V0 Direct (single-scale),A,0.8954833745956421,2.0,A,2
A_2_006,0.779165506362915,V0 Direct (single-scale),A,0.9317689538002014,2.0,A,2
A_2_007,0.38418740034103394,V0 Direct (single-scale),A,0.18744061887264252,0.0,A,2
A_2_008,0.35252562165260315,V0 Direct (single-scale),A,0.2980295419692993,0.0,A,2
A_2_009,0.3632330000400543,V0 Direct (single-scale),A,0.3522263467311859,0.0,A,2
A_2_010,0.35300561785697937,V0 Direct (single-scale),A,0.19121979176998138,0.0,A,2
A_2_011,0.767818033695221,V0 Direct (single-scale),A,0.9528675675392151,2.0,A,2
A_2_012,0.9830445051193237,V0 Direct (single-scale),A,0.9992640614509583,2.0,A,2
A_2_013,0.6573415994644165,V0 Direct (single-scale),A,0.8149408102035522,2.0,A,2
A_2_014,0.41763079166412354,V0 Direct (single-scale),A,0.36495882272720337,0.0,A,2
A_2_015,0.6159228682518005,V0 Direct (single-scale),A,0.9429107308387756,2.0,A,2
A_2_016,0.863705575466156,V0 Direct (single-scale),A,0.9693425297737122,2.0,A,2
A_2_017,0.3891479969024658,V0 Direct (single-scale),A,0.1414082944393158,0.0,A,2
A_2_018,0.16092105209827423,V0 Direct (single-scale),A,0.08610343933105469,0.0,A,2
A_2_019,0.7769200801849365,V0 Direct (single-scale),A,0.7989068031311035,2.0,A,2
A_2_020,0.9190315008163452,V0 Direct (single-scale),A,0.9729491472244263,2.0,A,2
A_2_021,0.1480829417705536,V0 Direct (single-scale),A,0.07882551848888397,0.0,A,2
A_2_022,0.9713665843009949,V0 Direct (single-scale),A,0.1803053766489029,1.0,A,2
A_2_023,0.967791736125946,V0 Direct (single-scale),A,0.9956120252609253,2.0,A,2
A_2_024,0.37717360258102417,V0 Direct (single-scale),A,0.09192682057619095,0.0,A,2
A_2_025,0.5210228562355042,V0 Direct (single-scale),A,0.39451873302459717,0.0,A,2
A_2_026,0.8215988278388977,V0 Direct (single-scale),A,0.9722170829772949,2.0,A,2
A_2_027,0.3677026927471161,V0 Direct (single-scale),A,0.49581179022789,2.0,A,2
A_2_028,0.8825010061264038,V0 Direct (single-scale),A,0.9665298461914062,2.0,A,2
A_2_029,0.31813713908195496,V0 Direct (single-scale),A,0.22795338928699493,0.0,A,2
A_2_030,0.844298779964447,V0 Direct (single-scale),A,0.9260408878326416,2.0,A,2
A_2_031,0.5850464105606079,V0 Direct (single-scale),A,0.37415987253189087,0.0,A,2
A_2_032,0.21796397864818573,V0 Direct (single-scale),A,0.10892526805400848,0.0,A,2
A_2_033,0.8773181438446045,V0 Direct (single-scale),A,0.9572016596794128,2.0,A,2
A_2_034,0.847903847694397,V0 Direct (single-scale),A,0.9496119618415833,2.0,A,2
A_2_035,0.6831203103065491,V0 Direct (single-scale),A,0.8822769522666931,2.0,A,2
A_2_036,0.32823672890663147,V0 Direct (single-scale),A,0.14992302656173706,0.0,A,2
A_2_037,0.9115113615989685,V0 Direct (single-scale),A,0.9800434112548828,2.0,A,2
A_2_038,0.4792424440383911,V0 Direct (single-scale),A,0.07474008202552795,1.0,A,2
A_2_039,0.7746300101280212,V0 Direct (single-scale),A,0.7577512860298157,2.0,A,2
A_2_040,0.2512209117412567,V0 Direct (single-scale),A,0.2040298879146576,0.0,A,2
A_2_041,0.332043319940567,V0 Direct (single-scale),A,0.01170326303690672,1.0,A,2
A_2_042,0.7217848896980286,V0 Direct (single-scale),A,0.011755499988794327,1.0,A,2
A_2_043,0.8929611444473267,V0 Direct (single-scale),A,0.971642017364502,2.0,A,2
A_2_044,0.8263672590255737,V0 Direct (single-scale),A,0.9128873944282532,2.0,A,2
A_2_045,0.6772600412368774,V0 Direct (single-scale),A,0.03887775540351868,1.0,A,2
A_2_046,0.02406083047389984,V0 Direct (single-scale),A,0.0018590849358588457,0.0,A,2
A_2_047,0.7420472502708435,V0 Direct (single-scale),A,0.871660590171814,2.0,A,2
A_2_048,0.6671004295349121,V0 Direct (single-scale),A,0.8303202986717224,2.0,A,2
A_2_049,0.8865781426429749,V0 Direct (single-scale),A,0.9715996980667114,2.0,A,2
A_2_050,0.2050633430480957,V0 Direct (single-scale),A,0.0007883303333073854,1.0,A,2
A_2_051,0.7844905853271484,V0 Direct (single-scale),A,0.8808779716491699,2.0,A,2
A_2_052,0.9437544941902161,V0 Direct (single-scale),A,0.9898204803466797,2.0,A,2
A_2_053,0.9138035774230957,V0 Direct (single-scale),A,0.9861066341400146,2.0,A,2
A_2_054,0.40949222445487976,V0 Direct (single-scale),A,0.2404567152261734,0.0,A,2
A_2_055,0.9305858612060547,V0 Direct (single-scale),A,0.14418894052505493,1.0,A,2
A_2_056,0.023554671555757523,V0 Direct (single-scale),A,0.0034674343187361956,0.0,A,2
A_2_057,0.977940559387207,V0 Direct (single-scale),A,0.9983636736869812,2.0,A,2
A_1_000,0.5532792210578918,V0 Direct (single-scale),A,0.022626331076025963,1.0,A,1
A_1_001,0.9024186730384827,V0 Direct (single-scale),A,0.3717600405216217,1.0,A,1
A_1_002,0.4300931990146637,V0 Direct (single-scale),A,0.02665613405406475,1.0,A,1
A_1_003,0.9686211943626404,V0 Direct (single-scale),A,0.9887984395027161,2.0,A,1
A_1_004,0.43087711930274963,V0 Direct (single-scale),A,0.003490449395030737,1.0,A,1
A_1_005,0.8492684364318848,V0 Direct (single-scale),A,0.9191185235977173,2.0,A,1
A_1_006,0.1344534009695053,V0 Direct (single-scale),A,0.03347707912325859,0.0,A,1
A_1_007,0.04901375621557236,V0 Direct (single-scale),A,0.0010055616730824113,0.0,A,1
A_1_008,0.37483811378479004,V0 Direct (single-scale),A,0.00045594715629704297,1.0,A,1
A_1_009,0.21189278364181519,V0 Direct (single-scale),A,1.2428026820998639e-05,1.0,A,1
A_1_010,0.43794161081314087,V0 Direct (single-scale),A,0.0051870327442884445,1.0,A,1
A_1_011,0.16845153272151947,V0 Direct (single-scale),A,0.002203469630330801,1.0,A,1
A_1_012,0.039161279797554016,V0 Direct (single-scale),A,0.005880136974155903,0.0,A,1
A_1_013,0.0921935886144638,V0 Direct (single-scale),A,0.02031279355287552,0.0,A,1
A_1_014,0.03871989995241165,V0 Direct (single-scale),A,0.001480683102272451,0.0,A,1
A_1_015,0.18278656899929047,V0 Direct (single-scale),A,0.0006040752050466835,1.0,A,1
A_1_016,0.12405712902545929,V0 Direct (single-scale),A,0.004623584449291229,1.0,A,1
A_1_017,0.2844550609588623,V0 Direct (single-scale),A,0.36320018768310547,0.0,A,1
A_1_018,0.4381152391433716,V0 Direct (single-scale),A,0.3767036199569702,1.0,A,1
A_1_019,0.90570467710495,V0 Direct (single-scale),A,0.983238697052002,2.0,A,1
A_1_020,0.16261732578277588,V0 Direct (single-scale),A,0.00205839890986681,1.0,A,1
A_1_021,0.18747718632221222,V0 Direct (single-scale),A,0.0007161261164583266,1.0,A,1
A_1_022,0.23914195597171783,V0 Direct (single-scale),A,0.0003121464978903532,1.0,A,1
A_1_023,0.5795021057128906,V0 Direct (single-scale),A,0.1336117833852768,1.0,A,1
A_1_024,0.19675831496715546,V0 Direct (single-scale),A,0.03668547794222832,0.0,A,1
A_1_025,0.7033987641334534,V0 Direct (single-scale),A,0.6855655908584595,2.0,A,1
A_1_026,0.6841421723365784,V0 Direct (single-scale),A,0.1666775494813919,1.0,A,1
A_1_027,0.043933458626270294,V0 Direct (single-scale),A,0.0017911025788635015,1.0,A,1
A_1_028,0.4419255256652832,V0 Direct (single-scale),A,0.06787899881601334,1.0,A,1
A_1_029,0.9737146496772766,V0 Direct (single-scale),A,0.9966977834701538,2.0,A,1
A_1_030,0.11146542429924011,V0 Direct (single-scale),A,0.0003341148840263486,1.0,A,1
A_1_031,0.47160595655441284,V0 Direct (single-scale),A,0.02760288678109646,1.0,A,1
A_1_032,0.46635347604751587,V0 Direct (single-scale),A,0.13362225890159607,1.0,A,1
A_1_033,0.9145832657814026,V0 Direct (single-scale),A,0.8803351521492004,2.0,A,1
A_1_034,0.3809480667114258,V0 Direct (single-scale),A,0.16297131776809692,1.0,A,1
A_1_035,0.020061872899532318,V0 Direct (single-scale),A,0.0007066196994856,0.0,A,1
A_1_036,0.09735599160194397,V0 Direct (single-scale),A,3.3103779060184024e-06,1.0,A,1
A_1_037,0.17795436084270477,V0 Direct (single-scale),A,0.0022166697308421135,1.0,A,1
A_1_038,0.06542804092168808,V0 Direct (single-scale),A,0.01026249397546053,0.0,A,1
A_1_039,0.018401656299829483,V0 Direct (single-scale),A,0.0003191912837792188,0.0,A,1
A_1_040,0.4896598160266876,V0 Direct (single-scale),A,0.45373058319091797,0.0,A,1
A_1_041,0.9626456499099731,V0 Direct (single-scale),A,0.9882610440254211,2.0,A,1
A_1_042,0.7879667282104492,V0 Direct (single-scale),A,0.6201722025871277,2.0,A,1
A_1_043,0.13750258088111877,V0 Direct (single-scale),A,0.06972246617078781,0.0,A,1
A_1_044,0.09457281231880188,V0 Direct (single-scale),A,0.008665609173476696,0.0,A,1
A_1_045,0.17398397624492645,V0 Direct (single-scale),A,2.1750354790128767e-05,1.0,A,1
A_1_046,0.0765467956662178,V0 Direct (single-scale),A,0.00021377603115979582,1.0,A,1
A_1_047,0.17960450053215027,V0 Direct (single-scale),A,0.003923424053937197,1.0,A,1
A_1_048,0.02979510836303234,V0 Direct (single-scale),A,0.002117048017680645,0.0,A,1
A_1_049,0.7384415864944458,V0 Direct (single-scale),A,0.03175164759159088,1.0,A,1
A_1_050,0.12755270302295685,V0 Direct (single-scale),A,0.0009721083915792406,1.0,A,1
A_1_051,0.39633604884147644,V0 Direct (single-scale),A,0.11610917747020721,1.0,A,1
A_1_052,0.014624717645347118,V0 Direct (single-scale),A,0.00010773247049655765,0.0,A,1
A_1_053,0.4397530257701874,V0 Direct (single-scale),A,0.028312575072050095,1.0,A,1
A_1_054,0.19031080603599548,V0 Direct (single-scale),A,0.00014311698032543063,1.0,A,1
A_1_055,0.8410229086875916,V0 Direct (single-scale),A,0.10469119995832443,1.0,A,1
A_1_056,0.3365286588668823,V0 Direct (single-scale),A,0.06648051738739014,1.0,A,1
A_1_057,0.8007290363311768,V0 Direct (single-scale),A,0.6559357047080994,2.0,A,1
A_1_058,0.2567887306213379,V0 Direct (single-scale),A,0.011203235015273094,1.0,A,1
A_1_059,0.284595251083374,V0 Direct (single-scale),A,0.0005176521954126656,1.0,A,1
A_1_060,0.06484179198741913,V0 Direct (single-scale),A,0.0026582004502415657,0.0,A,1
A_1_061,0.5194984674453735,V0 Direct (single-scale),A,0.016991110518574715,1.0,A,1
A_1_062,0.41343027353286743,V0 Direct (single-scale),A,0.0033103087916970253,1.0,A,1
A_1_063,0.5253852605819702,V0 Direct (single-scale),A,0.24828769266605377,0.0,A,1
A_1_064,0.243766650557518,V0 Direct (single-scale),A,0.0009193454752676189,1.0,A,1
A_1_065,0.3470013737678528,V0 Direct (single-scale),A,0.012720901519060135,1.0,A,1
A_1_066,0.18321824073791504,V0 Direct (single-scale),A,0.00018707271374296397,1.0,A,1
A_1_067,0.2565140724182129,V0 Direct (single-scale),A,3.5929774639953393e-06,1.0,A,1
A_1_068,0.5661283135414124,V0 Direct (single-scale),A,0.058800771832466125,1.0,A,1
A_1_069,0.5807515382766724,V0 Direct (single-scale),A,0.09604224562644958,1.0,A,1
A_1_070,0.4996066689491272,V0 Direct (single-scale),A,0.006154494360089302,1.0,A,1
A_1_071,0.5909714698791504,V0 Direct (single-scale),A,0.37107643485069275,1.0,A,1
A_1_072,0.7988601326942444,V0 Direct (single-scale),A,0.5227844715118408,2.0,A,1
A_0_000,0.430770605802536,V0 Direct (single-scale),A,0.3838028013706207,0.0,A,0
A_0_001,0.3506387174129486,V0 Direct (single-scale),A,0.15760983526706696,0.0,A,0
A_0_002,0.03679977357387543,V0 Direct (single-scale),A,0.002327562775462866,0.0,A,0
A_0_003,0.06795533746480942,V0 Direct (single-scale),A,0.00823186431080103,0.0,A,0
A_0_004,0.052637744694948196,V0 Direct (single-scale),A,0.005456892773509026,0.0,A,0
A_0_005,0.39097335934638977,V0 Direct (single-scale),A,0.19524215161800385,0.0,A,0
A_0_006,0.16324739158153534,V0 Direct (single-scale),A,0.035345353186130524,0.0,A,0
A_0_007,0.5785121321678162,V0 Direct (single-scale),A,0.7603838443756104,2.0,A,0
A_0_008,0.8904621005058289,V0 Direct (single-scale),A,0.9703260064125061,2.0,A,0
A_0_009,0.11867279559373856,V0 Direct (single-scale),A,0.017297867685556412,0.0,A,0
A_0_010,0.07221361994743347,V0 Direct (single-scale),A,0.006360860541462898,0.0,A,0
A_0_011,0.02645408734679222,V0 Direct (single-scale),A,0.0021890238858759403,0.0,A,0
A_0_012,0.9001994729042053,V0 Direct (single-scale),A,0.22538158297538757,1.0,A,0
A_0_013,0.23111440241336823,V0 Direct (single-scale),A,0.14473091065883636,0.0,A,0
A_0_014,0.9327559471130371,V0 Direct (single-scale),A,0.943528413772583,2.0,A,0
A_0_015,0.2921805679798126,V0 Direct (single-scale),A,0.23132920265197754,0.0,A,0
A_0_016,0.4376961588859558,V0 Direct (single-scale),A,0.2825157344341278,0.0,A,0
A_0_017,0.9479250907897949,V0 Direct (single-scale),A,0.9866780042648315,2.0,A,0
A_0_018,0.540103018283844,V0 Direct (single-scale),A,0.14629630744457245,0.0,A,0
A_0_019,0.27801012992858887,V0 Direct (single-scale),A,0.18837431073188782,0.0,A,0
A_0_020,0.1830916702747345,V0 Direct (single-scale),A,0.10937774926424026,0.0,A,0
A_0_021,0.07816264033317566,V0 Direct (single-scale),A,0.01673266291618347,0.0,A,0
A_0_022,0.7440667152404785,V0 Direct (single-scale),A,0.6457964777946472,2.0,A,0
A_0_023,0.5114551186561584,V0 Direct (single-scale),A,0.6722440719604492,2.0,A,0
A_0_024,0.6834059953689575,V0 Direct (single-scale),A,0.6027447581291199,2.0,A,0
A_0_025,0.6539589166641235,V0 Direct (single-scale),A,0.46744540333747864,2.0,A,0
A_0_026,0.7430509328842163,V0 Direct (single-scale),A,0.9362756013870239,2.0,A,0
A_0_027,0.47282105684280396,V0 Direct (single-scale),A,0.1297590583562851,1.0,A,0
A_0_028,0.011154291220009327,V0 Direct (single-scale),A,0.0009046454797498882,0.0,A,0
A_0_029,0.937530517578125,V0 Direct (single-scale),A,0.9964511394500732,2.0,A,0
A_0_030,0.7000776529312134,V0 Direct (single-scale),A,0.7690683603286743,2.0,A,0
A_0_031,0.04884440824389458,V0 Direct (single-scale),A,0.0046164896339178085,0.0,A,0
A_0_032,0.15841738879680634,V0 Direct (single-scale),A,0.06394141912460327,0.0,A,0
A_0_033,0.5450097918510437,V0 Direct (single-scale),A,0.10585405677556992,1.0,A,0
A_0_034,0.4115811288356781,V0 Direct (single-scale),A,0.2690421938896179,0.0,A,0
A_0_035,0.6217465996742249,V0 Direct (single-scale),A,0.742030680179596,2.0,A,0
A_0_036,0.32752907276153564,V0 Direct (single-scale),A,0.4469836950302124,0.0,A,0
A_0_037,0.8686100840568542,V0 Direct (single-scale),A,0.9320632815361023,2.0,A,0
A_0_038,0.7103177309036255,V0 Direct (single-scale),A,0.11189105361700058,1.0,A,0
A_0_039,0.6140583157539368,V0 Direct (single-scale),A,0.5738134980201721,2.0,A,0
A_0_040,0.7630141973495483,V0 Direct (single-scale),A,0.7988383769989014,2.0,A,0
A_0_041,0.37998801469802856,V0 Direct (single-scale),A,0.004197670612484217,1.0,A,0
A_0_042,0.43656623363494873,V0 Direct (single-scale),A,0.28008636832237244,0.0,A,0
A_0_043,0.3516429364681244,V0 Direct (single-scale),A,0.1770738661289215,0.0,A,0
A_0_044,0.1219194158911705,V0 Direct (single-scale),A,0.03527481108903885,0.0,A,0
A_0_045,0.7780829071998596,V0 Direct (single-scale),A,0.8670310974121094,2.0,A,0
A_0_046,0.9538218975067139,V0 Direct (single-scale),A,0.9870879650115967,2.0,A,0
A_0_047,0.7918575406074524,V0 Direct (single-scale),A,0.19076299667358398,1.0,A,0
A_0_048,0.6216045022010803,V0 Direct (single-scale),A,0.4955911934375763,0.0,A,0
A_0_049,0.1845165193080902,V0 Direct (single-scale),A,0.015060678124427795,0.0,A,0
A_2_000,0.9999080896377563,V1 Student CE-only,A,0.9999080896377563,2.0,A,2
A_2_001,0.9999841451644897,V1 Student CE-only,A,0.9999841451644897,2.0,A,2
A_2_002,0.9999997615814209,V1 Student CE-only,A,0.9999997615814209,2.0,A,2
A_2_003,0.9999983310699463,V1 Student CE-only,A,0.9999983310699463,2.0,A,2
A_2_004,0.9981063604354858,V1 Student CE-only,A,0.9981063604354858,2.0,A,2
A_2_005,0.9973679184913635,V1 Student CE-only,A,0.9973679184913635,2.0,A,2
A_2_006,0.9999909400939941,V1 Student CE-only,A,0.9999909400939941,2.0,A,2
A_2_007,0.9980607628822327,V1 Student CE-only,A,0.9980607628822327,2.0,A,2
A_2_008,0.999998927116394,V1 Student CE-only,A,0.999998927116394,2.0,A,2
A_2_009,0.9999562501907349,V1 Student CE-only,A,0.9999562501907349,2.0,A,2
A_2_010,0.9999455213546753,V1 Student CE-only,A,0.9999455213546753,2.0,A,2
A_2_011,0.9945122003555298,V1 Student CE-only,A,0.9945122003555298,2.0,A,2
A_2_012,0.9999580383300781,V1 Student CE-only,A,0.9999580383300781,2.0,A,2
A_2_013,0.9999949932098389,V1 Student CE-only,A,0.9999949932098389,2.0,A,2
A_2_014,0.9998327493667603,V1 Student CE-only,A,0.9998327493667603,2.0,A,2
A_2_015,0.9999992847442627,V1 Student CE-only,A,0.9999992847442627,2.0,A,2
A_2_016,0.9999986886978149,V1 Student CE-only,A,0.9999986886978149,2.0,A,2
A_2_017,0.999998927116394,V1 Student CE-only,A,0.999998927116394,2.0,A,2
A_2_018,0.9973504543304443,V1 Student CE-only,A,0.9973504543304443,2.0,A,2
A_2_019,0.9999998807907104,V1 Student CE-only,A,0.9999998807907104,2.0,A,2
A_2_020,0.9999994039535522,V1 Student CE-only,A,0.9999994039535522,2.0,A,2
A_2_021,0.958561360836029,V1 Student CE-only,A,0.958561360836029,2.0,A,2
A_2_022,0.9999991655349731,V1 Student CE-only,A,0.9999991655349731,2.0,A,2
A_2_023,0.9999997615814209,V1 Student CE-only,A,0.9999997615814209,2.0,A,2
A_2_024,0.9999983310699463,V1 Student CE-only,A,0.9999983310699463,2.0,A,2
A_2_025,0.9998133778572083,V1 Student CE-only,A,0.9998133778572083,2.0,A,2
A_2_026,0.9999985694885254,V1 Student CE-only,A,0.9999985694885254,2.0,A,2
A_2_027,0.9617383480072021,V1 Student CE-only,A,0.9617383480072021,2.0,A,2
A_2_028,0.9997771382331848,V1 Student CE-only,A,0.9997771382331848,2.0,A,2
A_2_029,0.9971191883087158,V1 Student CE-only,A,0.9971191883087158,2.0,A,2
A_2_030,0.9999880790710449,V1 Student CE-only,A,0.9999880790710449,2.0,A,2
A_2_031,0.8554145097732544,V1 Student CE-only,A,0.8554145097732544,2.0,A,2
A_2_032,0.999796450138092,V1 Student CE-only,A,0.999796450138092,2.0,A,2
A_2_033,0.6382829546928406,V1 Student CE-only,A,0.6382829546928406,2.0,A,2
A_2_034,0.9999992847442627,V1 Student CE-only,A,0.9999992847442627,2.0,A,2
A_2_035,0.9999980926513672,V1 Student CE-only,A,0.9999980926513672,2.0,A,2
A_2_036,0.9999991655349731,V1 Student CE-only,A,0.9999991655349731,2.0,A,2
A_2_037,0.999998927116394,V1 Student CE-only,A,0.999998927116394,2.0,A,2
A_2_038,0.9979692101478577,V1 Student CE-only,A,0.9979692101478577,2.0,A,2
A_2_039,0.9996979236602783,V1 Student CE-only,A,0.9996979236602783,2.0,A,2
A_2_040,0.99998939037323,V1 Student CE-only,A,0.99998939037323,2.0,A,2
A_2_041,0.9999998807907104,V1 Student CE-only,A,0.9999998807907104,2.0,A,2
A_2_042,0.9999582767486572,V1 Student CE-only,A,0.9999582767486572,2.0,A,2
A_2_043,0.9999966621398926,V1 Student CE-only,A,0.9999966621398926,2.0,A,2
A_2_044,0.9999464750289917,V1 Student CE-only,A,0.9999464750289917,2.0,A,2
A_2_045,0.9924696087837219,V1 Student CE-only,A,0.9924696087837219,2.0,A,2
A_2_046,0.9975789189338684,V1 Student CE-only,A,0.9975789189338684,2.0,A,2
A_2_047,0.9999982118606567,V1 Student CE-only,A,0.9999982118606567,2.0,A,2
A_2_048,0.9996906518936157,V1 Student CE-only,A,0.9996906518936157,2.0,A,2
A_2_049,0.9999792575836182,V1 Student CE-only,A,0.9999792575836182,2.0,A,2
A_2_050,0.9999350309371948,V1 Student CE-only,A,0.9999350309371948,2.0,A,2
A_2_051,0.9999666213989258,V1 Student CE-only,A,0.9999666213989258,2.0,A,2
A_2_052,0.9999982118606567,V1 Student CE-only,A,0.9999982118606567,2.0,A,2
A_2_053,0.9999842643737793,V1 Student CE-only,A,0.9999842643737793,2.0,A,2
A_2_054,0.9999802112579346,V1 Student CE-only,A,0.9999802112579346,2.0,A,2
A_2_055,0.9999420642852783,V1 Student CE-only,A,0.9999420642852783,2.0,A,2
A_2_056,0.9999563694000244,V1 Student CE-only,A,0.9999563694000244,2.0,A,2
A_2_057,0.999994158744812,V1 Student CE-only,A,0.999994158744812,2.0,A,2
A_1_000,1.8173997418102772e-08,V1 Student CE-only,A,1.8173997418102772e-08,1.0,A,1
A_1_001,3.660368119717816e-10,V1 Student CE-only,A,3.660368119717816e-10,1.0,A,1
A_1_002,9.270493706026173e-09,V1 Student CE-only,A,9.270493706026173e-09,1.0,A,1
A_1_003,3.754878363793068e-08,V1 Student CE-only,A,3.754878363793068e-08,1.0,A,1
A_1_004,1.2682439098909981e-08,V1 Student CE-only,A,1.2682439098909981e-08,1.0,A,1
A_1_005,1.1674076150214319e-09,V1 Student CE-only,A,1.1674076150214319e-09,1.0,A,1
A_1_006,2.3883909307187423e-05,V1 Student CE-only,A,2.3883909307187423e-05,1.0,A,1
A_1_007,7.38986258852492e-08,V1 Student CE-only,A,7.38986258852492e-08,1.0,A,1
A_1_008,9.84493264688524e-10,V1 Student CE-only,A,9.84493264688524e-10,1.0,A,1
A_1_009,1.855771231129566e-10,V1 Student CE-only,A,1.855771231129566e-10,1.0,A,1
A_1_010,1.5087617839526501e-06,V1 Student CE-only,A,1.5087617839526501e-06,1.0,A,1
A_1_011,4.511802274009824e-07,V1 Student CE-only,A,4.511802274009824e-07,1.0,A,1
A_1_012,1.223093892832594e-08,V1 Student CE-only,A,1.223093892832594e-08,1.0,A,1
A_1_013,1.107621372398171e-08,V1 Student CE-only,A,1.107621372398171e-08,1.0,A,1
A_1_014,3.776492008000787e-09,V1 Student CE-only,A,3.776492008000787e-09,1.0,A,1
A_1_015,3.50667168913521e-11,V1 Student CE-only,A,3.50667168913521e-11,1.0,A,1
A_1_016,1.734705712408413e-09,V1 Student CE-only,A,1.734705712408413e-09,1.0,A,1
A_1_017,7.764251108710596e-08,V1 Student CE-only,A,7.764251108710596e-08,1.0,A,1
A_1_018,4.187405144850942e-10,V1 Student CE-only,A,4.187405144850942e-10,1.0,A,1
A_1_019,1.1424323709263717e-08,V1 Student CE-only,A,1.1424323709263717e-08,1.0,A,1
A_1_020,5.111166156979152e-09,V1 Student CE-only,A,5.111166156979152e-09,1.0,A,1
A_1_021,2.3424367100233212e-05,V1 Student CE-only,A,2.3424367100233212e-05,1.0,A,1
A_1_022,1.2170841001690746e-09,V1 Student CE-only,A,1.2170841001690746e-09,1.0,A,1
A_1_023,5.722279183828505e-07,V1 Student CE-only,A,5.722279183828505e-07,1.0,A,1
A_1_024,3.709258677986327e-08,V1 Student CE-only,A,3.709258677986327e-08,1.0,A,1
A_1_025,5.642542788564242e-08,V1 Student CE-only,A,5.642542788564242e-08,1.0,A,1
A_1_026,9.868359462927856e-10,V1 Student CE-only,A,9.868359462927856e-10,1.0,A,1
A_1_027,1.6990237838854227e-07,V1 Student CE-only,A,1.6990237838854227e-07,1.0,A,1
A_1_028,7.177114724754574e-08,V1 Student CE-only,A,7.177114724754574e-08,1.0,A,1
A_1_029,4.8056272134999745e-06,V1 Student CE-only,A,4.8056272134999745e-06,1.0,A,1
A_1_030,7.817375191621068e-09,V1 Student CE-only,A,7.817375191621068e-09,1.0,A,1
A_1_031,2.0143662293747866e-09,V1 Student CE-only,A,2.0143662293747866e-09,1.0,A,1
A_1_032,5.132339886415593e-09,V1 Student CE-only,A,5.132339886415593e-09,1.0,A,1
A_1_033,2.8504432592058038e-08,V1 Student CE-only,A,2.8504432592058038e-08,1.0,A,1
A_1_034,2.1644366299256035e-08,V1 Student CE-only,A,2.1644366299256035e-08,1.0,A,1
A_1_035,5.5785097430316455e-08,V1 Student CE-only,A,5.5785097430316455e-08,1.0,A,1
A_1_036,1.5184534185586074e-11,V1 Student CE-only,A,1.5184534185586074e-11,1.0,A,1
A_1_037,5.101740043755854e-07,V1 Student CE-only,A,5.101740043755854e-07,1.0,A,1
A_1_038,7.127455319277942e-07,V1 Student CE-only,A,7.127455319277942e-07,1.0,A,1
A_1_039,6.076196950743906e-05,V1 Student CE-only,A,6.076196950743906e-05,1.0,A,1
A_1_040,4.208872184108259e-08,V1 Student CE-only,A,4.208872184108259e-08,1.0,A,1
A_1_041,4.165116843068972e-05,V1 Student CE-only,A,4.165116843068972e-05,1.0,A,1
A_1_042,9.386259591792623e-08,V1 Student CE-only,A,9.386259591792623e-08,1.0,A,1
A_1_043,7.123855993995676e-08,V1 Student CE-only,A,7.123855993995676e-08,1.0,A,1
A_1_044,3.0483404316328233e-06,V1 Student CE-only,A,3.0483404316328233e-06,1.0,A,1
A_1_045,5.894678078988136e-10,V1 Student CE-only,A,5.894678078988136e-10,1.0,A,1
A_1_046,1.1976466112173512e-06,V1 Student CE-only,A,1.1976466112173512e-06,1.0,A,1
A_1_047,7.316370842502806e-10,V1 Student CE-only,A,7.316370842502806e-10,1.0,A,1
A_1_048,0.0007203625864349306,V1 Student CE-only,A,0.0007203625864349306,1.0,A,1
A_1_049,9.716962345862612e-09,V1 Student CE-only,A,9.716962345862612e-09,1.0,A,1
A_1_050,4.553891930214604e-09,V1 Student CE-only,A,4.553891930214604e-09,1.0,A,1
A_1_051,3.1230797947756628e-09,V1 Student CE-only,A,3.1230797947756628e-09,1.0,A,1
A_1_052,7.428582055046817e-11,V1 Student CE-only,A,7.428582055046817e-11,1.0,A,1
A_1_053,5.690072057973339e-08,V1 Student CE-only,A,5.690072057973339e-08,1.0,A,1
A_1_054,8.051265765196547e-10,V1 Student CE-only,A,8.051265765196547e-10,1.0,A,1
A_1_055,1.1850410146507784e-06,V1 Student CE-only,A,1.1850410146507784e-06,1.0,A,1
A_1_056,2.940022669761788e-10,V1 Student CE-only,A,2.940022669761788e-10,1.0,A,1
A_1_057,4.5027842787703776e-08,V1 Student CE-only,A,4.5027842787703776e-08,1.0,A,1
A_1_058,5.9363724176364485e-06,V1 Student CE-only,A,5.9363724176364485e-06,1.0,A,1
A_1_059,1.6013684600579836e-08,V1 Student CE-only,A,1.6013684600579836e-08,1.0,A,1
A_1_060,1.449014380705549e-10,V1 Student CE-only,A,1.449014380705549e-10,1.0,A,1
A_1_061,8.243376470318253e-08,V1 Student CE-only,A,8.243376470318253e-08,1.0,A,1
A_1_062,8.93394371814793e-06,V1 Student CE-only,A,8.93394371814793e-06,1.0,A,1
A_1_063,1.4195167068464798e-06,V1 Student CE-only,A,1.4195167068464798e-06,1.0,A,1
A_1_064,1.423628646080033e-07,V1 Student CE-only,A,1.423628646080033e-07,1.0,A,1
A_1_065,9.444453032136924e-12,V1 Student CE-only,A,9.444453032136924e-12,1.0,A,1
A_1_066,1.6095136334826066e-09,V1 Student CE-only,A,1.6095136334826066e-09,1.0,A,1
A_1_067,4.04740095605316e-11,V1 Student CE-only,A,4.04740095605316e-11,1.0,A,1
A_1_068,8.531003681255811e-11,V1 Student CE-only,A,8.531003681255811e-11,1.0,A,1
A_1_069,4.785066121115733e-09,V1 Student CE-only,A,4.785066121115733e-09,1.0,A,1
A_1_070,5.6981144247458815e-09,V1 Student CE-only,A,5.6981144247458815e-09,1.0,A,1
A_1_071,1.3782381813598477e-07,V1 Student CE-only,A,1.3782381813598477e-07,1.0,A,1
A_1_072,5.154457305422966e-09,V1 Student CE-only,A,5.154457305422966e-09,1.0,A,1
A_0_000,0.004867136478424072,V1 Student CE-only,A,0.004867136478424072,0.0,A,0
A_0_001,0.005888841114938259,V1 Student CE-only,A,0.005888841114938259,0.0,A,0
A_0_002,0.02364048920571804,V1 Student CE-only,A,0.02364048920571804,0.0,A,0
A_0_003,0.03998618945479393,V1 Student CE-only,A,0.03998618945479393,0.0,A,0
A_0_004,0.008300485089421272,V1 Student CE-only,A,0.008300485089421272,0.0,A,0
A_0_005,0.0021129322703927755,V1 Student CE-only,A,0.0021129322703927755,0.0,A,0
A_0_006,0.07999251782894135,V1 Student CE-only,A,0.07999251782894135,0.0,A,0
A_0_007,0.0007112696184776723,V1 Student CE-only,A,0.0007112696184776723,0.0,A,0
A_0_008,0.006830958183854818,V1 Student CE-only,A,0.006830958183854818,0.0,A,0
A_0_009,0.02756667137145996,V1 Student CE-only,A,0.02756667137145996,0.0,A,0
A_0_010,0.01023053377866745,V1 Student CE-only,A,0.01023053377866745,0.0,A,0
A_0_011,0.009527256712317467,V1 Student CE-only,A,0.009527256712317467,0.0,A,0
A_0_012,0.04080937057733536,V1 Student CE-only,A,0.04080937057733536,0.0,A,0
A_0_013,0.0020503313280642033,V1 Student CE-only,A,0.0020503313280642033,0.0,A,0
A_0_014,0.0031171764712780714,V1 Student CE-only,A,0.0031171764712780714,1.0,A,0
A_0_015,0.00036740422365255654,V1 Student CE-only,A,0.00036740422365255654,0.0,A,0
A_0_016,0.035090431571006775,V1 Student CE-only,A,0.035090431571006775,0.0,A,0
A_0_017,0.03507287800312042,V1 Student CE-only,A,0.03507287800312042,0.0,A,0
A_0_018,0.005675839260220528,V1 Student CE-only,A,0.005675839260220528,0.0,A,0
A_0_019,0.04528937116265297,V1 Student CE-only,A,0.04528937116265297,0.0,A,0
A_0_020,0.015542007982730865,V1 Student CE-only,A,0.015542007982730865,0.0,A,0
A_0_021,0.0020740206819027662,V1 Student CE-only,A,0.0020740206819027662,0.0,A,0
A_0_022,0.002111630979925394,V1 Student CE-only,A,0.002111630979925394,0.0,A,0
A_0_023,0.002400260418653488,V1 Student CE-only,A,0.002400260418653488,1.0,A,0
A_0_024,0.0018038839334622025,V1 Student CE-only,A,0.0018038839334622025,0.0,A,0
A_0_025,0.007796354591846466,V1 Student CE-only,A,0.007796354591846466,1.0,A,0
A_0_026,0.00027327187126502395,V1 Student CE-only,A,0.00027327187126502395,0.0,A,0
A_0_027,0.017767280340194702,V1 Student CE-only,A,0.017767280340194702,0.0,A,0
A_0_028,0.009333999827504158,V1 Student CE-only,A,0.009333999827504158,0.0,A,0
A_0_029,0.026202430948615074,V1 Student CE-only,A,0.026202430948615074,0.0,A,0
A_0_030,0.12237534672021866,V1 Student CE-only,A,0.12237534672021866,0.0,A,0
A_0_031,0.000355093099642545,V1 Student CE-only,A,0.000355093099642545,1.0,A,0
A_0_032,0.01971837691962719,V1 Student CE-only,A,0.01971837691962719,0.0,A,0
A_0_033,0.0075124166905879974,V1 Student CE-only,A,0.0075124166905879974,1.0,A,0
A_0_034,0.03368959203362465,V1 Student CE-only,A,0.03368959203362465,0.0,A,0
A_0_035,0.00694595230743289,V1 Student CE-only,A,0.00694595230743289,0.0,A,0
A_0_036,0.164430171251297,V1 Student CE-only,A,0.164430171251297,0.0,A,0
A_0_037,0.06487488746643066,V1 Student CE-only,A,0.06487488746643066,0.0,A,0
A_0_038,0.01412025187164545,V1 Student CE-only,A,0.01412025187164545,0.0,A,0
A_0_039,0.03200891613960266,V1 Student CE-only,A,0.03200891613960266,0.0,A,0
A_0_040,0.049253758043050766,V1 Student CE-only,A,0.049253758043050766,0.0,A,0
A_0_041,0.0005317438044585288,V1 Student CE-only,A,0.0005317438044585288,1.0,A,0
A_0_042,0.028904670849442482,V1 Student CE-only,A,0.028904670849442482,0.0,A,0
A_0_043,0.01984480582177639,V1 Student CE-only,A,0.01984480582177639,0.0,A,0
A_0_044,0.006978316232562065,V1 Student CE-only,A,0.006978316232562065,0.0,A,0
A_0_045,3.8181042327778414e-05,V1 Student CE-only,A,3.8181042327778414e-05,0.0,A,0
A_0_046,0.003125002607703209,V1 Student CE-only,A,0.003125002607703209,1.0,A,0
A_0_047,0.1517551690340042,V1 Student CE-only,A,0.1517551690340042,0.0,A,0
A_0_048,0.04134994000196457,V1 Student CE-only,A,0.04134994000196457,0.0,A,0
A_0_049,0.2005823254585266,V1 Student CE-only,A,0.2005823254585266,0.0,A,0
A_2_000,0.9999895095825195,V2 +logit KD,A,0.9999895095825195,2.0,A,2
A_2_001,0.9999998807907104,V2 +logit KD,A,0.9999998807907104,2.0,A,2
A_2_002,1.0,V2 +logit KD,A,1.0,2.0,A,2
A_2_003,0.9999997615814209,V2 +logit KD,A,0.9999997615814209,2.0,A,2
A_2_004,0.9999696016311646,V2 +logit KD,A,0.9999696016311646,2.0,A,2
A_2_005,0.9989792108535767,V2 +logit KD,A,0.9989792108535767,2.0,A,2
A_2_006,0.9999953508377075,V2 +logit KD,A,0.9999953508377075,2.0,A,2
A_2_007,0.9999916553497314,V2 +logit KD,A,0.9999916553497314,2.0,A,2
A_2_008,1.0,V2 +logit KD,A,1.0,2.0,A,2
A_2_009,0.9999996423721313,V2 +logit KD,A,0.9999996423721313,2.0,A,2
A_2_010,0.9999997615814209,V2 +logit KD,A,0.9999997615814209,2.0,A,2
A_2_011,0.999843955039978,V2 +logit KD,A,0.999843955039978,2.0,A,2
A_2_012,0.9999982118606567,V2 +logit KD,A,0.9999982118606567,2.0,A,2
A_2_013,0.9999828338623047,V2 +logit KD,A,0.9999828338623047,2.0,A,2
A_2_014,0.999991774559021,V2 +logit KD,A,0.999991774559021,2.0,A,2
A_2_015,1.0,V2 +logit KD,A,1.0,2.0,A,2
A_2_016,0.9999998807907104,V2 +logit KD,A,0.9999998807907104,2.0,A,2
A_2_017,1.0,V2 +logit KD,A,1.0,2.0,A,2
A_2_018,0.9979118704795837,V2 +logit KD,A,0.9979118704795837,2.0,A,2
A_2_019,1.0,V2 +logit KD,A,1.0,2.0,A,2
A_2_020,0.9999996423721313,V2 +logit KD,A,0.9999996423721313,2.0,A,2
A_2_021,0.9861006140708923,V2 +logit KD,A,0.9861006140708923,2.0,A,2
A_2_022,1.0,V2 +logit KD,A,1.0,2.0,A,2
A_2_023,1.0,V2 +logit KD,A,1.0,2.0,A,2
A_2_024,1.0,V2 +logit KD,A,1.0,2.0,A,2
A_2_025,0.9999992847442627,V2 +logit KD,A,0.9999992847442627,2.0,A,2
A_2_026,0.9999998807907104,V2 +logit KD,A,0.9999998807907104,2.0,A,2
A_2_027,0.9847950339317322,V2 +logit KD,A,0.9847950339317322,2.0,A,2
A_2_028,0.9999959468841553,V2 +logit KD,A,0.9999959468841553,2.0,A,2
A_2_029,0.9946461319923401,V2 +logit KD,A,0.9946461319923401,2.0,A,2
A_2_030,0.9999998807907104,V2 +logit KD,A,0.9999998807907104,2.0,A,2
A_2_031,0.9972134232521057,V2 +logit KD,A,0.9972134232521057,2.0,A,2
A_2_032,0.9996553659439087,V2 +logit KD,A,0.9996553659439087,2.0,A,2
A_2_033,0.9946140646934509,V2 +logit KD,A,0.9946140646934509,2.0,A,2
A_2_034,1.0,V2 +logit KD,A,1.0,2.0,A,2
A_2_035,1.0,V2 +logit KD,A,1.0,2.0,A,2
A_2_036,1.0,V2 +logit KD,A,1.0,2.0,A,2
A_2_037,1.0,V2 +logit KD,A,1.0,2.0,A,2
A_2_038,0.9999822378158569,V2 +logit KD,A,0.9999822378158569,2.0,A,2
A_2_039,0.9999959468841553,V2 +logit KD,A,0.9999959468841553,2.0,A,2
A_2_040,0.9999998807907104,V2 +logit KD,A,0.9999998807907104,2.0,A,2
A_2_041,1.0,V2 +logit KD,A,1.0,2.0,A,2
A_2_042,0.9999982118606567,V2 +logit KD,A,0.9999982118606567,2.0,A,2
A_2_043,0.9999974966049194,V2 +logit KD,A,0.9999974966049194,2.0,A,2
A_2_044,0.9999885559082031,V2 +logit KD,A,0.9999885559082031,2.0,A,2
A_2_045,0.9890411496162415,V2 +logit KD,A,0.9890411496162415,2.0,A,2
A_2_046,0.9999983310699463,V2 +logit KD,A,0.9999983310699463,2.0,A,2
A_2_047,1.0,V2 +logit KD,A,1.0,2.0,A,2
A_2_048,0.9999886751174927,V2 +logit KD,A,0.9999886751174927,2.0,A,2
A_2_049,1.0,V2 +logit KD,A,1.0,2.0,A,2
A_2_050,0.9999995231628418,V2 +logit KD,A,0.9999995231628418,2.0,A,2
A_2_051,0.9999953508377075,V2 +logit KD,A,0.9999953508377075,2.0,A,2
A_2_052,0.9999997615814209,V2 +logit KD,A,0.9999997615814209,2.0,A,2
A_2_053,0.9999998807907104,V2 +logit KD,A,0.9999998807907104,2.0,A,2
A_2_054,0.9999996423721313,V2 +logit KD,A,0.9999996423721313,2.0,A,2
A_2_055,0.9999998807907104,V2 +logit KD,A,0.9999998807907104,2.0,A,2
A_2_056,0.9999969005584717,V2 +logit KD,A,0.9999969005584717,2.0,A,2
A_2_057,0.9999934434890747,V2 +logit KD,A,0.9999934434890747,2.0,A,2
A_1_000,7.05603631079299e-11,V2 +logit KD,A,7.05603631079299e-11,1.0,A,1
A_1_001,7.319794726942663e-13,V2 +logit KD,A,7.319794726942663e-13,1.0,A,1
A_1_002,7.061471546387921e-11,V2 +logit KD,A,7.061471546387921e-11,1.0,A,1
A_1_003,2.6381985138157482e-11,V2 +logit KD,A,2.6381985138157482e-11,1.0,A,1
A_1_004,4.456893187843036e-11,V2 +logit KD,A,4.456893187843036e-11,1.0,A,1
A_1_005,3.925164501154127e-13,V2 +logit KD,A,3.925164501154127e-13,1.0,A,1
A_1_006,3.3385364872629e-07,V2 +logit KD,A,3.3385364872629e-07,1.0,A,1
A_1_007,2.7382030670652924e-11,V2 +logit KD,A,2.7382030670652924e-11,1.0,A,1
A_1_008,1.331979773873393e-12,V2 +logit KD,A,1.331979773873393e-12,1.0,A,1
A_1_009,4.591906282297442e-12,V2 +logit KD,A,4.591906282297442e-12,1.0,A,1
A_1_010,1.0697043251184368e-08,V2 +logit KD,A,1.0697043251184368e-08,1.0,A,1
A_1_011,5.1186836019789794e-11,V2 +logit KD,A,5.1186836019789794e-11,1.0,A,1
A_1_012,3.0997157965395594e-12,V2 +logit KD,A,3.0997157965395594e-12,1.0,A,1
A_1_013,2.6709759404219824e-11,V2 +logit KD,A,2.6709759404219824e-11,1.0,A,1
A_1_014,5.520456314300759e-10,V2 +logit KD,A,5.520456314300759e-10,1.0,A,1
A_1_015,1.471388386565381e-13,V2 +logit KD,A,1.471388386565381e-13,1.0,A,1
A_1_016,6.6260183104183135e-12,V2 +logit KD,A,6.6260183104183135e-12,1.0,A,1
A_1_017,4.354149263363638e-10,V2 +logit KD,A,4.354149263363638e-10,1.0,A,1
A_1_018,3.82669937404323e-11,V2 +logit KD,A,3.82669937404323e-11,1.0,A,1
A_1_019,4.1626393304516895e-11,V2 +logit KD,A,4.1626393304516895e-11,1.0,A,1
A_1_020,8.613949553648581e-10,V2 +logit KD,A,8.613949553648581e-10,1.0,A,1
A_1_021,3.1644458164947764e-09,V2 +logit KD,A,3.1644458164947764e-09,1.0,A,1
A_1_022,6.728357888202696e-12,V2 +logit KD,A,6.728357888202696e-12,1.0,A,1
A_1_023,3.4081866218116375e-09,V2 +logit KD,A,3.4081866218116375e-09,1.0,A,1
A_1_024,4.6613607071477325e-12,V2 +logit KD,A,4.6613607071477325e-12,1.0,A,1
A_1_025,4.434456003354209e-13,V2 +logit KD,A,4.434456003354209e-13,1.0,A,1
A_1_026,6.025505073191384e-14,V2 +logit KD,A,6.025505073191384e-14,1.0,A,1
A_1_027,1.4486215560438609e-09,V2 +logit KD,A,1.4486215560438609e-09,1.0,A,1
A_1_028,7.484270980739893e-09,V2 +logit KD,A,7.484270980739893e-09,1.0,A,1
A_1_029,2.280544642019322e-09,V2 +logit KD,A,2.280544642019322e-09,1.0,A,1
A_1_030,1.6767366661785132e-10,V2 +logit KD,A,1.6767366661785132e-10,1.0,A,1
A_1_031,5.2839655394210094e-12,V2 +logit KD,A,5.2839655394210094e-12,1.0,A,1
A_1_032,9.509571081978141e-12,V2 +logit KD,A,9.509571081978141e-12,1.0,A,1
A_1_033,2.951321695712772e-12,V2 +logit KD,A,2.951321695712772e-12,1.0,A,1
A_1_034,6.145093114917621e-12,V2 +logit KD,A,6.145093114917621e-12,1.0,A,1
A_1_035,1.1077164879802481e-10,V2 +logit KD,A,1.1077164879802481e-10,1.0,A,1
A_1_036,2.3450848298564152e-15,V2 +logit KD,A,2.3450848298564152e-15,1.0,A,1
A_1_037,9.174944137768648e-11,V2 +logit KD,A,9.174944137768648e-11,1.0,A,1
A_1_038,5.008648074067423e-08,V2 +logit KD,A,5.008648074067423e-08,1.0,A,1
A_1_039,3.3128115319414064e-05,V2 +logit KD,A,3.3128115319414064e-05,1.0,A,1
A_1_040,1.115481058217016e-11,V2 +logit KD,A,1.115481058217016e-11,1.0,A,1
A_1_041,1.504803037732927e-08,V2 +logit KD,A,1.504803037732927e-08,1.0,A,1
A_1_042,6.587010797920456e-11,V2 +logit KD,A,6.587010797920456e-11,1.0,A,1
A_1_043,9.40325151077559e-09,V2 +logit KD,A,9.40325151077559e-09,1.0,A,1
A_1_044,6.516552986113311e-08,V2 +logit KD,A,6.516552986113311e-08,1.0,A,1
A_1_045,1.5477964396271027e-11,V2 +logit KD,A,1.5477964396271027e-11,1.0,A,1
A_1_046,1.1031957569684891e-09,V2 +logit KD,A,1.1031957569684891e-09,1.0,A,1
A_1_047,6.6229422120145376e-12,V2 +logit KD,A,6.6229422120145376e-12,1.0,A,1
A_1_048,4.413440547068603e-05,V2 +logit KD,A,4.413440547068603e-05,1.0,A,1
A_1_049,4.320848540073641e-11,V2 +logit KD,A,4.320848540073641e-11,1.0,A,1
A_1_050,1.9040277167425845e-12,V2 +logit KD,A,1.9040277167425845e-12,1.0,A,1
A_1_051,5.910004473655417e-13,V2 +logit KD,A,5.910004473655417e-13,1.0,A,1
A_1_052,7.456689345847201e-13,V2 +logit KD,A,7.456689345847201e-13,1.0,A,1
A_1_053,7.952560832080735e-11,V2 +logit KD,A,7.952560832080735e-11,1.0,A,1
A_1_054,1.1311782760481393e-10,V2 +logit KD,A,1.1311782760481393e-10,1.0,A,1
A_1_055,6.265007956862689e-10,V2 +logit KD,A,6.265007956862689e-10,1.0,A,1
A_1_056,5.388930187505414e-12,V2 +logit KD,A,5.388930187505414e-12,1.0,A,1
A_1_057,3.5710404078237445e-10,V2 +logit KD,A,3.5710404078237445e-10,1.0,A,1
A_1_058,1.7567197119205957e-07,V2 +logit KD,A,1.7567197119205957e-07,1.0,A,1
A_1_059,7.018806976594183e-12,V2 +logit KD,A,7.018806976594183e-12,1.0,A,1
A_1_060,1.1516879463990826e-11,V2 +logit KD,A,1.1516879463990826e-11,1.0,A,1
A_1_061,6.40571484744612e-11,V2 +logit KD,A,6.40571484744612e-11,1.0,A,1
A_1_062,3.48768587343784e-08,V2 +logit KD,A,3.48768587343784e-08,1.0,A,1
A_1_063,3.028226336354578e-09,V2 +logit KD,A,3.028226336354578e-09,1.0,A,1
A_1_064,1.579642727733699e-08,V2 +logit KD,A,1.579642727733699e-08,1.0,A,1
A_1_065,1.0996562886081591e-14,V2 +logit KD,A,1.0996562886081591e-14,1.0,A,1
A_1_066,2.1818447249648612e-14,V2 +logit KD,A,2.1818447249648612e-14,1.0,A,1
A_1_067,3.50872492850898e-15,V2 +logit KD,A,3.50872492850898e-15,1.0,A,1
A_1_068,1.4197210030861274e-12,V2 +logit KD,A,1.4197210030861274e-12,1.0,A,1
A_1_069,1.402409872258703e-11,V2 +logit KD,A,1.402409872258703e-11,1.0,A,1
A_1_070,8.107831897183337e-13,V2 +logit KD,A,8.107831897183337e-13,1.0,A,1
A_1_071,2.480666505544349e-10,V2 +logit KD,A,2.480666505544349e-10,1.0,A,1
A_1_072,8.862818812183093e-11,V2 +logit KD,A,8.862818812183093e-11,1.0,A,1
A_0_000,0.00040297102532349527,V2 +logit KD,A,0.00040297102532349527,0.0,A,0
A_0_001,0.0006831094506196678,V2 +logit KD,A,0.0006831094506196678,0.0,A,0
A_0_002,0.013838177546858788,V2 +logit KD,A,0.013838177546858788,0.0,A,0
A_0_003,0.02779523842036724,V2 +logit KD,A,0.02779523842036724,0.0,A,0
A_0_004,0.0034579099155962467,V2 +logit KD,A,0.0034579099155962467,0.0,A,0
A_0_005,0.0004152521141804755,V2 +logit KD,A,0.0004152521141804755,0.0,A,0
A_0_006,0.3728521466255188,V2 +logit KD,A,0.3728521466255188,0.0,A,0
A_0_007,0.001638938207179308,V2 +logit KD,A,0.001638938207179308,0.0,A,0
A_0_008,0.0022745593450963497,V2 +logit KD,A,0.0022745593450963497,0.0,A,0
A_0_009,0.01040985994040966,V2 +logit KD,A,0.01040985994040966,0.0,A,0
A_0_010,0.0019964876119047403,V2 +logit KD,A,0.0019964876119047403,0.0,A,0
A_0_011,0.39437323808670044,V2 +logit KD,A,0.39437323808670044,0.0,A,0
A_0_012,0.0009332902263849974,V2 +logit KD,A,0.0009332902263849974,0.0,A,0
A_0_013,0.07398416101932526,V2 +logit KD,A,0.07398416101932526,0.0,A,0
A_0_014,0.0263365488499403,V2 +logit KD,A,0.0263365488499403,1.0,A,0
A_0_015,0.0002488957834430039,V2 +logit KD,A,0.0002488957834430039,0.0,A,0
A_0_016,0.06087881699204445,V2 +logit KD,A,0.06087881699204445,0.0,A,0
A_0_017,0.06142061576247215,V2 +logit KD,A,0.06142061576247215,0.0,A,0
A_0_018,0.0008360939100384712,V2 +logit KD,A,0.0008360939100384712,0.0,A,0
A_0_019,0.04572601988911629,V2 +logit KD,A,0.04572601988911629,0.0,A,0
A_0_020,0.009563140571117401,V2 +logit KD,A,0.009563140571117401,0.0,A,0
A_0_021,0.0038135494105517864,V2 +logit KD,A,0.0038135494105517864,0.0,A,0
A_0_022,0.0020604769233614206,V2 +logit KD,A,0.0020604769233614206,0.0,A,0
A_0_023,0.004669858142733574,V2 +logit KD,A,0.004669858142733574,0.0,A,0
A_0_024,0.0030892386566847563,V2 +logit KD,A,0.0030892386566847563,0.0,A,0
A_0_025,0.052672699093818665,V2 +logit KD,A,0.052672699093818665,0.0,A,0
A_0_026,0.00030662684002891183,V2 +logit KD,A,0.00030662684002891183,0.0,A,0
A_0_027,0.1521468162536621,V2 +logit KD,A,0.1521468162536621,0.0,A,0
A_0_028,0.004342849366366863,V2 +logit KD,A,0.004342849366366863,0.0,A,0
A_0_029,0.034402355551719666,V2 +logit KD,A,0.034402355551719666,0.0,A,0
A_0_030,0.12891654670238495,V2 +logit KD,A,0.12891654670238495,0.0,A,0
A_0_031,0.00019116257317364216,V2 +logit KD,A,0.00019116257317364216,1.0,A,0
A_0_032,0.027155768126249313,V2 +logit KD,A,0.027155768126249313,0.0,A,0
A_0_033,0.0021769185550510883,V2 +logit KD,A,0.0021769185550510883,1.0,A,0
A_0_034,0.18608365952968597,V2 +logit KD,A,0.18608365952968597,0.0,A,0
A_0_035,0.014026458375155926,V2 +logit KD,A,0.014026458375155926,0.0,A,0
A_0_036,0.15355364978313446,V2 +logit KD,A,0.15355364978313446,0.0,A,0
A_0_037,0.21130169928073883,V2 +logit KD,A,0.21130169928073883,0.0,A,0
A_0_038,0.1632753163576126,V2 +logit KD,A,0.1632753163576126,0.0,A,0
A_0_039,0.21120430529117584,V2 +logit KD,A,0.21120430529117584,0.0,A,0
A_0_040,0.0476904921233654,V2 +logit KD,A,0.0476904921233654,0.0,A,0
A_0_041,4.665945198212285e-06,V2 +logit KD,A,4.665945198212285e-06,1.0,A,0
A_0_042,0.04329545423388481,V2 +logit KD,A,0.04329545423388481,0.0,A,0
A_0_043,0.009449203498661518,V2 +logit KD,A,0.009449203498661518,0.0,A,0
A_0_044,0.0032850506249815226,V2 +logit KD,A,0.0032850506249815226,0.0,A,0
A_0_045,1.483277173974784e-06,V2 +logit KD,A,1.483277173974784e-06,1.0,A,0
A_0_046,0.0010238314280286431,V2 +logit KD,A,0.0010238314280286431,1.0,A,0
A_0_047,0.21990586817264557,V2 +logit KD,A,0.21990586817264557,0.0,A,0
A_0_048,0.1177622601389885,V2 +logit KD,A,0.1177622601389885,0.0,A,0
A_0_049,0.35012245178222656,V2 +logit KD,A,0.35012245178222656,0.0,A,0
A_2_000,0.9043949842453003,V3 +utility KD,A,1.0,2.0,A,2
A_2_001,0.9930210709571838,V3 +utility KD,A,1.0,2.0,A,2
A_2_002,0.986056923866272,V3 +utility KD,A,1.0,2.0,A,2
A_2_003,0.9805504083633423,V3 +utility KD,A,1.0,2.0,A,2
A_2_004,0.9241365194320679,V3 +utility KD,A,0.9999994039535522,2.0,A,2
A_2_005,0.8943491578102112,V3 +utility KD,A,0.9999996423721313,2.0,A,2
A_2_006,0.9959579110145569,V3 +utility KD,A,1.0,2.0,A,2
A_2_007,0.9739930033683777,V3 +utility KD,A,1.0,2.0,A,2
A_2_008,0.9878121018409729,V3 +utility KD,A,1.0,2.0,A,2
A_2_009,0.9938124418258667,V3 +utility KD,A,1.0,2.0,A,2
A_2_010,0.8611689805984497,V3 +utility KD,A,1.0,2.0,A,2
A_2_011,0.9321408867835999,V3 +utility KD,A,0.9999549388885498,2.0,A,2
A_2_012,0.7259625792503357,V3 +utility KD,A,0.9999998807907104,2.0,A,2
A_2_013,0.8413755297660828,V3 +utility KD,A,1.0,2.0,A,2
A_2_014,0.9340065717697144,V3 +utility KD,A,0.9999996423721313,2.0,A,2
A_2_015,0.9969897270202637,V3 +utility KD,A,1.0,2.0,A,2
A_2_016,0.9865955710411072,V3 +utility KD,A,1.0,2.0,A,2
A_2_017,0.9968339800834656,V3 +utility KD,A,1.0,2.0,A,2
A_2_018,0.6726248264312744,V3 +utility KD,A,0.9999902248382568,2.0,A,2
A_2_019,0.9976019263267517,V3 +utility KD,A,1.0,2.0,A,2
A_2_020,0.9931086301803589,V3 +utility KD,A,1.0,2.0,A,2
A_2_021,0.41653209924697876,V3 +utility KD,A,0.9949883222579956,2.0,A,2
A_2_022,0.9920835494995117,V3 +utility KD,A,1.0,2.0,A,2
A_2_023,0.9970985651016235,V3 +utility KD,A,1.0,2.0,A,2
A_2_024,0.9961752891540527,V3 +utility KD,A,1.0,2.0,A,2
A_2_025,0.955182671546936,V3 +utility KD,A,0.9999998807907104,2.0,A,2
A_2_026,0.9464589953422546,V3 +utility KD,A,1.0,2.0,A,2
A_2_027,0.3152242600917816,V3 +utility KD,A,0.9994810223579407,2.0,A,2
A_2_028,0.9205965399742126,V3 +utility KD,A,0.9999997615814209,2.0,A,2
A_2_029,0.7382212281227112,V3 +utility KD,A,0.9999055862426758,2.0,A,2
A_2_030,0.9836270809173584,V3 +utility KD,A,1.0,2.0,A,2
A_2_031,0.46592584252357483,V3 +utility KD,A,0.999914288520813,2.0,A,2
A_2_032,0.8594180941581726,V3 +utility KD,A,0.999994158744812,2.0,A,2
A_2_033,0.5419793128967285,V3 +utility KD,A,0.9671837687492371,2.0,A,2
A_2_034,0.9897867441177368,V3 +utility KD,A,1.0,2.0,A,2
A_2_035,0.9965842962265015,V3 +utility KD,A,1.0,2.0,A,2
A_2_036,0.9722259044647217,V3 +utility KD,A,1.0,2.0,A,2
A_2_037,0.9983048439025879,V3 +utility KD,A,1.0,2.0,A,2
A_2_038,0.9862567782402039,V3 +utility KD,A,0.9999996423721313,2.0,A,2
A_2_039,0.9918715953826904,V3 +utility KD,A,0.9999997615814209,2.0,A,2
A_2_040,0.994758665561676,V3 +utility KD,A,1.0,2.0,A,2
A_2_041,0.997849702835083,V3 +utility KD,A,1.0,2.0,A,2
A_2_042,0.9934125542640686,V3 +utility KD,A,1.0,2.0,A,2
A_2_043,0.9493546485900879,V3 +utility KD,A,1.0,2.0,A,2
A_2_044,0.902353048324585,V3 +utility KD,A,0.9999998807907104,2.0,A,2
A_2_045,0.8004145622253418,V3 +utility KD,A,0.9999426603317261,2.0,A,2
A_2_046,0.9228261709213257,V3 +utility KD,A,0.9999996423721313,2.0,A,2
A_2_047,0.9946633577346802,V3 +utility KD,A,1.0,2.0,A,2
A_2_048,0.9457120895385742,V3 +utility KD,A,1.0,2.0,A,2
A_2_049,0.9675622582435608,V3 +utility KD,A,0.9999998807907104,2.0,A,2
A_2_050,0.9717400074005127,V3 +utility KD,A,0.9999998807907104,2.0,A,2
A_2_051,0.9068248867988586,V3 +utility KD,A,0.9999997615814209,2.0,A,2
A_2_052,0.9927421808242798,V3 +utility KD,A,1.0,2.0,A,2
A_2_053,0.9849082231521606,V3 +utility KD,A,1.0,2.0,A,2
A_2_054,0.977508544921875,V3 +utility KD,A,1.0,2.0,A,2
A_2_055,0.9901195764541626,V3 +utility KD,A,1.0,2.0,A,2
A_2_056,0.9817281365394592,V3 +utility KD,A,1.0,2.0,A,2
A_2_057,0.8744847774505615,V3 +utility KD,A,1.0,2.0,A,2
A_1_000,0.09825979918241501,V3 +utility KD,A,6.092474080787724e-08,1.0,A,1
A_1_001,0.14910630881786346,V3 +utility KD,A,8.878596469141797e-11,1.0,A,1
A_1_002,0.36084115505218506,V3 +utility KD,A,2.3910425639428468e-08,1.0,A,1
A_1_003,0.07454873621463776,V3 +utility KD,A,1.8769709342336682e-08,1.0,A,1
A_1_004,0.5224480628967285,V3 +utility KD,A,3.1548992751595506e-08,1.0,A,1
A_1_005,0.12739647924900055,V3 +utility KD,A,4.755735805161976e-10,1.0,A,1
A_1_006,0.14382745325565338,V3 +utility KD,A,6.955092248972505e-05,1.0,A,1
A_1_007,0.13073475658893585,V3 +utility KD,A,5.2243990467104595e-08,1.0,A,1
A_1_008,0.14718087017536163,V3 +utility KD,A,1.7753137848686151e-10,1.0,A,1
A_1_009,0.21457841992378235,V3 +utility KD,A,2.6940755182280895e-10,1.0,A,1
A_1_010,0.22636565566062927,V3 +utility KD,A,4.016188540845178e-06,1.0,A,1
A_1_011,0.6084429025650024,V3 +utility KD,A,1.1579842066566925e-05,1.0,A,1
A_1_012,0.11762351542711258,V3 +utility KD,A,8.751187330346966e-09,1.0,A,1
A_1_013,0.025419393554329872,V3 +utility KD,A,1.7647384664698507e-09,1.0,A,1
A_1_014,0.1747739315032959,V3 +utility KD,A,1.811929450923344e-08,1.0,A,1
A_1_015,0.5153505802154541,V3 +utility KD,A,1.4028145312039442e-10,1.0,A,1
A_1_016,0.31157994270324707,V3 +utility KD,A,8.972182996558331e-09,1.0,A,1
A_1_017,0.25773516297340393,V3 +utility KD,A,1.01556469900288e-08,1.0,A,1
A_1_018,0.623729944229126,V3 +utility KD,A,1.1014000378395394e-08,1.0,A,1
A_1_019,0.3788195848464966,V3 +utility KD,A,1.3412167731985392e-07,1.0,A,1
A_1_020,0.5074760317802429,V3 +utility KD,A,1.1491543006059146e-07,1.0,A,1
A_1_021,0.23427395522594452,V3 +utility KD,A,5.269189387036022e-06,1.0,A,1
A_1_022,0.21194368600845337,V3 +utility KD,A,3.6336786357615836e-10,1.0,A,1
A_1_023,0.43098530173301697,V3 +utility KD,A,5.950485046923859e-06,1.0,A,1
A_1_024,0.045590292662382126,V3 +utility KD,A,5.233559008388511e-08,1.0,A,1
A_1_025,0.20872151851654053,V3 +utility KD,A,5.97038081195933e-08,1.0,A,1
A_1_026,0.17579211294651031,V3 +utility KD,A,5.6312246532463917e-11,1.0,A,1
A_1_027,0.0494869127869606,V3 +utility KD,A,5.253887636058607e-08,1.0,A,1
A_1_028,0.45215970277786255,V3 +utility KD,A,8.747849278734066e-06,1.0,A,1
A_1_029,0.6161099672317505,V3 +utility KD,A,3.088575613219291e-05,1.0,A,1
A_1_030,0.18541309237480164,V3 +utility KD,A,2.913443530871973e-08,1.0,A,1
A_1_031,0.2277614176273346,V3 +utility KD,A,4.1933534422611274e-10,1.0,A,1
A_1_032,0.2839561998844147,V3 +utility KD,A,8.255742045548686e-08,1.0,A,1
A_1_033,0.5641422271728516,V3 +utility KD,A,6.875604086076237e-09,1.0,A,1
A_1_034,0.19488070905208588,V3 +utility KD,A,2.4914109886253755e-08,1.0,A,1
A_1_035,0.12574848532676697,V3 +utility KD,A,1.2719000075378517e-08,1.0,A,1
A_1_036,0.14085163176059723,V3 +utility KD,A,1.4431036660794705e-12,1.0,A,1
A_1_037,0.1653747707605362,V3 +utility KD,A,1.0664931551218615e-06,1.0,A,1
A_1_038,0.40494439005851746,V3 +utility KD,A,4.3399785454312223e-07,1.0,A,1
A_1_039,0.10577976703643799,V3 +utility KD,A,8.374682511202991e-05,1.0,A,1
A_1_040,0.5807247161865234,V3 +utility KD,A,4.622378213525735e-08,1.0,A,1
A_1_041,0.07108771055936813,V3 +utility KD,A,2.153760306100594e-06,1.0,A,1
A_1_042,0.7536279559135437,V3 +utility KD,A,7.064316775995394e-08,1.0,A,1
A_1_043,0.12194295227527618,V3 +utility KD,A,5.96689844201137e-08,1.0,A,1
A_1_044,0.08330821245908737,V3 +utility KD,A,1.5183565665211063e-05,1.0,A,1
A_1_045,0.5744036436080933,V3 +utility KD,A,9.519390831158603e-10,1.0,A,1
A_1_046,0.35779163241386414,V3 +utility KD,A,1.4921874935680535e-06,1.0,A,1
A_1_047,0.4797894358634949,V3 +utility KD,A,1.1899370377932428e-08,1.0,A,1
A_1_048,0.6701081395149231,V3 +utility KD,A,0.002656257711350918,1.0,A,1
A_1_049,0.16940070688724518,V3 +utility KD,A,3.9202898705070766e-09,1.0,A,1
A_1_050,0.05964898690581322,V3 +utility KD,A,1.9256547745261088e-10,1.0,A,1
A_1_051,0.15144522488117218,V3 +utility KD,A,1.269920613111708e-09,1.0,A,1
A_1_052,0.04570795223116875,V3 +utility KD,A,2.7027715135408137e-11,1.0,A,1
A_1_053,0.46934884786605835,V3 +utility KD,A,2.389406574820896e-07,1.0,A,1
A_1_054,0.5663577914237976,V3 +utility KD,A,6.243362093982796e-08,1.0,A,1
A_1_055,0.4802487790584564,V3 +utility KD,A,6.243595180421835e-06,1.0,A,1
A_1_056,0.08615913987159729,V3 +utility KD,A,6.687039810771012e-11,1.0,A,1
A_1_057,0.6990994811058044,V3 +utility KD,A,3.320534460726776e-06,1.0,A,1
A_1_058,0.3388727605342865,V3 +utility KD,A,0.00010255077359033749,1.0,A,1
A_1_059,0.17152322828769684,V3 +utility KD,A,4.918507912066161e-08,1.0,A,1
A_1_060,0.08612124621868134,V3 +utility KD,A,1.0094346192257575e-10,1.0,A,1
A_1_061,0.5802673101425171,V3 +utility KD,A,1.4603683595737493e-08,1.0,A,1
A_1_062,0.21073108911514282,V3 +utility KD,A,0.00038585654692724347,1.0,A,1
A_1_063,0.2499161958694458,V3 +utility KD,A,9.237562608177541e-07,1.0,A,1
A_1_064,0.3821222484111786,V3 +utility KD,A,8.104710502720991e-08,1.0,A,1
A_1_065,0.5357791781425476,V3 +utility KD,A,3.7217301462888486e-10,1.0,A,1
A_1_066,0.33159440755844116,V3 +utility KD,A,1.9810719731339077e-10,1.0,A,1
A_1_067,0.3521973788738251,V3 +utility KD,A,2.1944107989058104e-11,1.0,A,1
A_1_068,0.3100975751876831,V3 +utility KD,A,7.354359898847918e-10,1.0,A,1
A_1_069,0.43302398920059204,V3 +utility KD,A,7.844796812150889e-08,1.0,A,1
A_1_070,0.5171293020248413,V3 +utility KD,A,9.524544708483518e-09,1.0,A,1
A_1_071,0.1389249563217163,V3 +utility KD,A,1.0181598781855428e-06,1.0,A,1
A_1_072,0.3791007399559021,V3 +utility KD,A,8.111455507275878e-09,1.0,A,1
A_0_000,0.14969195425510406,V3 +utility KD,A,0.0066138990223407745,0.0,A,0
A_0_001,0.05922427773475647,V3 +utility KD,A,0.0007952950545586646,0.0,A,0
A_0_002,0.07645637542009354,V3 +utility KD,A,0.007831132039427757,0.0,A,0
A_0_003,0.25644251704216003,V3 +utility KD,A,0.1662026345729828,0.0,A,0
A_0_004,0.04007405787706375,V3 +utility KD,A,0.001111537334509194,0.0,A,0
A_0_005,0.019416384398937225,V3 +utility KD,A,0.0007598911761306226,0.0,A,0
A_0_006,0.06945234537124634,V3 +utility KD,A,0.08455123007297516,0.0,A,0
A_0_007,0.008938520215451717,V3 +utility KD,A,0.00013090168067719787,1.0,A,0
A_0_008,0.08582159876823425,V3 +utility KD,A,0.007214434444904327,0.0,A,0
A_0_009,0.11852707713842392,V3 +utility KD,A,0.024862928315997124,0.0,A,0
A_0_010,0.1610906571149826,V3 +utility KD,A,0.00393504137173295,0.0,A,0
A_0_011,0.06925605237483978,V3 +utility KD,A,0.004945370834320784,0.0,A,0
A_0_012,0.174125537276268,V3 +utility KD,A,0.2854264974594116,0.0,A,0
A_0_013,0.015640748664736748,V3 +utility KD,A,0.0006562087801285088,0.0,A,0
A_0_014,0.7215448021888733,V3 +utility KD,A,0.07680438458919525,1.0,A,0
A_0_015,0.026083769276738167,V3 +utility KD,A,0.004636602010577917,0.0,A,0
A_0_016,0.10090836137533188,V3 +utility KD,A,0.6417334079742432,2.0,A,0
A_0_017,0.22788269817829132,V3 +utility KD,A,0.04587909206748009,0.0,A,0
A_0_018,0.028612345457077026,V3 +utility KD,A,0.0012750419555231929,0.0,A,0
A_0_019,0.04961489513516426,V3 +utility KD,A,0.0024952928069978952,0.0,A,0
A_0_020,0.1927194595336914,V3 +utility KD,A,0.26181623339653015,0.0,A,0
A_0_021,0.04065306484699249,V3 +utility KD,A,0.005435856059193611,0.0,A,0
A_0_022,0.04059026017785072,V3 +utility KD,A,0.00482594408094883,0.0,A,0
A_0_023,0.44495704770088196,V3 +utility KD,A,0.05799580737948418,0.0,A,0
A_0_024,0.05926758050918579,V3 +utility KD,A,0.0010241993004456162,0.0,A,0
A_0_025,0.29667574167251587,V3 +utility KD,A,0.015762751922011375,1.0,A,0
A_0_026,0.017421502619981766,V3 +utility KD,A,0.00015677277406211942,0.0,A,0
A_0_027,0.2072383314371109,V3 +utility KD,A,0.08231013268232346,0.0,A,0
A_0_028,0.041961852461099625,V3 +utility KD,A,0.011789928190410137,0.0,A,0
A_0_029,0.1631091684103012,V3 +utility KD,A,0.43782469630241394,0.0,A,0
A_0_030,0.15027858316898346,V3 +utility KD,A,0.3924183249473572,0.0,A,0
A_0_031,0.41138142347335815,V3 +utility KD,A,0.0009399047703482211,1.0,A,0
A_0_032,0.6260758638381958,V3 +utility KD,A,0.21137499809265137,0.0,A,0
A_0_033,0.5479419231414795,V3 +utility KD,A,0.014400701969861984,1.0,A,0
A_0_034,0.23983143270015717,V3 +utility KD,A,0.4404047131538391,0.0,A,0
A_0_035,0.08314980566501617,V3 +utility KD,A,0.01728896051645279,0.0,A,0
A_0_036,0.1837257742881775,V3 +utility KD,A,0.8961081504821777,2.0,A,0
A_0_037,0.268890380859375,V3 +utility KD,A,0.07417146116495132,0.0,A,0
A_0_038,0.127451092004776,V3 +utility KD,A,0.4270034432411194,0.0,A,0
A_0_039,0.19575269520282745,V3 +utility KD,A,0.028382744640111923,0.0,A,0
A_0_040,0.2611672878265381,V3 +utility KD,A,0.16925394535064697,0.0,A,0
A_0_041,0.023402919992804527,V3 +utility KD,A,0.000749229802750051,1.0,A,0
A_0_042,0.29143598675727844,V3 +utility KD,A,0.03827030211687088,0.0,A,0
A_0_043,0.11312563717365265,V3 +utility KD,A,0.042597681283950806,0.0,A,0
A_0_044,0.08228378742933273,V3 +utility KD,A,0.06230563297867775,0.0,A,0
A_0_045,0.014796142466366291,V3 +utility KD,A,2.264098839077633e-05,0.0,A,0
A_0_046,0.585307240486145,V3 +utility KD,A,0.10278110951185226,1.0,A,0
A_0_047,0.20812231302261353,V3 +utility KD,A,0.47426268458366394,0.0,A,0
A_0_048,0.5678203105926514,V3 +utility KD,A,0.14115019142627716,0.0,A,0
A_0_049,0.33098873496055603,V3 +utility KD,A,0.5845333933830261,2.0,A,0
A_2_000,0.9953988194465637,V4 full Student,A,0.9999963045120239,2.0,A,2
A_2_001,0.9995006322860718,V4 full Student,A,1.0,2.0,A,2
A_2_002,0.9999854564666748,V4 full Student,A,1.0,2.0,A,2
A_2_003,0.9998316764831543,V4 full Student,A,1.0,2.0,A,2
A_2_004,0.9983525276184082,V4 full Student,A,0.9999997615814209,2.0,A,2
A_2_005,0.9918445944786072,V4 full Student,A,0.9999984502792358,2.0,A,2
A_2_006,0.999922513961792,V4 full Student,A,1.0,2.0,A,2
A_2_007,0.9996621608734131,V4 full Student,A,1.0,2.0,A,2
A_2_008,0.999984860420227,V4 full Student,A,1.0,2.0,A,2
A_2_009,0.9976512789726257,V4 full Student,A,0.9999995231628418,2.0,A,2
A_2_010,0.9997311234474182,V4 full Student,A,1.0,2.0,A,2
A_2_011,0.9680793285369873,V4 full Student,A,0.9998216032981873,2.0,A,2
A_2_012,0.9824362993240356,V4 full Student,A,0.9999498128890991,2.0,A,2
A_2_013,0.9919849634170532,V4 full Student,A,0.9999995231628418,2.0,A,2
A_2_014,0.9984556436538696,V4 full Student,A,0.9999998807907104,2.0,A,2
A_2_015,0.9999188184738159,V4 full Student,A,1.0,2.0,A,2
A_2_016,0.9997552037239075,V4 full Student,A,1.0,2.0,A,2
A_2_017,0.9999849796295166,V4 full Student,A,1.0,2.0,A,2
A_2_018,0.9889376163482666,V4 full Student,A,0.9999148845672607,2.0,A,2
A_2_019,0.9999158382415771,V4 full Student,A,1.0,2.0,A,2
A_2_020,0.9999140501022339,V4 full Student,A,1.0,2.0,A,2
A_2_021,0.9550344347953796,V4 full Student,A,0.995933473110199,2.0,A,2
A_2_022,0.9996542930603027,V4 full Student,A,1.0,2.0,A,2
A_2_023,0.9999947547912598,V4 full Student,A,1.0,2.0,A,2
A_2_024,0.9996505975723267,V4 full Student,A,1.0,2.0,A,2
A_2_025,0.9986942410469055,V4 full Student,A,1.0,2.0,A,2
A_2_026,0.9973590970039368,V4 full Student,A,0.9999991655349731,2.0,A,2
A_2_027,0.8002986311912537,V4 full Student,A,0.9337757229804993,2.0,A,2
A_2_028,0.9943095445632935,V4 full Student,A,0.9999988079071045,2.0,A,2
A_2_029,0.9202211499214172,V4 full Student,A,0.9982661604881287,2.0,A,2
A_2_030,0.9999812841415405,V4 full Student,A,1.0,2.0,A,2
A_2_031,0.9242276549339294,V4 full Student,A,0.9961548447608948,2.0,A,2
A_2_032,0.9769858717918396,V4 full Student,A,0.9999372959136963,2.0,A,2
A_2_033,0.9413369297981262,V4 full Student,A,0.9998012185096741,2.0,A,2
A_2_034,0.9999377727508545,V4 full Student,A,1.0,2.0,A,2
A_2_035,0.9998056292533875,V4 full Student,A,1.0,2.0,A,2
A_2_036,0.9997376799583435,V4 full Student,A,1.0,2.0,A,2
A_2_037,0.9999841451644897,V4 full Student,A,1.0,2.0,A,2
A_2_038,0.9908058047294617,V4 full Student,A,0.999993085861206,2.0,A,2
A_2_039,0.9985325336456299,V4 full Student,A,1.0,2.0,A,2
A_2_040,0.9999192953109741,V4 full Student,A,1.0,2.0,A,2
A_2_041,0.9999992847442627,V4 full Student,A,1.0,2.0,A,2
A_2_042,0.9994471669197083,V4 full Student,A,1.0,2.0,A,2
A_2_043,0.9999151229858398,V4 full Student,A,1.0,2.0,A,2
A_2_044,0.9970752000808716,V4 full Student,A,0.9999998807907104,2.0,A,2
A_2_045,0.8585253953933716,V4 full Student,A,0.9941614270210266,2.0,A,2
A_2_046,0.9973288774490356,V4 full Student,A,0.9999988079071045,2.0,A,2
A_2_047,0.9999178647994995,V4 full Student,A,1.0,2.0,A,2
A_2_048,0.9962897300720215,V4 full Student,A,0.9999959468841553,2.0,A,2
A_2_049,0.9998592138290405,V4 full Student,A,1.0,2.0,A,2
A_2_050,0.9998581409454346,V4 full Student,A,1.0,2.0,A,2
A_2_051,0.9854977130889893,V4 full Student,A,0.9999936819076538,2.0,A,2
A_2_052,0.9982224106788635,V4 full Student,A,1.0,2.0,A,2
A_2_053,0.9998764991760254,V4 full Student,A,1.0,2.0,A,2
A_2_054,0.9984554052352905,V4 full Student,A,1.0,2.0,A,2
A_2_055,0.9999750852584839,V4 full Student,A,1.0,2.0,A,2
A_2_056,0.9992843270301819,V4 full Student,A,1.0,2.0,A,2
A_2_057,0.9908620119094849,V4 full Student,A,0.999993085861206,2.0,A,2
A_1_000,0.24300487339496613,V4 full Student,A,9.264405909092943e-10,1.0,A,1
A_1_001,0.46701207756996155,V4 full Student,A,2.3432150317304057e-12,1.0,A,1
A_1_002,0.2532312273979187,V4 full Student,A,1.1774438917200314e-06,1.0,A,1
A_1_003,0.19085218012332916,V4 full Student,A,2.026300337915586e-14,1.0,A,1
A_1_004,0.35900190472602844,V4 full Student,A,1.0438805375656557e-09,1.0,A,1
A_1_005,0.30231815576553345,V4 full Student,A,6.534392981132758e-14,1.0,A,1
A_1_006,0.2676873505115509,V4 full Student,A,1.9921944840461947e-05,1.0,A,1
A_1_007,0.5963802337646484,V4 full Student,A,1.167332560909201e-13,1.0,A,1
A_1_008,0.4338824152946472,V4 full Student,A,6.863792173517069e-11,1.0,A,1
A_1_009,0.21662287414073944,V4 full Student,A,5.147233008741259e-13,1.0,A,1
A_1_010,0.4446292221546173,V4 full Student,A,8.496058256923789e-08,1.0,A,1
A_1_011,0.5207412242889404,V4 full Student,A,2.0901754312812118e-14,1.0,A,1
A_1_012,0.23015059530735016,V4 full Student,A,2.225044828290182e-13,1.0,A,1
A_1_013,0.11400115489959717,V4 full Student,A,5.123721447120033e-10,1.0,A,1
A_1_014,0.18884316086769104,V4 full Student,A,1.2259376847012504e-10,1.0,A,1
A_1_015,0.2688201367855072,V4 full Student,A,3.5066099329794653e-12,1.0,A,1
A_1_016,0.30318763852119446,V4 full Student,A,1.3743696285206664e-11,1.0,A,1
A_1_017,0.34973347187042236,V4 full Student,A,2.1969006613886677e-09,1.0,A,1
A_1_018,0.2673594057559967,V4 full Student,A,1.6058396279383658e-10,1.0,A,1
A_1_019,0.5731383562088013,V4 full Student,A,9.011862783792068e-11,1.0,A,1
A_1_020,0.1540805995464325,V4 full Student,A,1.8076589185511693e-06,1.0,A,1
A_1_021,0.47603484988212585,V4 full Student,A,3.673781634461193e-08,1.0,A,1
A_1_022,0.2742544710636139,V4 full Student,A,9.659340688417117e-11,1.0,A,1
A_1_023,0.268451064825058,V4 full Student,A,2.110062471971652e-11,1.0,A,1
A_1_024,0.21100358664989471,V4 full Student,A,1.3088370665048643e-10,1.0,A,1
A_1_025,0.5137344002723694,V4 full Student,A,1.742469233137478e-12,1.0,A,1
A_1_026,0.6611294150352478,V4 full Student,A,2.0462554177133607e-14,1.0,A,1
A_1_027,0.0953408032655716,V4 full Student,A,3.662470882126456e-10,1.0,A,1
A_1_028,0.369764506816864,V4 full Student,A,6.09441119792109e-09,1.0,A,1
A_1_029,0.4242801368236542,V4 full Student,A,2.6949017670196973e-11,1.0,A,1
A_1_030,0.1436438411474228,V4 full Student,A,1.4962175942656586e-10,1.0,A,1
A_1_031,0.35579052567481995,V4 full Student,A,1.9961140379498588e-11,1.0,A,1
A_1_032,0.518064022064209,V4 full Student,A,1.8620913967389626e-15,1.0,A,1
A_1_033,0.2771870195865631,V4 full Student,A,2.0155807578525753e-10,1.0,A,1
A_1_034,0.5097869038581848,V4 full Student,A,3.2778233235709843e-15,1.0,A,1
A_1_035,0.4113379418849945,V4 full Student,A,5.996857455059512e-10,1.0,A,1
A_1_036,0.29954278469085693,V4 full Student,A,1.7316034541038336e-18,1.0,A,1
A_1_037,0.23032760620117188,V4 full Student,A,5.222920186620517e-12,1.0,A,1
A_1_038,0.2777729034423828,V4 full Student,A,7.98107976152096e-06,1.0,A,1
A_1_039,0.4641427993774414,V4 full Student,A,6.140462210169062e-05,1.0,A,1
A_1_040,0.43440961837768555,V4 full Student,A,7.363345501908147e-13,1.0,A,1
A_1_041,0.5211208462715149,V4 full Student,A,5.052114837589272e-10,1.0,A,1
A_1_042,0.2733898460865021,V4 full Student,A,2.4399023246246543e-08,1.0,A,1
A_1_043,0.43926119804382324,V4 full Student,A,2.306731403223239e-06,1.0,A,1
A_1_044,0.09380672127008438,V4 full Student,A,2.5217515187136996e-08,1.0,A,1
A_1_045,0.3521283268928528,V4 full Student,A,4.348622698914506e-13,1.0,A,1
A_1_046,0.4725117087364197,V4 full Student,A,1.4981882401343682e-08,1.0,A,1
A_1_047,0.5109739899635315,V4 full Student,A,1.2422395057054558e-10,1.0,A,1
A_1_048,0.21680107712745667,V4 full Student,A,4.259585330146365e-05,1.0,A,1
A_1_049,0.3384295701980591,V4 full Student,A,1.1776261077400818e-09,1.0,A,1
A_1_050,0.2184983491897583,V4 full Student,A,3.475951106197343e-16,1.0,A,1
A_1_051,0.626763641834259,V4 full Student,A,4.3334502652925266e-11,1.0,A,1
A_1_052,0.3288258910179138,V4 full Student,A,1.931629328873457e-14,1.0,A,1
A_1_053,0.2772722542285919,V4 full Student,A,1.4984583018851083e-10,1.0,A,1
A_1_054,0.7118675112724304,V4 full Student,A,1.2748871403012174e-10,1.0,A,1
A_1_055,0.4046115279197693,V4 full Student,A,1.5983531165275622e-10,1.0,A,1
A_1_056,0.505327045917511,V4 full Student,A,3.0593537685835726e-12,1.0,A,1
A_1_057,0.38077208399772644,V4 full Student,A,7.034789195614621e-09,1.0,A,1
A_1_058,0.3205527663230896,V4 full Student,A,7.868400189181557e-07,1.0,A,1
A_1_059,0.3828091323375702,V4 full Student,A,2.0274842189253045e-13,1.0,A,1
A_1_060,0.36965611577033997,V4 full Student,A,4.9992378292618156e-11,1.0,A,1
A_1_061,0.29645243287086487,V4 full Student,A,6.601690765231649e-14,1.0,A,1
A_1_062,0.5087288618087769,V4 full Student,A,3.201940756980548e-08,1.0,A,1
A_1_063,0.48093006014823914,V4 full Student,A,7.758827358372855e-09,1.0,A,1
A_1_064,0.31475475430488586,V4 full Student,A,7.808048962942848e-08,1.0,A,1
A_1_065,0.4929972290992737,V4 full Student,A,4.420103877095932e-13,1.0,A,1
A_1_066,0.3606652617454529,V4 full Student,A,5.146408472989084e-13,1.0,A,1
A_1_067,0.5241867303848267,V4 full Student,A,4.880529064951904e-17,1.0,A,1
A_1_068,0.5753606557846069,V4 full Student,A,1.7560149298198602e-12,1.0,A,1
A_1_069,0.4324229955673218,V4 full Student,A,4.483748008293764e-12,1.0,A,1
A_1_070,0.3181835412979126,V4 full Student,A,1.4187922538211328e-11,1.0,A,1
A_1_071,0.31793180108070374,V4 full Student,A,8.928158479193371e-08,1.0,A,1
A_1_072,0.47780725359916687,V4 full Student,A,6.268598108042506e-14,1.0,A,1
A_0_000,0.021227117627859116,V4 full Student,A,1.7794907762436196e-05,0.0,A,0
A_0_001,0.021604521200060844,V4 full Student,A,8.064372195804026e-06,0.0,A,0
A_0_002,0.06278286874294281,V4 full Student,A,4.891013304586522e-05,0.0,A,0
A_0_003,0.2786339819431305,V4 full Student,A,0.03250117227435112,0.0,A,0
A_0_004,0.0005180878797546029,V4 full Student,A,1.2972881657802304e-09,0.0,A,0
A_0_005,0.0025567146949470043,V4 full Student,A,8.949454510798205e-09,0.0,A,0
A_0_006,0.21433299779891968,V4 full Student,A,0.0011019982630386949,0.0,A,0
A_0_007,0.03853089362382889,V4 full Student,A,1.802742735890206e-05,0.0,A,0
A_0_008,0.13365520536899567,V4 full Student,A,0.0008359020575881004,0.0,A,0
A_0_009,0.30030694603919983,V4 full Student,A,8.191773667931557e-05,1.0,A,0
A_0_010,0.048444852232933044,V4 full Student,A,2.222547209385084e-06,0.0,A,0
A_0_011,0.03854723647236824,V4 full Student,A,3.056370042031631e-05,0.0,A,0
A_0_012,0.45797619223594666,V4 full Student,A,0.11221091449260712,0.0,A,0
A_0_013,0.010108091868460178,V4 full Student,A,2.510037575120805e-06,0.0,A,0
A_0_014,0.4901614785194397,V4 full Student,A,4.143970215864101e-07,1.0,A,0
A_0_015,0.15245245397090912,V4 full Student,A,0.0036941252183169127,0.0,A,0
A_0_016,0.023499635979533195,V4 full Student,A,3.879450105159776e-06,0.0,A,0
A_0_017,0.03801219165325165,V4 full Student,A,8.485563739668578e-05,0.0,A,0
A_0_018,0.2803187668323517,V4 full Student,A,0.007514812983572483,0.0,A,0
A_0_019,0.051349081099033356,V4 full Student,A,3.163850124110468e-05,0.0,A,0
A_0_020,0.11171379685401917,V4 full Student,A,0.025999633595347404,0.0,A,0
A_0_021,0.0033226124942302704,V4 full Student,A,2.0567961200868012e-07,0.0,A,0
A_0_022,0.007303185760974884,V4 full Student,A,2.327543713320779e-09,0.0,A,0
A_0_023,0.008823202922940254,V4 full Student,A,1.405592456649174e-06,0.0,A,0
A_0_024,0.05419193580746651,V4 full Student,A,0.00016532828158233315,0.0,A,0
A_0_025,0.3477543294429779,V4 full Student,A,0.0007971092709340155,1.0,A,0
A_0_026,0.0007400551694445312,V4 full Student,A,1.3653789904255476e-11,0.0,A,0
A_0_027,0.04713054746389389,V4 full Student,A,7.0410310399893206e-06,0.0,A,0
A_0_028,0.0843130424618721,V4 full Student,A,0.006560528185218573,0.0,A,0
A_0_029,0.5621010065078735,V4 full Student,A,0.6671047210693359,2.0,A,0
A_0_030,0.6443557143211365,V4 full Student,A,0.4947158098220825,0.0,A,0
A_0_031,0.2592197060585022,V4 full Student,A,0.0001750273077050224,1.0,A,0
A_0_032,0.2984262704849243,V4 full Student,A,0.019989894703030586,0.0,A,0
A_0_033,0.32502108812332153,V4 full Student,A,9.914286238199566e-06,1.0,A,0
A_0_034,0.036472585052251816,V4 full Student,A,1.5219077795336489e-05,0.0,A,0
A_0_035,0.004716332070529461,V4 full Student,A,1.2781684688434325e-07,0.0,A,0
A_0_036,0.2505152225494385,V4 full Student,A,0.012006783857941628,0.0,A,0
A_0_037,0.2031184285879135,V4 full Student,A,0.02540287747979164,0.0,A,0
A_0_038,0.23789052665233612,V4 full Student,A,0.002587628085166216,0.0,A,0
A_0_039,0.1354341059923172,V4 full Student,A,0.0033308390993624926,0.0,A,0
A_0_040,0.16710782051086426,V4 full Student,A,0.0022796024568378925,0.0,A,0
A_0_041,0.13800491392612457,V4 full Student,A,2.269099610430203e-07,1.0,A,0
A_0_042,0.1880744844675064,V4 full Student,A,0.008587694726884365,0.0,A,0
A_0_043,0.12319496273994446,V4 full Student,A,0.0016854796558618546,0.0,A,0
A_0_044,0.041904181241989136,V4 full Student,A,4.523245934251463e-06,0.0,A,0
A_0_045,0.04308835789561272,V4 full Student,A,4.273624369943718e-07,1.0,A,0
A_0_046,0.31271928548812866,V4 full Student,A,0.002465213881805539,1.0,A,0
A_0_047,0.21004678308963776,V4 full Student,A,0.0011780343484133482,0.0,A,0
A_0_048,0.13982699811458588,V4 full Student,A,0.0010809209197759628,0.0,A,0
A_0_049,0.4859269857406616,V4 full Student,A,0.5196800827980042,2.0,A,0
B_2_000,1.0,Teacher (privileged),B,,,B,2
B_2_001,0.9999997615814209,Teacher (privileged),B,,,B,2
B_2_002,1.0,Teacher (privileged),B,,,B,2
B_2_003,1.0,Teacher (privileged),B,,,B,2
B_2_004,1.0,Teacher (privileged),B,,,B,2
B_2_005,1.0,Teacher (privileged),B,,,B,2
B_2_006,1.0,Teacher (privileged),B,,,B,2
B_2_007,0.9999998807907104,Teacher (privileged),B,,,B,2
B_2_008,1.0,Teacher (privileged),B,,,B,2
B_2_009,1.0,Teacher (privileged),B,,,B,2
B_2_010,1.0,Teacher (privileged),B,,,B,2
B_2_011,1.0,Teacher (privileged),B,,,B,2
B_2_012,1.0,Teacher (privileged),B,,,B,2
B_2_013,1.0,Teacher (privileged),B,,,B,2
B_2_014,1.0,Teacher (privileged),B,,,B,2
B_2_015,1.0,Teacher (privileged),B,,,B,2
B_2_016,1.0,Teacher (privileged),B,,,B,2
B_2_017,1.0,Teacher (privileged),B,,,B,2
B_2_018,1.0,Teacher (privileged),B,,,B,2
B_2_019,1.0,Teacher (privileged),B,,,B,2
B_2_020,1.0,Teacher (privileged),B,,,B,2
B_2_021,1.0,Teacher (privileged),B,,,B,2
B_2_022,1.0,Teacher (privileged),B,,,B,2
B_2_023,1.0,Teacher (privileged),B,,,B,2
B_2_024,1.0,Teacher (privileged),B,,,B,2
B_2_025,1.0,Teacher (privileged),B,,,B,2
B_2_026,1.0,Teacher (privileged),B,,,B,2
B_2_027,1.0,Teacher (privileged),B,,,B,2
B_2_028,1.0,Teacher (privileged),B,,,B,2
B_2_029,1.0,Teacher (privileged),B,,,B,2
B_2_030,0.9999998807907104,Teacher (privileged),B,,,B,2
B_2_031,1.0,Teacher (privileged),B,,,B,2
B_2_032,1.0,Teacher (privileged),B,,,B,2
B_2_033,1.0,Teacher (privileged),B,,,B,2
B_2_034,1.0,Teacher (privileged),B,,,B,2
B_2_035,0.9999978542327881,Teacher (privileged),B,,,B,2
B_2_036,1.0,Teacher (privileged),B,,,B,2
B_2_037,1.0,Teacher (privileged),B,,,B,2
B_2_038,1.0,Teacher (privileged),B,,,B,2
B_2_039,1.0,Teacher (privileged),B,,,B,2
B_2_040,1.0,Teacher (privileged),B,,,B,2
B_2_041,1.0,Teacher (privileged),B,,,B,2
B_2_042,1.0,Teacher (privileged),B,,,B,2
B_2_043,1.0,Teacher (privileged),B,,,B,2
B_2_044,1.0,Teacher (privileged),B,,,B,2
B_2_045,1.0,Teacher (privileged),B,,,B,2
B_2_046,1.0,Teacher (privileged),B,,,B,2
B_2_047,1.0,Teacher (privileged),B,,,B,2
B_2_048,1.0,Teacher (privileged),B,,,B,2
B_2_049,1.0,Teacher (privileged),B,,,B,2
B_2_050,1.0,Teacher (privileged),B,,,B,2
B_2_051,1.0,Teacher (privileged),B,,,B,2
B_2_052,1.0,Teacher (privileged),B,,,B,2
B_2_053,1.0,Teacher (privileged),B,,,B,2
B_2_054,1.0,Teacher (privileged),B,,,B,2
B_2_055,1.0,Teacher (privileged),B,,,B,2
B_2_056,1.0,Teacher (privileged),B,,,B,2
B_2_057,1.0,Teacher (privileged),B,,,B,2
B_2_058,1.0,Teacher (privileged),B,,,B,2
B_2_059,1.0,Teacher (privileged),B,,,B,2
B_2_060,1.0,Teacher (privileged),B,,,B,2
B_2_061,1.0,Teacher (privileged),B,,,B,2
B_2_062,1.0,Teacher (privileged),B,,,B,2
B_2_063,1.0,Teacher (privileged),B,,,B,2
B_2_064,1.0,Teacher (privileged),B,,,B,2
B_2_065,1.0,Teacher (privileged),B,,,B,2
B_2_066,1.0,Teacher (privileged),B,,,B,2
B_2_067,0.9999998807907104,Teacher (privileged),B,,,B,2
B_2_068,1.0,Teacher (privileged),B,,,B,2
B_2_069,1.0,Teacher (privileged),B,,,B,2
B_2_070,1.0,Teacher (privileged),B,,,B,2
B_1_000,0.9995014667510986,Teacher (privileged),B,,,B,1
B_1_001,0.06112154945731163,Teacher (privileged),B,,,B,1
B_1_002,0.21259337663650513,Teacher (privileged),B,,,B,1
B_1_003,0.9998247027397156,Teacher (privileged),B,,,B,1
B_1_004,0.9999802112579346,Teacher (privileged),B,,,B,1
B_1_005,0.09105749428272247,Teacher (privileged),B,,,B,1
B_1_006,0.07239553332328796,Teacher (privileged),B,,,B,1
B_1_007,0.3720841705799103,Teacher (privileged),B,,,B,1
B_1_008,0.003210803959518671,Teacher (privileged),B,,,B,1
B_1_009,0.40181320905685425,Teacher (privileged),B,,,B,1
B_1_010,0.9999791383743286,Teacher (privileged),B,,,B,1
B_1_011,0.3768008053302765,Teacher (privileged),B,,,B,1
B_1_012,0.002561767352744937,Teacher (privileged),B,,,B,1
B_1_013,3.231885102650267e-06,Teacher (privileged),B,,,B,1
B_1_014,5.417856300482526e-06,Teacher (privileged),B,,,B,1
B_1_015,0.9993515610694885,Teacher (privileged),B,,,B,1
B_1_016,0.9993641972541809,Teacher (privileged),B,,,B,1
B_1_017,0.0016718592960387468,Teacher (privileged),B,,,B,1
B_1_018,0.06522537767887115,Teacher (privileged),B,,,B,1
B_1_019,0.9903045296669006,Teacher (privileged),B,,,B,1
B_1_020,0.17233876883983612,Teacher (privileged),B,,,B,1
B_1_021,0.9969323873519897,Teacher (privileged),B,,,B,1
B_1_022,0.05748264491558075,Teacher (privileged),B,,,B,1
B_1_023,0.9726893305778503,Teacher (privileged),B,,,B,1
B_1_024,0.9901551008224487,Teacher (privileged),B,,,B,1
B_1_025,0.9998458623886108,Teacher (privileged),B,,,B,1
B_1_026,0.910163164138794,Teacher (privileged),B,,,B,1
B_1_027,0.9697722792625427,Teacher (privileged),B,,,B,1
B_1_028,0.9711366891860962,Teacher (privileged),B,,,B,1
B_1_029,0.004534982144832611,Teacher (privileged),B,,,B,1
B_1_030,0.03779768571257591,Teacher (privileged),B,,,B,1
B_1_031,0.08977217227220535,Teacher (privileged),B,,,B,1
B_1_032,0.009493413381278515,Teacher (privileged),B,,,B,1
B_1_033,0.4731897711753845,Teacher (privileged),B,,,B,1
B_1_034,0.007687571458518505,Teacher (privileged),B,,,B,1
B_1_035,0.0005217412253841758,Teacher (privileged),B,,,B,1
B_1_036,0.7818170785903931,Teacher (privileged),B,,,B,1
B_1_037,0.00019846313807647675,Teacher (privileged),B,,,B,1
B_1_038,0.9999434947967529,Teacher (privileged),B,,,B,1
B_1_039,0.14952068030834198,Teacher (privileged),B,,,B,1
B_1_040,0.00023362872889265418,Teacher (privileged),B,,,B,1
B_1_041,0.560405433177948,Teacher (privileged),B,,,B,1
B_1_042,0.9993946552276611,Teacher (privileged),B,,,B,1
B_1_043,0.060956135392189026,Teacher (privileged),B,,,B,1
B_1_044,0.9991549253463745,Teacher (privileged),B,,,B,1
B_1_045,0.6908170580863953,Teacher (privileged),B,,,B,1
B_1_046,0.6745206117630005,Teacher (privileged),B,,,B,1
B_1_047,0.0011043156264349818,Teacher (privileged),B,,,B,1
B_1_048,0.9884576201438904,Teacher (privileged),B,,,B,1
B_1_049,0.9999926090240479,Teacher (privileged),B,,,B,1
B_1_050,0.0997994989156723,Teacher (privileged),B,,,B,1
B_1_051,0.0857321098446846,Teacher (privileged),B,,,B,1
B_1_052,0.636908769607544,Teacher (privileged),B,,,B,1
B_1_053,0.71882164478302,Teacher (privileged),B,,,B,1
B_1_054,0.5339885950088501,Teacher (privileged),B,,,B,1
B_1_055,0.673222005367279,Teacher (privileged),B,,,B,1
B_1_056,0.10567896068096161,Teacher (privileged),B,,,B,1
B_1_057,0.9056785106658936,Teacher (privileged),B,,,B,1
B_1_058,0.9996634721755981,Teacher (privileged),B,,,B,1
B_1_059,0.004087252542376518,Teacher (privileged),B,,,B,1
B_1_060,0.7385891675949097,Teacher (privileged),B,,,B,1
B_1_061,0.977003276348114,Teacher (privileged),B,,,B,1
B_1_062,0.9990899562835693,Teacher (privileged),B,,,B,1
B_1_063,0.07108838856220245,Teacher (privileged),B,,,B,1
B_1_064,0.8602708578109741,Teacher (privileged),B,,,B,1
B_1_065,8.285609510494396e-06,Teacher (privileged),B,,,B,1
B_1_066,0.0004645096487365663,Teacher (privileged),B,,,B,1
B_1_067,0.41437438130378723,Teacher (privileged),B,,,B,1
B_1_068,0.03751053288578987,Teacher (privileged),B,,,B,1
B_1_069,0.5520654320716858,Teacher (privileged),B,,,B,1
B_1_070,0.5775277614593506,Teacher (privileged),B,,,B,1
B_1_071,1.328361759078689e-05,Teacher (privileged),B,,,B,1
B_1_072,0.9976248145103455,Teacher (privileged),B,,,B,1
B_1_073,0.00014150414790492505,Teacher (privileged),B,,,B,1
B_1_074,0.9626389145851135,Teacher (privileged),B,,,B,1
B_1_075,0.9977826476097107,Teacher (privileged),B,,,B,1
B_1_076,0.9524786472320557,Teacher (privileged),B,,,B,1
B_1_077,0.9999068975448608,Teacher (privileged),B,,,B,1
B_1_078,0.9999252557754517,Teacher (privileged),B,,,B,1
B_1_079,0.5658308863639832,Teacher (privileged),B,,,B,1
B_1_080,0.3280673325061798,Teacher (privileged),B,,,B,1
B_1_081,0.010245473124086857,Teacher (privileged),B,,,B,1
B_1_082,4.140465989621589e-06,Teacher (privileged),B,,,B,1
B_1_083,0.9925804138183594,Teacher (privileged),B,,,B,1
B_1_084,0.4069764018058777,Teacher (privileged),B,,,B,1
B_1_085,0.9885050654411316,Teacher (privileged),B,,,B,1
B_1_086,0.16889268159866333,Teacher (privileged),B,,,B,1
B_1_087,0.15984420478343964,Teacher (privileged),B,,,B,1
B_1_088,0.9853910207748413,Teacher (privileged),B,,,B,1
B_1_089,0.9995323419570923,Teacher (privileged),B,,,B,1
B_1_090,0.020376009866595268,Teacher (privileged),B,,,B,1
B_1_091,3.409308919799514e-05,Teacher (privileged),B,,,B,1
B_1_092,0.8765313029289246,Teacher (privileged),B,,,B,1
B_1_093,0.051011163741350174,Teacher (privileged),B,,,B,1
B_1_094,0.017649637535214424,Teacher (privileged),B,,,B,1
B_0_000,7.495445930594258e-11,Teacher (privileged),B,,,B,0
B_0_001,4.4800643195230805e-07,Teacher (privileged),B,,,B,0
B_0_002,0.000644829822704196,Teacher (privileged),B,,,B,0
B_0_003,8.973686238533674e-10,Teacher (privileged),B,,,B,0
B_0_004,2.4396254957537167e-05,Teacher (privileged),B,,,B,0
B_0_005,2.7278929337626323e-06,Teacher (privileged),B,,,B,0
B_0_006,2.208323524044431e-09,Teacher (privileged),B,,,B,0
B_0_007,2.3428695783422882e-07,Teacher (privileged),B,,,B,0
B_0_008,2.8563389431468522e-09,Teacher (privileged),B,,,B,0
B_0_009,2.3184880664633978e-12,Teacher (privileged),B,,,B,0
B_0_010,9.579812498827778e-09,Teacher (privileged),B,,,B,0
B_0_011,1.598715789441485e-05,Teacher (privileged),B,,,B,0
B_0_012,1.6062662666627148e-07,Teacher (privileged),B,,,B,0
B_0_013,1.4162035988363186e-09,Teacher (privileged),B,,,B,0
B_0_014,1.0219645442399727e-11,Teacher (privileged),B,,,B,0
B_0_015,0.00027617448358796537,Teacher (privileged),B,,,B,0
B_0_016,3.77616977687012e-08,Teacher (privileged),B,,,B,0
B_0_017,1.0027236853338284e-11,Teacher (privileged),B,,,B,0
B_0_018,1.2386702991432075e-12,Teacher (privileged),B,,,B,0
B_0_019,2.586857672515208e-10,Teacher (privileged),B,,,B,0
B_0_020,1.3343838872970082e-05,Teacher (privileged),B,,,B,0
B_0_021,9.076450664191951e-14,Teacher (privileged),B,,,B,0
B_0_022,4.523206371231936e-06,Teacher (privileged),B,,,B,0
B_0_023,1.0227644425819804e-10,Teacher (privileged),B,,,B,0
B_0_024,2.2602666405191485e-08,Teacher (privileged),B,,,B,0
B_0_025,1.469337325421538e-11,Teacher (privileged),B,,,B,0
B_0_026,5.931499202915802e-08,Teacher (privileged),B,,,B,0
B_0_027,2.473504139288707e-07,Teacher (privileged),B,,,B,0
B_0_028,3.8942422203591676e-11,Teacher (privileged),B,,,B,0
B_0_029,0.00021659278718288988,Teacher (privileged),B,,,B,0
B_0_030,1.1503813179825073e-10,Teacher (privileged),B,,,B,0
B_0_031,6.806599034403504e-11,Teacher (privileged),B,,,B,0
B_0_032,1.3783982844017828e-09,Teacher (privileged),B,,,B,0
B_0_033,2.1019386231557746e-09,Teacher (privileged),B,,,B,0
B_0_034,5.905388157645408e-12,Teacher (privileged),B,,,B,0
B_0_035,1.0734974378607404e-13,Teacher (privileged),B,,,B,0
B_0_036,3.3818101097260467e-10,Teacher (privileged),B,,,B,0
B_0_037,2.5545664357196074e-06,Teacher (privileged),B,,,B,0
B_0_038,7.30140860966122e-12,Teacher (privileged),B,,,B,0
B_0_039,4.141072817986924e-09,Teacher (privileged),B,,,B,0
B_0_040,4.315829755796585e-07,Teacher (privileged),B,,,B,0
B_0_041,1.7452157408115454e-05,Teacher (privileged),B,,,B,0
B_0_042,6.236690808236744e-08,Teacher (privileged),B,,,B,0
B_0_043,1.294481449115592e-11,Teacher (privileged),B,,,B,0
B_0_044,9.510430665216063e-09,Teacher (privileged),B,,,B,0
B_0_045,5.434957870420476e-07,Teacher (privileged),B,,,B,0
B_0_046,6.84247041249364e-08,Teacher (privileged),B,,,B,0
B_0_047,0.0018770350143313408,Teacher (privileged),B,,,B,0
B_0_048,6.04750667321241e-08,Teacher (privileged),B,,,B,0
B_0_049,2.545473554160793e-11,Teacher (privileged),B,,,B,0
B_2_000,0.9996881484985352,V0 Direct (single-scale),B,0.9998641014099121,2.0,B,2
B_2_001,0.0001860518241301179,V0 Direct (single-scale),B,0.0008637794526293874,0.0,B,2
B_2_002,0.9997771382331848,V0 Direct (single-scale),B,0.9999827146530151,2.0,B,2
B_2_003,0.9999932050704956,V0 Direct (single-scale),B,0.9999984502792358,2.0,B,2
B_2_004,0.8231394290924072,V0 Direct (single-scale),B,0.37113261222839355,1.0,B,2
B_2_005,0.999852180480957,V0 Direct (single-scale),B,0.9997947812080383,2.0,B,2
B_2_006,0.5788339972496033,V0 Direct (single-scale),B,0.0019879036117345095,1.0,B,2
B_2_007,0.8319658637046814,V0 Direct (single-scale),B,0.49715837836265564,2.0,B,2
B_2_008,0.9999489784240723,V0 Direct (single-scale),B,0.9999862909317017,2.0,B,2
B_2_009,0.9696023464202881,V0 Direct (single-scale),B,0.9951255917549133,2.0,B,2
B_2_010,0.12564703822135925,V0 Direct (single-scale),B,6.671021765214391e-06,1.0,B,2
B_2_011,0.9985764026641846,V0 Direct (single-scale),B,0.9993423819541931,2.0,B,2
B_2_012,0.9998961687088013,V0 Direct (single-scale),B,0.9998074173927307,2.0,B,2
B_2_013,0.999618649482727,V0 Direct (single-scale),B,0.999969482421875,2.0,B,2
B_2_014,0.9987068176269531,V0 Direct (single-scale),B,0.9999295473098755,2.0,B,2
B_2_015,0.9998284578323364,V0 Direct (single-scale),B,0.9999833106994629,2.0,B,2
B_2_016,0.9052961468696594,V0 Direct (single-scale),B,0.31762033700942993,1.0,B,2
B_2_017,0.9310680031776428,V0 Direct (single-scale),B,0.9799849987030029,2.0,B,2
B_2_018,0.5259495973587036,V0 Direct (single-scale),B,0.04121067002415657,1.0,B,2
B_2_019,0.6581677198410034,V0 Direct (single-scale),B,0.00014212762471288443,1.0,B,2
B_2_020,0.5335047245025635,V0 Direct (single-scale),B,0.009719190187752247,1.0,B,2
B_2_021,0.11055060476064682,V0 Direct (single-scale),B,0.5109588503837585,2.0,B,2
B_2_022,0.9960719347000122,V0 Direct (single-scale),B,0.9927929639816284,2.0,B,2
B_2_023,0.9872974157333374,V0 Direct (single-scale),B,0.984623908996582,2.0,B,2
B_2_024,0.04105318710207939,V0 Direct (single-scale),B,8.619776781415567e-05,1.0,B,2
B_2_025,0.9435650110244751,V0 Direct (single-scale),B,0.9611413478851318,2.0,B,2
B_2_026,0.0004463138757273555,V0 Direct (single-scale),B,0.0013075873721390963,0.0,B,2
B_2_027,0.11330809444189072,V0 Direct (single-scale),B,0.06252549588680267,1.0,B,2
B_2_028,0.25925004482269287,V0 Direct (single-scale),B,4.681950304075144e-05,1.0,B,2
B_2_029,0.8332223296165466,V0 Direct (single-scale),B,0.1772141456604004,1.0,B,2
B_2_030,0.9341710805892944,V0 Direct (single-scale),B,0.9309265613555908,2.0,B,2
B_2_031,0.9968225955963135,V0 Direct (single-scale),B,0.9992740750312805,2.0,B,2
B_2_032,0.9960619807243347,V0 Direct (single-scale),B,0.9420897960662842,2.0,B,2
B_2_033,0.20298990607261658,V0 Direct (single-scale),B,1.5968460331805545e-07,1.0,B,2
B_2_034,0.6226896643638611,V0 Direct (single-scale),B,0.024754226207733154,1.0,B,2
B_2_035,0.6633066534996033,V0 Direct (single-scale),B,0.16073594987392426,1.0,B,2
B_2_036,0.5304581522941589,V0 Direct (single-scale),B,0.16123643517494202,1.0,B,2
B_2_037,0.5655176043510437,V0 Direct (single-scale),B,0.012838480994105339,1.0,B,2
B_2_038,0.9298089742660522,V0 Direct (single-scale),B,0.01686701364815235,1.0,B,2
B_2_039,0.15323762595653534,V0 Direct (single-scale),B,0.7079709768295288,2.0,B,2
B_2_040,0.46409448981285095,V0 Direct (single-scale),B,1.314783304451339e-08,1.0,B,2
B_2_041,0.9639826416969299,V0 Direct (single-scale),B,0.019322989508509636,1.0,B,2
B_2_042,0.9788601994514465,V0 Direct (single-scale),B,0.8819027543067932,2.0,B,2
B_2_043,0.9966565370559692,V0 Direct (single-scale),B,0.9997668862342834,2.0,B,2
B_2_044,0.7677958607673645,V0 Direct (single-scale),B,0.018811460584402084,1.0,B,2
B_2_045,0.999786913394928,V0 Direct (single-scale),B,0.9999493360519409,2.0,B,2
B_2_046,0.067116379737854,V0 Direct (single-scale),B,0.0033298414200544357,1.0,B,2
B_2_047,0.9884900450706482,V0 Direct (single-scale),B,0.996436357498169,2.0,B,2
B_2_048,0.0377555750310421,V0 Direct (single-scale),B,0.1619402915239334,0.0,B,2
B_2_049,0.9998630285263062,V0 Direct (single-scale),B,0.9984083771705627,2.0,B,2
B_2_050,0.9524267315864563,V0 Direct (single-scale),B,0.9483705759048462,2.0,B,2
B_2_051,0.9999562501907349,V0 Direct (single-scale),B,0.9999799728393555,2.0,B,2
B_2_052,0.2620526850223541,V0 Direct (single-scale),B,0.0002677697339095175,1.0,B,2
B_2_053,0.29855409264564514,V0 Direct (single-scale),B,0.0006151781999506056,1.0,B,2
B_2_054,0.4178866446018219,V0 Direct (single-scale),B,0.5968100428581238,2.0,B,2
B_2_055,0.24830326437950134,V0 Direct (single-scale),B,0.0085986889898777,1.0,B,2
B_2_056,0.6289897561073303,V0 Direct (single-scale),B,0.19552895426750183,1.0,B,2
B_2_057,0.7764496207237244,V0 Direct (single-scale),B,0.010010979138314724,1.0,B,2
B_2_058,0.9810570478439331,V0 Direct (single-scale),B,0.9723719358444214,2.0,B,2
B_2_059,2.238157549072639e-06,V0 Direct (single-scale),B,2.5713152354001068e-05,0.0,B,2
B_2_060,0.13567863404750824,V0 Direct (single-scale),B,3.960305548389442e-05,1.0,B,2
B_2_061,0.3551885187625885,V0 Direct (single-scale),B,7.691080099903047e-05,1.0,B,2
B_2_062,0.999904990196228,V0 Direct (single-scale),B,0.9996026158332825,2.0,B,2
B_2_063,0.03944898024201393,V0 Direct (single-scale),B,0.006555063650012016,0.0,B,2
B_2_064,0.9885469675064087,V0 Direct (single-scale),B,0.9396502375602722,2.0,B,2
B_2_065,0.5012470483779907,V0 Direct (single-scale),B,0.009637348353862762,1.0,B,2
B_2_066,2.9493924103007885e-07,V0 Direct (single-scale),B,8.353714292752557e-06,0.0,B,2
B_2_067,0.9239209294319153,V0 Direct (single-scale),B,0.7712211608886719,2.0,B,2
B_2_068,0.9711737036705017,V0 Direct (single-scale),B,0.8347271680831909,2.0,B,2
B_2_069,0.9941137433052063,V0 Direct (single-scale),B,0.9230769872665405,2.0,B,2
B_2_070,0.999344527721405,V0 Direct (single-scale),B,0.9995712637901306,2.0,B,2
B_1_000,0.1806066483259201,V0 Direct (single-scale),B,5.42409139825395e-09,1.0,B,1
B_1_001,0.4908801019191742,V0 Direct (single-scale),B,2.800768197630532e-05,1.0,B,1
B_1_002,0.9131328463554382,V0 Direct (single-scale),B,0.7845487594604492,2.0,B,1
B_1_003,0.9987767338752747,V0 Direct (single-scale),B,0.7778097987174988,2.0,B,1
B_1_004,0.0021874646190553904,V0 Direct (single-scale),B,0.00025019131135195494,1.0,B,1
B_1_005,0.24072904884815216,V0 Direct (single-scale),B,6.302620647602453e-08,1.0,B,1
B_1_006,0.27175283432006836,V0 Direct (single-scale),B,8.579379873197013e-09,1.0,B,1
B_1_007,0.2641766667366028,V0 Direct (single-scale),B,0.47768667340278625,2.0,B,1
B_1_008,0.9988269209861755,V0 Direct (single-scale),B,0.999901533126831,2.0,B,1
B_1_009,0.9998310804367065,V0 Direct (single-scale),B,0.999983549118042,2.0,B,1
B_1_010,0.7079996466636658,V0 Direct (single-scale),B,4.4149754074851444e-08,1.0,B,1
B_1_011,0.9684144258499146,V0 Direct (single-scale),B,0.9767168760299683,2.0,B,1
B_1_012,0.4830780625343323,V0 Direct (single-scale),B,2.2055284265576347e-09,1.0,B,1
B_1_013,0.8447405099868774,V0 Direct (single-scale),B,0.5818249583244324,2.0,B,1
B_1_014,0.4827793538570404,V0 Direct (single-scale),B,0.0022251808550208807,1.0,B,1
B_1_015,0.8242346048355103,V0 Direct (single-scale),B,1.379152399749728e-05,1.0,B,1
B_1_016,0.9355173110961914,V0 Direct (single-scale),B,0.8570457100868225,2.0,B,1
B_1_017,0.3033152222633362,V0 Direct (single-scale),B,0.000512395694386214,1.0,B,1
B_1_018,0.6023840308189392,V0 Direct (single-scale),B,9.916220733430237e-05,1.0,B,1
B_1_019,0.6623115539550781,V0 Direct (single-scale),B,3.7320035950472175e-09,1.0,B,1
B_1_020,0.8263309001922607,V0 Direct (single-scale),B,0.18145224452018738,1.0,B,1
B_1_021,0.9227991700172424,V0 Direct (single-scale),B,4.458296825760044e-05,1.0,B,1
B_1_022,0.5749974846839905,V0 Direct (single-scale),B,2.1021836801082827e-05,1.0,B,1
B_1_023,0.43873903155326843,V0 Direct (single-scale),B,9.432135811948683e-06,1.0,B,1
B_1_024,0.996587872505188,V0 Direct (single-scale),B,0.11811424046754837,1.0,B,1
B_1_025,0.5444039702415466,V0 Direct (single-scale),B,0.000233274360653013,1.0,B,1
B_1_026,0.989237904548645,V0 Direct (single-scale),B,0.10925843566656113,1.0,B,1
B_1_027,0.9999998807907104,V0 Direct (single-scale),B,1.0,2.0,B,1
B_1_028,0.24050834774971008,V0 Direct (single-scale),B,1.7500383087121207e-10,1.0,B,1
B_1_029,0.47928547859191895,V0 Direct (single-scale),B,5.535776034077365e-14,1.0,B,1
B_1_030,0.9564356207847595,V0 Direct (single-scale),B,0.9572160840034485,2.0,B,1
B_1_031,0.7116089463233948,V0 Direct (single-scale),B,1.4177217733113423e-10,1.0,B,1
B_1_032,0.4511343240737915,V0 Direct (single-scale),B,2.123465674230829e-05,1.0,B,1
B_1_033,0.37825489044189453,V0 Direct (single-scale),B,8.603500418757903e-07,1.0,B,1
B_1_034,0.6419392824172974,V0 Direct (single-scale),B,0.013262484222650528,1.0,B,1
B_1_035,0.43200308084487915,V0 Direct (single-scale),B,5.796469970675844e-09,1.0,B,1
B_1_036,0.22548682987689972,V0 Direct (single-scale),B,7.064138718426705e-10,1.0,B,1
B_1_037,0.6045371294021606,V0 Direct (single-scale),B,4.7013045332278125e-06,1.0,B,1
B_1_038,0.21369658410549164,V0 Direct (single-scale),B,6.0202950407983735e-05,1.0,B,1
B_1_039,0.6573966145515442,V0 Direct (single-scale),B,0.00012590795813594013,1.0,B,1
B_1_040,0.25895509123802185,V0 Direct (single-scale),B,1.7862454626538238e-08,1.0,B,1
B_1_041,0.5199692845344543,V0 Direct (single-scale),B,0.0001298391434829682,1.0,B,1
B_1_042,0.6961881518363953,V0 Direct (single-scale),B,0.031159618869423866,1.0,B,1
B_1_043,0.9666361808776855,V0 Direct (single-scale),B,0.00018931139493361115,1.0,B,1
B_1_044,0.791716456413269,V0 Direct (single-scale),B,4.975957494934846e-07,1.0,B,1
B_1_045,0.674670934677124,V0 Direct (single-scale),B,1.8835256923921406e-05,1.0,B,1
B_1_046,0.206354022026062,V0 Direct (single-scale),B,5.71257352532939e-09,1.0,B,1
B_1_047,0.02477082796394825,V0 Direct (single-scale),B,1.0584142273728503e-07,1.0,B,1
B_1_048,0.2665243148803711,V0 Direct (single-scale),B,1.5413525034091435e-05,1.0,B,1
B_1_049,0.2687622904777527,V0 Direct (single-scale),B,1.2284818717844814e-09,1.0,B,1
B_1_050,0.32431891560554504,V0 Direct (single-scale),B,2.0010494997113604e-12,1.0,B,1
B_1_051,0.45564523339271545,V0 Direct (single-scale),B,1.2649285174859415e-08,1.0,B,1
B_1_052,0.43273696303367615,V0 Direct (single-scale),B,4.1499524172650126e-07,1.0,B,1
B_1_053,0.455893874168396,V0 Direct (single-scale),B,2.4595785362180322e-05,1.0,B,1
B_1_054,0.9938615560531616,V0 Direct (single-scale),B,0.8617310523986816,2.0,B,1
B_1_055,0.9962642788887024,V0 Direct (single-scale),B,0.9980069994926453,2.0,B,1
B_1_056,0.5295850038528442,V0 Direct (single-scale),B,8.037861789489398e-07,1.0,B,1
B_1_057,0.8403789401054382,V0 Direct (single-scale),B,0.2771802246570587,1.0,B,1
B_1_058,0.5863914489746094,V0 Direct (single-scale),B,4.398293185658986e-06,1.0,B,1
B_1_059,0.9995823502540588,V0 Direct (single-scale),B,0.9990664124488831,2.0,B,1
B_1_060,0.5304385423660278,V0 Direct (single-scale),B,6.87769343699074e-08,1.0,B,1
B_1_061,0.9936841130256653,V0 Direct (single-scale),B,0.9982301592826843,2.0,B,1
B_1_062,0.9967279434204102,V0 Direct (single-scale),B,0.024446535855531693,1.0,B,1
B_1_063,0.3518058955669403,V0 Direct (single-scale),B,2.752109928838564e-10,1.0,B,1
B_1_064,0.13077545166015625,V0 Direct (single-scale),B,8.175588300218806e-05,1.0,B,1
B_1_065,0.5912723541259766,V0 Direct (single-scale),B,1.130841610574862e-05,1.0,B,1
B_1_066,0.5298759937286377,V0 Direct (single-scale),B,9.768226300366223e-05,1.0,B,1
B_1_067,0.01018546149134636,V0 Direct (single-scale),B,0.002610627096146345,0.0,B,1
B_1_068,0.4094308614730835,V0 Direct (single-scale),B,4.139914011602741e-08,1.0,B,1
B_1_069,0.5166184306144714,V0 Direct (single-scale),B,2.4161680656220597e-08,1.0,B,1
B_1_070,0.3008616864681244,V0 Direct (single-scale),B,5.031463246041312e-08,1.0,B,1
B_1_071,0.9960904717445374,V0 Direct (single-scale),B,0.9994953870773315,2.0,B,1
B_1_072,0.0006347358576022089,V0 Direct (single-scale),B,1.0773551650800073e-07,1.0,B,1
B_1_073,0.6254321932792664,V0 Direct (single-scale),B,0.0013493766309693456,1.0,B,1
B_1_074,0.6747428774833679,V0 Direct (single-scale),B,9.206177509213376e-08,1.0,B,1
B_1_075,0.9954753518104553,V0 Direct (single-scale),B,0.00608004629611969,1.0,B,1
B_1_076,0.44296297430992126,V0 Direct (single-scale),B,0.054594025015830994,1.0,B,1
B_1_077,0.4523809254169464,V0 Direct (single-scale),B,0.0005162914749234915,1.0,B,1
B_1_078,0.39153069257736206,V0 Direct (single-scale),B,1.1185717241346538e-08,1.0,B,1
B_1_079,0.49302706122398376,V0 Direct (single-scale),B,9.463877358939499e-05,1.0,B,1
B_1_080,0.9940962791442871,V0 Direct (single-scale),B,0.9828782081604004,2.0,B,1
B_1_081,0.984740674495697,V0 Direct (single-scale),B,0.46089038252830505,1.0,B,1
B_1_082,0.8631749749183655,V0 Direct (single-scale),B,0.062235016375780106,1.0,B,1
B_1_083,0.43962952494621277,V0 Direct (single-scale),B,0.08407274633646011,1.0,B,1
B_1_084,0.289315789937973,V0 Direct (single-scale),B,1.619200190594583e-10,1.0,B,1
B_1_085,0.353355348110199,V0 Direct (single-scale),B,5.164821459402447e-07,1.0,B,1
B_1_086,0.3043213486671448,V0 Direct (single-scale),B,4.890493073617108e-06,1.0,B,1
B_1_087,0.5224700570106506,V0 Direct (single-scale),B,1.5745932614663616e-05,1.0,B,1
B_1_088,0.609614372253418,V0 Direct (single-scale),B,5.1010407332796603e-05,1.0,B,1
B_1_089,0.42204251885414124,V0 Direct (single-scale),B,5.139733083581177e-11,1.0,B,1
B_1_090,5.056197593944489e-08,V0 Direct (single-scale),B,7.093832010696133e-08,0.0,B,1
B_1_091,0.9758579730987549,V0 Direct (single-scale),B,0.9970243573188782,2.0,B,1
B_1_092,0.09237638860940933,V0 Direct (single-scale),B,0.0029775211587548256,1.0,B,1
B_1_093,0.12675847113132477,V0 Direct (single-scale),B,2.969767047034111e-05,1.0,B,1
B_1_094,0.7969281673431396,V0 Direct (single-scale),B,0.22767016291618347,1.0,B,1
B_0_000,0.9678120613098145,V0 Direct (single-scale),B,0.9481092691421509,2.0,B,0
B_0_001,0.3469370901584625,V0 Direct (single-scale),B,0.001754083437845111,1.0,B,0
B_0_002,0.9979267120361328,V0 Direct (single-scale),B,0.9999402761459351,2.0,B,0
B_0_003,0.8937117457389832,V0 Direct (single-scale),B,0.9358850121498108,2.0,B,0
B_0_004,0.11507444083690643,V0 Direct (single-scale),B,0.778961181640625,2.0,B,0
B_0_005,0.03966234251856804,V0 Direct (single-scale),B,0.32364606857299805,0.0,B,0
B_0_006,0.43514424562454224,V0 Direct (single-scale),B,0.46539345383644104,1.0,B,0
B_0_007,0.6663703322410583,V0 Direct (single-scale),B,0.4030388593673706,1.0,B,0
B_0_008,0.012556178495287895,V0 Direct (single-scale),B,4.233873914927244e-05,1.0,B,0
B_0_009,0.9651148319244385,V0 Direct (single-scale),B,0.9554727077484131,2.0,B,0
B_0_010,0.999998927116394,V0 Direct (single-scale),B,0.9999945163726807,2.0,B,0
B_0_011,1.0,V0 Direct (single-scale),B,0.9999998807907104,2.0,B,0
B_0_012,0.005200252402573824,V0 Direct (single-scale),B,6.258646317292005e-05,1.0,B,0
B_0_013,0.03719737008213997,V0 Direct (single-scale),B,0.3180581331253052,0.0,B,0
B_0_014,0.07172926515340805,V0 Direct (single-scale),B,0.00019290646014269441,1.0,B,0
B_0_015,0.5162586569786072,V0 Direct (single-scale),B,0.8391790390014648,2.0,B,0
B_0_016,0.951439619064331,V0 Direct (single-scale),B,0.9691187143325806,2.0,B,0
B_0_017,0.5405973196029663,V0 Direct (single-scale),B,0.004245964344590902,1.0,B,0
B_0_018,0.01355058141052723,V0 Direct (single-scale),B,0.007302042096853256,0.0,B,0
B_0_019,0.9443740248680115,V0 Direct (single-scale),B,0.6568599939346313,2.0,B,0
B_0_020,0.9878805875778198,V0 Direct (single-scale),B,0.9947368502616882,2.0,B,0
B_0_021,0.7560602426528931,V0 Direct (single-scale),B,0.439098984003067,1.0,B,0
B_0_022,0.32663607597351074,V0 Direct (single-scale),B,0.06484879553318024,1.0,B,0
B_0_023,0.5509135127067566,V0 Direct (single-scale),B,3.533045287440473e-07,1.0,B,0
B_0_024,0.9900586009025574,V0 Direct (single-scale),B,0.998374342918396,2.0,B,0
B_0_025,0.194874107837677,V0 Direct (single-scale),B,0.04394803196191788,1.0,B,0
B_0_026,0.08890677243471146,V0 Direct (single-scale),B,8.715910371392965e-05,1.0,B,0
B_0_027,0.9969232678413391,V0 Direct (single-scale),B,0.9998458623886108,2.0,B,0
B_0_028,0.455803781747818,V0 Direct (single-scale),B,0.00012609298573806882,1.0,B,0
B_0_029,0.3771762549877167,V0 Direct (single-scale),B,9.881023288471624e-05,1.0,B,0
B_0_030,0.7274682521820068,V0 Direct (single-scale),B,0.044099289923906326,1.0,B,0
B_0_031,0.8970319628715515,V0 Direct (single-scale),B,0.19611947238445282,1.0,B,0
B_0_032,0.6049430966377258,V0 Direct (single-scale),B,0.2507692575454712,1.0,B,0
B_0_033,0.00018034980166703463,V0 Direct (single-scale),B,0.003162841545417905,0.0,B,0
B_0_034,0.09017840772867203,V0 Direct (single-scale),B,1.1385716334189055e-06,1.0,B,0
B_0_035,0.30240172147750854,V0 Direct (single-scale),B,5.456192719854869e-10,1.0,B,0
B_0_036,0.2505994141101837,V0 Direct (single-scale),B,0.018977610394358635,1.0,B,0
B_0_037,0.48222705721855164,V0 Direct (single-scale),B,0.0015059113502502441,1.0,B,0
B_0_038,0.9995385408401489,V0 Direct (single-scale),B,0.9998165965080261,2.0,B,0
B_0_039,0.8147455453872681,V0 Direct (single-scale),B,0.4997493028640747,2.0,B,0
B_0_040,0.613232433795929,V0 Direct (single-scale),B,0.9074501395225525,2.0,B,0
B_0_041,0.027565738186240196,V0 Direct (single-scale),B,0.04315539821982384,1.0,B,0
B_0_042,0.4658476412296295,V0 Direct (single-scale),B,0.00017972590285353363,1.0,B,0
B_0_043,0.03977324813604355,V0 Direct (single-scale),B,0.0020680150482803583,1.0,B,0
B_0_044,0.4594782590866089,V0 Direct (single-scale),B,0.18819963932037354,1.0,B,0
B_0_045,0.6655098795890808,V0 Direct (single-scale),B,0.0052031162194907665,1.0,B,0
B_0_046,0.7991496324539185,V0 Direct (single-scale),B,0.8073035478591919,2.0,B,0
B_0_047,0.9739120006561279,V0 Direct (single-scale),B,0.04397426173090935,1.0,B,0
B_0_048,0.6532864570617676,V0 Direct (single-scale),B,0.3364047706127167,1.0,B,0
B_0_049,0.5560860633850098,V0 Direct (single-scale),B,0.004606280941516161,1.0,B,0
B_2_000,0.9999998807907104,V1 Student CE-only,B,0.9999998807907104,2.0,B,2
B_2_001,0.9998103976249695,V1 Student CE-only,B,0.9998103976249695,2.0,B,2
B_2_002,0.9999992847442627,V1 Student CE-only,B,0.9999992847442627,2.0,B,2
B_2_003,0.9999995231628418,V1 Student CE-only,B,0.9999995231628418,2.0,B,2
B_2_004,0.9999996423721313,V1 Student CE-only,B,0.9999996423721313,2.0,B,2
B_2_005,0.9999998807907104,V1 Student CE-only,B,0.9999998807907104,2.0,B,2
B_2_006,0.99996018409729,V1 Student CE-only,B,0.99996018409729,2.0,B,2
B_2_007,0.4320734441280365,V1 Student CE-only,B,0.4320734441280365,2.0,B,2
B_2_008,1.0,V1 Student CE-only,B,1.0,2.0,B,2
B_2_009,0.9999959468841553,V1 Student CE-only,B,0.9999959468841553,2.0,B,2
B_2_010,0.9999997615814209,V1 Student CE-only,B,0.9999997615814209,2.0,B,2
B_2_011,1.0,V1 Student CE-only,B,1.0,2.0,B,2
B_2_012,0.999948263168335,V1 Student CE-only,B,0.999948263168335,2.0,B,2
B_2_013,1.0,V1 Student CE-only,B,1.0,2.0,B,2
B_2_014,0.999990701675415,V1 Student CE-only,B,0.999990701675415,2.0,B,2
B_2_015,0.9837203025817871,V1 Student CE-only,B,0.9837203025817871,2.0,B,2
B_2_016,0.9999995231628418,V1 Student CE-only,B,0.9999995231628418,2.0,B,2
B_2_017,1.0,V1 Student CE-only,B,1.0,2.0,B,2
B_2_018,0.9999984502792358,V1 Student CE-only,B,0.9999984502792358,2.0,B,2
B_2_019,0.9999741315841675,V1 Student CE-only,B,0.9999741315841675,2.0,B,2
B_2_020,0.9999871253967285,V1 Student CE-only,B,0.9999871253967285,2.0,B,2
B_2_021,0.9999707937240601,V1 Student CE-only,B,0.9999707937240601,2.0,B,2
B_2_022,0.9999998807907104,V1 Student CE-only,B,0.9999998807907104,2.0,B,2
B_2_023,0.9999983310699463,V1 Student CE-only,B,0.9999983310699463,2.0,B,2
B_2_024,1.0,V1 Student CE-only,B,1.0,2.0,B,2
B_2_025,0.9999668598175049,V1 Student CE-only,B,0.9999668598175049,2.0,B,2
B_2_026,1.0,V1 Student CE-only,B,1.0,2.0,B,2
B_2_027,0.9999998807907104,V1 Student CE-only,B,0.9999998807907104,2.0,B,2
B_2_028,0.9999998807907104,V1 Student CE-only,B,0.9999998807907104,2.0,B,2
B_2_029,0.9999991655349731,V1 Student CE-only,B,0.9999991655349731,2.0,B,2
B_2_030,0.9999688863754272,V1 Student CE-only,B,0.9999688863754272,2.0,B,2
B_2_031,1.0,V1 Student CE-only,B,1.0,2.0,B,2
B_2_032,1.0,V1 Student CE-only,B,1.0,2.0,B,2
B_2_033,0.9999998807907104,V1 Student CE-only,B,0.9999998807907104,2.0,B,2
B_2_034,0.999987006187439,V1 Student CE-only,B,0.999987006187439,2.0,B,2
B_2_035,0.9995231628417969,V1 Student CE-only,B,0.9995231628417969,2.0,B,2
B_2_036,0.9999998807907104,V1 Student CE-only,B,0.9999998807907104,2.0,B,2
B_2_037,0.9999978542327881,V1 Student CE-only,B,0.9999978542327881,2.0,B,2
B_2_038,0.9771848320960999,V1 Student CE-only,B,0.9771848320960999,2.0,B,2
B_2_039,0.9999992847442627,V1 Student CE-only,B,0.9999992847442627,2.0,B,2
B_2_040,1.0,V1 Student CE-only,B,1.0,2.0,B,2
B_2_041,0.9999967813491821,V1 Student CE-only,B,0.9999967813491821,2.0,B,2
B_2_042,1.0,V1 Student CE-only,B,1.0,2.0,B,2
B_2_043,0.9999996423721313,V1 Student CE-only,B,0.9999996423721313,2.0,B,2
B_2_044,0.9999997615814209,V1 Student CE-only,B,0.9999997615814209,2.0,B,2
B_2_045,0.9999241828918457,V1 Student CE-only,B,0.9999241828918457,2.0,B,2
B_2_046,1.0,V1 Student CE-only,B,1.0,2.0,B,2
B_2_047,0.999983549118042,V1 Student CE-only,B,0.999983549118042,2.0,B,2
B_2_048,0.9999887943267822,V1 Student CE-only,B,0.9999887943267822,2.0,B,2
B_2_049,0.5533628463745117,V1 Student CE-only,B,0.5533628463745117,2.0,B,2
B_2_050,0.9999998807907104,V1 Student CE-only,B,0.9999998807907104,2.0,B,2
B_2_051,0.9995494484901428,V1 Student CE-only,B,0.9995494484901428,2.0,B,2
B_2_052,0.9999998807907104,V1 Student CE-only,B,0.9999998807907104,2.0,B,2
B_2_053,0.9999995231628418,V1 Student CE-only,B,0.9999995231628418,2.0,B,2
B_2_054,0.9999996423721313,V1 Student CE-only,B,0.9999996423721313,2.0,B,2
B_2_055,1.0,V1 Student CE-only,B,1.0,2.0,B,2
B_2_056,1.0,V1 Student CE-only,B,1.0,2.0,B,2
B_2_057,0.9999949932098389,V1 Student CE-only,B,0.9999949932098389,2.0,B,2
B_2_058,0.9999998807907104,V1 Student CE-only,B,0.9999998807907104,2.0,B,2
B_2_059,0.9999885559082031,V1 Student CE-only,B,0.9999885559082031,2.0,B,2
B_2_060,0.9998955726623535,V1 Student CE-only,B,0.9998955726623535,2.0,B,2
B_2_061,0.9999998807907104,V1 Student CE-only,B,0.9999998807907104,2.0,B,2
B_2_062,0.9999998807907104,V1 Student CE-only,B,0.9999998807907104,2.0,B,2
B_2_063,1.0,V1 Student CE-only,B,1.0,2.0,B,2
B_2_064,0.9999990463256836,V1 Student CE-only,B,0.9999990463256836,2.0,B,2
B_2_065,0.9999998807907104,V1 Student CE-only,B,0.9999998807907104,2.0,B,2
B_2_066,0.9999961853027344,V1 Student CE-only,B,0.9999961853027344,2.0,B,2
B_2_067,0.9886541366577148,V1 Student CE-only,B,0.9886541366577148,2.0,B,2
B_2_068,0.9999998807907104,V1 Student CE-only,B,0.9999998807907104,2.0,B,2
B_2_069,0.9999973773956299,V1 Student CE-only,B,0.9999973773956299,2.0,B,2
B_2_070,0.9999998807907104,V1 Student CE-only,B,0.9999998807907104,2.0,B,2
B_1_000,2.645070935614058e-07,V1 Student CE-only,B,2.645070935614058e-07,1.0,B,1
B_1_001,1.1281653389261237e-10,V1 Student CE-only,B,1.1281653389261237e-10,1.0,B,1
B_1_002,6.438910560291333e-08,V1 Student CE-only,B,6.438910560291333e-08,1.0,B,1
B_1_003,2.2526243981246807e-07,V1 Student CE-only,B,2.2526243981246807e-07,1.0,B,1
B_1_004,7.327542739243853e-11,V1 Student CE-only,B,7.327542739243853e-11,1.0,B,1
B_1_005,3.8387184986277134e-08,V1 Student CE-only,B,3.8387184986277134e-08,1.0,B,1
B_1_006,2.9208710103367785e-12,V1 Student CE-only,B,2.9208710103367785e-12,1.0,B,1
B_1_007,1.5718994745839154e-06,V1 Student CE-only,B,1.5718994745839154e-06,1.0,B,1
B_1_008,1.1799752996921598e-07,V1 Student CE-only,B,1.1799752996921598e-07,1.0,B,1
B_1_009,3.1172568970561088e-09,V1 Student CE-only,B,3.1172568970561088e-09,1.0,B,1
B_1_010,8.341451973592484e-10,V1 Student CE-only,B,8.341451973592484e-10,1.0,B,1
B_1_011,4.445394097274402e-07,V1 Student CE-only,B,4.445394097274402e-07,1.0,B,1
B_1_012,4.1441900577865454e-08,V1 Student CE-only,B,4.1441900577865454e-08,1.0,B,1
B_1_013,2.4436952017481417e-08,V1 Student CE-only,B,2.4436952017481417e-08,1.0,B,1
B_1_014,1.6418592041489433e-09,V1 Student CE-only,B,1.6418592041489433e-09,1.0,B,1
B_1_015,2.1908590393249217e-12,V1 Student CE-only,B,2.1908590393249217e-12,1.0,B,1
B_1_016,4.387193941468581e-10,V1 Student CE-only,B,4.387193941468581e-10,1.0,B,1
B_1_017,3.1356253704650783e-10,V1 Student CE-only,B,3.1356253704650783e-10,1.0,B,1
B_1_018,3.9220307712639624e-07,V1 Student CE-only,B,3.9220307712639624e-07,1.0,B,1
B_1_019,1.6157386539816798e-10,V1 Student CE-only,B,1.6157386539816798e-10,1.0,B,1
B_1_020,7.152580110414419e-07,V1 Student CE-only,B,7.152580110414419e-07,1.0,B,1
B_1_021,4.577690310147986e-11,V1 Student CE-only,B,4.577690310147986e-11,1.0,B,1
B_1_022,6.961802011609675e-13,V1 Student CE-only,B,6.961802011609675e-13,1.0,B,1
B_1_023,1.0230298552738049e-10,V1 Student CE-only,B,1.0230298552738049e-10,1.0,B,1
B_1_024,3.73660824504185e-11,V1 Student CE-only,B,3.73660824504185e-11,1.0,B,1
B_1_025,1.700828605559479e-13,V1 Student CE-only,B,1.700828605559479e-13,1.0,B,1
B_1_026,2.4126171283000986e-08,V1 Student CE-only,B,2.4126171283000986e-08,1.0,B,1
B_1_027,4.934555541957764e-10,V1 Student CE-only,B,4.934555541957764e-10,1.0,B,1
B_1_028,6.050878548213845e-11,V1 Student CE-only,B,6.050878548213845e-11,1.0,B,1
B_1_029,1.3850466606957212e-10,V1 Student CE-only,B,1.3850466606957212e-10,1.0,B,1
B_1_030,1.8156499947963312e-07,V1 Student CE-only,B,1.8156499947963312e-07,1.0,B,1
B_1_031,1.3709360313640673e-09,V1 Student CE-only,B,1.3709360313640673e-09,1.0,B,1
B_1_032,5.083527002125443e-11,V1 Student CE-only,B,5.083527002125443e-11,1.0,B,1
B_1_033,3.649278934592104e-10,V1 Student CE-only,B,3.649278934592104e-10,1.0,B,1
B_1_034,1.4765998912480427e-06,V1 Student CE-only,B,1.4765998912480427e-06,1.0,B,1
B_1_035,2.2295520096804466e-08,V1 Student CE-only,B,2.2295520096804466e-08,1.0,B,1
B_1_036,1.9238710624591704e-10,V1 Student CE-only,B,1.9238710624591704e-10,1.0,B,1
B_1_037,1.7628441024639119e-12,V1 Student CE-only,B,1.7628441024639119e-12,1.0,B,1
B_1_038,3.43919615009014e-10,V1 Student CE-only,B,3.43919615009014e-10,1.0,B,1
B_1_039,6.696912989434534e-13,V1 Student CE-only,B,6.696912989434534e-13,1.0,B,1
B_1_040,2.613183141875197e-06,V1 Student CE-only,B,2.613183141875197e-06,1.0,B,1
B_1_041,3.128899361826143e-09,V1 Student CE-only,B,3.128899361826143e-09,1.0,B,1
B_1_042,5.735132546647037e-08,V1 Student CE-only,B,5.735132546647037e-08,1.0,B,1
B_1_043,1.4036229123437494e-10,V1 Student CE-only,B,1.4036229123437494e-10,1.0,B,1
B_1_044,1.7681631159227607e-10,V1 Student CE-only,B,1.7681631159227607e-10,1.0,B,1
B_1_045,3.758064692771512e-11,V1 Student CE-only,B,3.758064692771512e-11,1.0,B,1
B_1_046,3.248616931017523e-09,V1 Student CE-only,B,3.248616931017523e-09,1.0,B,1
B_1_047,1.324519660617085e-11,V1 Student CE-only,B,1.324519660617085e-11,1.0,B,1
B_1_048,1.1151906953443813e-08,V1 Student CE-only,B,1.1151906953443813e-08,1.0,B,1
B_1_049,2.0988855098380554e-09,V1 Student CE-only,B,2.0988855098380554e-09,1.0,B,1
B_1_050,7.092966622032626e-13,V1 Student CE-only,B,7.092966622032626e-13,1.0,B,1
B_1_051,1.1594038923368188e-10,V1 Student CE-only,B,1.1594038923368188e-10,1.0,B,1
B_1_052,4.981737333764613e-08,V1 Student CE-only,B,4.981737333764613e-08,1.0,B,1
B_1_053,1.2309969861235004e-06,V1 Student CE-only,B,1.2309969861235004e-06,1.0,B,1
B_1_054,1.0691531571183077e-07,V1 Student CE-only,B,1.0691531571183077e-07,1.0,B,1
B_1_055,1.9905900217054295e-07,V1 Student CE-only,B,1.9905900217054295e-07,1.0,B,1
B_1_056,7.464907980647695e-07,V1 Student CE-only,B,7.464907980647695e-07,1.0,B,1
B_1_057,5.012728365727526e-08,V1 Student CE-only,B,5.012728365727526e-08,1.0,B,1
B_1_058,4.1140866754996175e-12,V1 Student CE-only,B,4.1140866754996175e-12,1.0,B,1
B_1_059,3.0093174480105844e-11,V1 Student CE-only,B,3.0093174480105844e-11,1.0,B,1
B_1_060,9.335246464736713e-11,V1 Student CE-only,B,9.335246464736713e-11,1.0,B,1
B_1_061,3.761436717653055e-10,V1 Student CE-only,B,3.761436717653055e-10,1.0,B,1
B_1_062,1.8540018131840696e-10,V1 Student CE-only,B,1.8540018131840696e-10,1.0,B,1
B_1_063,1.9197575820695256e-11,V1 Student CE-only,B,1.9197575820695256e-11,1.0,B,1
B_1_064,1.1668218474758518e-11,V1 Student CE-only,B,1.1668218474758518e-11,1.0,B,1
B_1_065,1.578973933646921e-05,V1 Student CE-only,B,1.578973933646921e-05,1.0,B,1
B_1_066,1.241104996552167e-10,V1 Student CE-only,B,1.241104996552167e-10,1.0,B,1
B_1_067,0.0003586304374039173,V1 Student CE-only,B,0.0003586304374039173,1.0,B,1
B_1_068,5.942508707335037e-08,V1 Student CE-only,B,5.942508707335037e-08,1.0,B,1
B_1_069,3.481943466193682e-12,V1 Student CE-only,B,3.481943466193682e-12,1.0,B,1
B_1_070,1.809705452160415e-08,V1 Student CE-only,B,1.809705452160415e-08,1.0,B,1
B_1_071,6.165263926050102e-07,V1 Student CE-only,B,6.165263926050102e-07,1.0,B,1
B_1_072,1.6888469644982251e-06,V1 Student CE-only,B,1.6888469644982251e-06,1.0,B,1
B_1_073,6.076879888183839e-09,V1 Student CE-only,B,6.076879888183839e-09,1.0,B,1
B_1_074,1.2959563110148675e-11,V1 Student CE-only,B,1.2959563110148675e-11,1.0,B,1
B_1_075,2.6383732532053727e-08,V1 Student CE-only,B,2.6383732532053727e-08,1.0,B,1
B_1_076,2.3174514751644892e-07,V1 Student CE-only,B,2.3174514751644892e-07,1.0,B,1
B_1_077,5.716088713469958e-10,V1 Student CE-only,B,5.716088713469958e-10,1.0,B,1
B_1_078,1.1235863439651439e-07,V1 Student CE-only,B,1.1235863439651439e-07,1.0,B,1
B_1_079,9.614183893447148e-10,V1 Student CE-only,B,9.614183893447148e-10,1.0,B,1
B_1_080,1.692918942808319e-07,V1 Student CE-only,B,1.692918942808319e-07,1.0,B,1
B_1_081,2.3348593458649702e-07,V1 Student CE-only,B,2.3348593458649702e-07,1.0,B,1
B_1_082,2.3735792845092085e-11,V1 Student CE-only,B,2.3735792845092085e-11,1.0,B,1
B_1_083,1.715238084898374e-07,V1 Student CE-only,B,1.715238084898374e-07,1.0,B,1
B_1_084,1.072047832451073e-11,V1 Student CE-only,B,1.072047832451073e-11,1.0,B,1
B_1_085,3.707608087211156e-08,V1 Student CE-only,B,3.707608087211156e-08,1.0,B,1
B_1_086,1.17988771530797e-10,V1 Student CE-only,B,1.17988771530797e-10,1.0,B,1
B_1_087,6.601209889822712e-08,V1 Student CE-only,B,6.601209889822712e-08,1.0,B,1
B_1_088,2.398477597087556e-11,V1 Student CE-only,B,2.398477597087556e-11,1.0,B,1
B_1_089,3.89195516092844e-11,V1 Student CE-only,B,3.89195516092844e-11,1.0,B,1
B_1_090,3.54720697259836e-09,V1 Student CE-only,B,3.54720697259836e-09,1.0,B,1
B_1_091,1.5699301911809016e-06,V1 Student CE-only,B,1.5699301911809016e-06,1.0,B,1
B_1_092,9.685523494340487e-10,V1 Student CE-only,B,9.685523494340487e-10,1.0,B,1
B_1_093,6.497422333495706e-08,V1 Student CE-only,B,6.497422333495706e-08,1.0,B,1
B_1_094,1.9796830841301016e-09,V1 Student CE-only,B,1.9796830841301016e-09,1.0,B,1
B_0_000,0.3681841492652893,V1 Student CE-only,B,0.3681841492652893,0.0,B,0
B_0_001,0.01127284299582243,V1 Student CE-only,B,0.01127284299582243,0.0,B,0
B_0_002,0.21290713548660278,V1 Student CE-only,B,0.21290713548660278,1.0,B,0
B_0_003,0.023961540311574936,V1 Student CE-only,B,0.023961540311574936,1.0,B,0
B_0_004,0.7260614037513733,V1 Student CE-only,B,0.7260614037513733,2.0,B,0
B_0_005,0.05510580167174339,V1 Student CE-only,B,0.05510580167174339,0.0,B,0
B_0_006,0.198900043964386,V1 Student CE-only,B,0.198900043964386,1.0,B,0
B_0_007,0.0007207056623883545,V1 Student CE-only,B,0.0007207056623883545,1.0,B,0
B_0_008,0.2383112609386444,V1 Student CE-only,B,0.2383112609386444,0.0,B,0
B_0_009,0.507555365562439,V1 Student CE-only,B,0.507555365562439,2.0,B,0
B_0_010,0.06576374918222427,V1 Student CE-only,B,0.06576374918222427,0.0,B,0
B_0_011,0.8140063881874084,V1 Student CE-only,B,0.8140063881874084,2.0,B,0
B_0_012,0.002326797228306532,V1 Student CE-only,B,0.002326797228306532,1.0,B,0
B_0_013,0.00870527420192957,V1 Student CE-only,B,0.00870527420192957,1.0,B,0
B_0_014,0.07828900963068008,V1 Student CE-only,B,0.07828900963068008,0.0,B,0
B_0_015,0.1523115187883377,V1 Student CE-only,B,0.1523115187883377,0.0,B,0
B_0_016,0.2530072331428528,V1 Student CE-only,B,0.2530072331428528,0.0,B,0
B_0_017,0.05907897651195526,V1 Student CE-only,B,0.05907897651195526,0.0,B,0
B_0_018,0.00045277999015524983,V1 Student CE-only,B,0.00045277999015524983,1.0,B,0
B_0_019,0.00015348919259849936,V1 Student CE-only,B,0.00015348919259849936,1.0,B,0
B_0_020,0.0008657117141410708,V1 Student CE-only,B,0.0008657117141410708,0.0,B,0
B_0_021,0.013227126561105251,V1 Student CE-only,B,0.013227126561105251,0.0,B,0
B_0_022,0.10304227471351624,V1 Student CE-only,B,0.10304227471351624,0.0,B,0
B_0_023,0.045189473778009415,V1 Student CE-only,B,0.045189473778009415,1.0,B,0
B_0_024,0.0027673293370753527,V1 Student CE-only,B,0.0027673293370753527,1.0,B,0
B_0_025,0.06908160448074341,V1 Student CE-only,B,0.06908160448074341,0.0,B,0
B_0_026,0.06420470029115677,V1 Student CE-only,B,0.06420470029115677,0.0,B,0
B_0_027,0.020689260214567184,V1 Student CE-only,B,0.020689260214567184,1.0,B,0
B_0_028,0.001248058513738215,V1 Student CE-only,B,0.001248058513738215,1.0,B,0
B_0_029,0.0005629202933050692,V1 Student CE-only,B,0.0005629202933050692,1.0,B,0
B_0_030,3.102395930909552e-05,V1 Student CE-only,B,3.102395930909552e-05,1.0,B,0
B_0_031,0.00019836521823890507,V1 Student CE-only,B,0.00019836521823890507,1.0,B,0
B_0_032,0.00017255355487577617,V1 Student CE-only,B,0.00017255355487577617,0.0,B,0
B_0_033,5.795502147520892e-05,V1 Student CE-only,B,5.795502147520892e-05,1.0,B,0
B_0_034,0.013271908275783062,V1 Student CE-only,B,0.013271908275783062,1.0,B,0
B_0_035,0.0008826549164950848,V1 Student CE-only,B,0.0008826549164950848,1.0,B,0
B_0_036,0.0013976432383060455,V1 Student CE-only,B,0.0013976432383060455,0.0,B,0
B_0_037,0.0007225431618280709,V1 Student CE-only,B,0.0007225431618280709,1.0,B,0
B_0_038,0.12182829529047012,V1 Student CE-only,B,0.12182829529047012,0.0,B,0
B_0_039,0.2904897928237915,V1 Student CE-only,B,0.2904897928237915,0.0,B,0
B_0_040,0.0026671881787478924,V1 Student CE-only,B,0.0026671881787478924,0.0,B,0
B_0_041,0.10665128380060196,V1 Student CE-only,B,0.10665128380060196,1.0,B,0
B_0_042,3.336142526677577e-06,V1 Student CE-only,B,3.336142526677577e-06,1.0,B,0
B_0_043,0.00453136907890439,V1 Student CE-only,B,0.00453136907890439,0.0,B,0
B_0_044,0.0010350068332627416,V1 Student CE-only,B,0.0010350068332627416,1.0,B,0
B_0_045,0.04525003954768181,V1 Student CE-only,B,0.04525003954768181,0.0,B,0
B_0_046,0.04539288952946663,V1 Student CE-only,B,0.04539288952946663,1.0,B,0
B_0_047,0.00014367568655870855,V1 Student CE-only,B,0.00014367568655870855,1.0,B,0
B_0_048,0.0006061701569706202,V1 Student CE-only,B,0.0006061701569706202,1.0,B,0
B_0_049,0.017318498343229294,V1 Student CE-only,B,0.017318498343229294,1.0,B,0
B_2_000,1.0,V2 +logit KD,B,1.0,2.0,B,2
B_2_001,0.9999992847442627,V2 +logit KD,B,0.9999992847442627,2.0,B,2
B_2_002,1.0,V2 +logit KD,B,1.0,2.0,B,2
B_2_003,1.0,V2 +logit KD,B,1.0,2.0,B,2
B_2_004,1.0,V2 +logit KD,B,1.0,2.0,B,2
B_2_005,1.0,V2 +logit KD,B,1.0,2.0,B,2
B_2_006,1.0,V2 +logit KD,B,1.0,2.0,B,2
B_2_007,0.9355310201644897,V2 +logit KD,B,0.9355310201644897,2.0,B,2
B_2_008,1.0,V2 +logit KD,B,1.0,2.0,B,2
B_2_009,1.0,V2 +logit KD,B,1.0,2.0,B,2
B_2_010,1.0,V2 +logit KD,B,1.0,2.0,B,2
B_2_011,1.0,V2 +logit KD,B,1.0,2.0,B,2
B_2_012,1.0,V2 +logit KD,B,1.0,2.0,B,2
B_2_013,1.0,V2 +logit KD,B,1.0,2.0,B,2
B_2_014,1.0,V2 +logit KD,B,1.0,2.0,B,2
B_2_015,0.9999916553497314,V2 +logit KD,B,0.9999916553497314,2.0,B,2
B_2_016,1.0,V2 +logit KD,B,1.0,2.0,B,2
B_2_017,1.0,V2 +logit KD,B,1.0,2.0,B,2
B_2_018,1.0,V2 +logit KD,B,1.0,2.0,B,2
B_2_019,1.0,V2 +logit KD,B,1.0,2.0,B,2
B_2_020,1.0,V2 +logit KD,B,1.0,2.0,B,2
B_2_021,0.9999881982803345,V2 +logit KD,B,0.9999881982803345,2.0,B,2
B_2_022,1.0,V2 +logit KD,B,1.0,2.0,B,2
B_2_023,1.0,V2 +logit KD,B,1.0,2.0,B,2
B_2_024,1.0,V2 +logit KD,B,1.0,2.0,B,2
B_2_025,1.0,V2 +logit KD,B,1.0,2.0,B,2
B_2_026,1.0,V2 +logit KD,B,1.0,2.0,B,2
B_2_027,1.0,V2 +logit KD,B,1.0,2.0,B,2
B_2_028,1.0,V2 +logit KD,B,1.0,2.0,B,2
B_2_029,1.0,V2 +logit KD,B,1.0,2.0,B,2
B_2_030,0.9999997615814209,V2 +logit KD,B,0.9999997615814209,2.0,B,2
B_2_031,1.0,V2 +logit KD,B,1.0,2.0,B,2
B_2_032,1.0,V2 +logit KD,B,1.0,2.0,B,2
B_2_033,1.0,V2 +logit KD,B,1.0,2.0,B,2
B_2_034,1.0,V2 +logit KD,B,1.0,2.0,B,2
B_2_035,1.0,V2 +logit KD,B,1.0,2.0,B,2
B_2_036,1.0,V2 +logit KD,B,1.0,2.0,B,2
B_2_037,1.0,V2 +logit KD,B,1.0,2.0,B,2
B_2_038,0.9999972581863403,V2 +logit KD,B,0.9999972581863403,2.0,B,2
B_2_039,1.0,V2 +logit KD,B,1.0,2.0,B,2
B_2_040,1.0,V2 +logit KD,B,1.0,2.0,B,2
B_2_041,1.0,V2 +logit KD,B,1.0,2.0,B,2
B_2_042,1.0,V2 +logit KD,B,1.0,2.0,B,2
B_2_043,1.0,V2 +logit KD,B,1.0,2.0,B,2
B_2_044,1.0,V2 +logit KD,B,1.0,2.0,B,2
B_2_045,1.0,V2 +logit KD,B,1.0,2.0,B,2
B_2_046,1.0,V2 +logit KD,B,1.0,2.0,B,2
B_2_047,1.0,V2 +logit KD,B,1.0,2.0,B,2
B_2_048,1.0,V2 +logit KD,B,1.0,2.0,B,2
B_2_049,0.34276530146598816,V2 +logit KD,B,0.34276530146598816,1.0,B,2
B_2_050,1.0,V2 +logit KD,B,1.0,2.0,B,2
B_2_051,0.9999814033508301,V2 +logit KD,B,0.9999814033508301,2.0,B,2
B_2_052,1.0,V2 +logit KD,B,1.0,2.0,B,2
B_2_053,1.0,V2 +logit KD,B,1.0,2.0,B,2
B_2_054,1.0,V2 +logit KD,B,1.0,2.0,B,2
B_2_055,1.0,V2 +logit KD,B,1.0,2.0,B,2
B_2_056,1.0,V2 +logit KD,B,1.0,2.0,B,2
B_2_057,1.0,V2 +logit KD,B,1.0,2.0,B,2
B_2_058,1.0,V2 +logit KD,B,1.0,2.0,B,2
B_2_059,1.0,V2 +logit KD,B,1.0,2.0,B,2
B_2_060,1.0,V2 +logit KD,B,1.0,2.0,B,2
B_2_061,1.0,V2 +logit KD,B,1.0,2.0,B,2
B_2_062,1.0,V2 +logit KD,B,1.0,2.0,B,2
B_2_063,1.0,V2 +logit KD,B,1.0,2.0,B,2
B_2_064,1.0,V2 +logit KD,B,1.0,2.0,B,2
B_2_065,1.0,V2 +logit KD,B,1.0,2.0,B,2
B_2_066,1.0,V2 +logit KD,B,1.0,2.0,B,2
B_2_067,0.9999990463256836,V2 +logit KD,B,0.9999990463256836,2.0,B,2
B_2_068,1.0,V2 +logit KD,B,1.0,2.0,B,2
B_2_069,1.0,V2 +logit KD,B,1.0,2.0,B,2
B_2_070,1.0,V2 +logit KD,B,1.0,2.0,B,2
B_1_000,5.825644220497361e-12,V2 +logit KD,B,5.825644220497361e-12,1.0,B,1
B_1_001,2.479610267114296e-12,V2 +logit KD,B,2.479610267114296e-12,1.0,B,1
B_1_002,6.228757362796984e-17,V2 +logit KD,B,6.228757362796984e-17,1.0,B,1
B_1_003,6.1196372680321524e-18,V2 +logit KD,B,6.1196372680321524e-18,1.0,B,1
B_1_004,2.093799956172571e-20,V2 +logit KD,B,2.093799956172571e-20,1.0,B,1
B_1_005,3.9679197533634615e-16,V2 +logit KD,B,3.9679197533634615e-16,1.0,B,1
B_1_006,1.215930477785037e-25,V2 +logit KD,B,1.215930477785037e-25,1.0,B,1
B_1_007,4.5427290401578446e-13,V2 +logit KD,B,4.5427290401578446e-13,1.0,B,1
B_1_008,7.784514677831866e-13,V2 +logit KD,B,7.784514677831866e-13,1.0,B,1
B_1_009,1.0067317259779968e-13,V2 +logit KD,B,1.0067317259779968e-13,1.0,B,1
B_1_010,1.710418924346529e-17,V2 +logit KD,B,1.710418924346529e-17,1.0,B,1
B_1_011,8.119894232549996e-07,V2 +logit KD,B,8.119894232549996e-07,1.0,B,1
B_1_012,1.588402465113603e-10,V2 +logit KD,B,1.588402465113603e-10,1.0,B,1
B_1_013,1.214702925918243e-12,V2 +logit KD,B,1.214702925918243e-12,1.0,B,1
B_1_014,5.486991420296182e-17,V2 +logit KD,B,5.486991420296182e-17,1.0,B,1
B_1_015,7.199202576196414e-19,V2 +logit KD,B,7.199202576196414e-19,1.0,B,1
B_1_016,1.8411577058959072e-13,V2 +logit KD,B,1.8411577058959072e-13,1.0,B,1
B_1_017,2.1233640297452515e-16,V2 +logit KD,B,2.1233640297452515e-16,1.0,B,1
B_1_018,1.5408835318808656e-09,V2 +logit KD,B,1.5408835318808656e-09,1.0,B,1
B_1_019,9.514587688818363e-16,V2 +logit KD,B,9.514587688818363e-16,1.0,B,1
B_1_020,1.9082160168399503e-13,V2 +logit KD,B,1.9082160168399503e-13,1.0,B,1
B_1_021,2.387119655412295e-21,V2 +logit KD,B,2.387119655412295e-21,1.0,B,1
B_1_022,1.1351952026377892e-22,V2 +logit KD,B,1.1351952026377892e-22,1.0,B,1
B_1_023,6.438753390351006e-23,V2 +logit KD,B,6.438753390351006e-23,1.0,B,1
B_1_024,7.892381025530163e-17,V2 +logit KD,B,7.892381025530163e-17,1.0,B,1
B_1_025,2.096994076697005e-23,V2 +logit KD,B,2.096994076697005e-23,1.0,B,1
B_1_026,1.9774093820701388e-11,V2 +logit KD,B,1.9774093820701388e-11,1.0,B,1
B_1_027,6.85054010046704e-13,V2 +logit KD,B,6.85054010046704e-13,1.0,B,1
B_1_028,6.447291909717503e-20,V2 +logit KD,B,6.447291909717503e-20,1.0,B,1
B_1_029,2.1399117448121503e-16,V2 +logit KD,B,2.1399117448121503e-16,1.0,B,1
B_1_030,2.172117393304637e-17,V2 +logit KD,B,2.172117393304637e-17,1.0,B,1
B_1_031,2.950450012836203e-17,V2 +logit KD,B,2.950450012836203e-17,1.0,B,1
B_1_032,1.179006732153636e-16,V2 +logit KD,B,1.179006732153636e-16,1.0,B,1
B_1_033,3.50655044852241e-19,V2 +logit KD,B,3.50655044852241e-19,1.0,B,1
B_1_034,6.084239248314415e-16,V2 +logit KD,B,6.084239248314415e-16,1.0,B,1
B_1_035,2.873993970868745e-14,V2 +logit KD,B,2.873993970868745e-14,1.0,B,1
B_1_036,2.2388512464625728e-20,V2 +logit KD,B,2.2388512464625728e-20,1.0,B,1
B_1_037,1.7122385355785079e-19,V2 +logit KD,B,1.7122385355785079e-19,1.0,B,1
B_1_038,1.771887111161075e-21,V2 +logit KD,B,1.771887111161075e-21,1.0,B,1
B_1_039,2.6032216001837322e-21,V2 +logit KD,B,2.6032216001837322e-21,1.0,B,1
B_1_040,2.0809805701543782e-12,V2 +logit KD,B,2.0809805701543782e-12,1.0,B,1
B_1_041,6.37094904835036e-17,V2 +logit KD,B,6.37094904835036e-17,1.0,B,1
B_1_042,3.190160667781415e-17,V2 +logit KD,B,3.190160667781415e-17,1.0,B,1
B_1_043,1.0499546617381552e-17,V2 +logit KD,B,1.0499546617381552e-17,1.0,B,1
B_1_044,2.428929709629362e-16,V2 +logit KD,B,2.428929709629362e-16,1.0,B,1
B_1_045,6.666187826896922e-24,V2 +logit KD,B,6.666187826896922e-24,1.0,B,1
B_1_046,3.0517640281155223e-13,V2 +logit KD,B,3.0517640281155223e-13,1.0,B,1
B_1_047,1.8826005186368667e-19,V2 +logit KD,B,1.8826005186368667e-19,1.0,B,1
B_1_048,4.9843835760914065e-19,V2 +logit KD,B,4.9843835760914065e-19,1.0,B,1
B_1_049,1.290523732411332e-20,V2 +logit KD,B,1.290523732411332e-20,1.0,B,1
B_1_050,7.390503343991846e-20,V2 +logit KD,B,7.390503343991846e-20,1.0,B,1
B_1_051,8.167929181252562e-16,V2 +logit KD,B,8.167929181252562e-16,1.0,B,1
B_1_052,2.8289698710299714e-16,V2 +logit KD,B,2.8289698710299714e-16,1.0,B,1
B_1_053,9.42850290029662e-13,V2 +logit KD,B,9.42850290029662e-13,1.0,B,1
B_1_054,1.0979139689407114e-12,V2 +logit KD,B,1.0979139689407114e-12,1.0,B,1
B_1_055,2.62769596663312e-13,V2 +logit KD,B,2.62769596663312e-13,1.0,B,1
B_1_056,7.33313728283674e-18,V2 +logit KD,B,7.33313728283674e-18,1.0,B,1
B_1_057,7.571026155200865e-18,V2 +logit KD,B,7.571026155200865e-18,1.0,B,1
B_1_058,1.0293471731761676e-19,V2 +logit KD,B,1.0293471731761676e-19,1.0,B,1
B_1_059,5.8897344108919204e-18,V2 +logit KD,B,5.8897344108919204e-18,1.0,B,1
B_1_060,1.3761949900121625e-19,V2 +logit KD,B,1.3761949900121625e-19,1.0,B,1
B_1_061,6.043567257359938e-18,V2 +logit KD,B,6.043567257359938e-18,1.0,B,1
B_1_062,8.807034995243938e-18,V2 +logit KD,B,8.807034995243938e-18,1.0,B,1
B_1_063,2.7233189758900903e-20,V2 +logit KD,B,2.7233189758900903e-20,1.0,B,1
B_1_064,4.867588320576879e-17,V2 +logit KD,B,4.867588320576879e-17,1.0,B,1
B_1_065,5.468048680512538e-09,V2 +logit KD,B,5.468048680512538e-09,1.0,B,1
B_1_066,7.184473901606872e-18,V2 +logit KD,B,7.184473901606872e-18,1.0,B,1
B_1_067,5.936356961555589e-11,V2 +logit KD,B,5.936356961555589e-11,1.0,B,1
B_1_068,3.5509303830671968e-12,V2 +logit KD,B,3.5509303830671968e-12,1.0,B,1
B_1_069,1.9616697828126215e-18,V2 +logit KD,B,1.9616697828126215e-18,1.0,B,1
B_1_070,5.827957357421587e-19,V2 +logit KD,B,5.827957357421587e-19,1.0,B,1
B_1_071,3.1725013727168516e-09,V2 +logit KD,B,3.1725013727168516e-09,1.0,B,1
B_1_072,1.0104019454141359e-17,V2 +logit KD,B,1.0104019454141359e-17,1.0,B,1
B_1_073,5.411841565337372e-18,V2 +logit KD,B,5.411841565337372e-18,1.0,B,1
B_1_074,1.5857806717013176e-26,V2 +logit KD,B,1.5857806717013176e-26,1.0,B,1
B_1_075,4.458245578264908e-11,V2 +logit KD,B,4.458245578264908e-11,1.0,B,1
B_1_076,3.2137549999672332e-12,V2 +logit KD,B,3.2137549999672332e-12,1.0,B,1
B_1_077,1.59616420016169e-13,V2 +logit KD,B,1.59616420016169e-13,1.0,B,1
B_1_078,7.665825189302504e-18,V2 +logit KD,B,7.665825189302504e-18,1.0,B,1
B_1_079,1.5627602022779546e-14,V2 +logit KD,B,1.5627602022779546e-14,1.0,B,1
B_1_080,1.1284643873640463e-14,V2 +logit KD,B,1.1284643873640463e-14,1.0,B,1
B_1_081,1.255261736568536e-12,V2 +logit KD,B,1.255261736568536e-12,1.0,B,1
B_1_082,8.82219556151081e-19,V2 +logit KD,B,8.82219556151081e-19,1.0,B,1
B_1_083,4.993317391510654e-12,V2 +logit KD,B,4.993317391510654e-12,1.0,B,1
B_1_084,3.2374883862013002e-21,V2 +logit KD,B,3.2374883862013002e-21,1.0,B,1
B_1_085,9.081702946091286e-13,V2 +logit KD,B,9.081702946091286e-13,1.0,B,1
B_1_086,2.9951010407098217e-21,V2 +logit KD,B,2.9951010407098217e-21,1.0,B,1
B_1_087,6.934894553143472e-14,V2 +logit KD,B,6.934894553143472e-14,1.0,B,1
B_1_088,8.267603014042742e-19,V2 +logit KD,B,8.267603014042742e-19,1.0,B,1
B_1_089,1.6802105576185792e-26,V2 +logit KD,B,1.6802105576185792e-26,1.0,B,1
B_1_090,1.53146528897669e-20,V2 +logit KD,B,1.53146528897669e-20,1.0,B,1
B_1_091,2.029792227631333e-07,V2 +logit KD,B,2.029792227631333e-07,1.0,B,1
B_1_092,7.666263595027158e-18,V2 +logit KD,B,7.666263595027158e-18,1.0,B,1
B_1_093,1.4994322286687842e-15,V2 +logit KD,B,1.4994322286687842e-15,1.0,B,1
B_1_094,4.995970407121672e-14,V2 +logit KD,B,4.995970407121672e-14,1.0,B,1
B_0_000,0.0038164902944117785,V2 +logit KD,B,0.0038164902944117785,0.0,B,0
B_0_001,5.920300054640393e-07,V2 +logit KD,B,5.920300054640393e-07,0.0,B,0
B_0_002,0.47886523604393005,V2 +logit KD,B,0.47886523604393005,2.0,B,0
B_0_003,4.861472189077176e-05,V2 +logit KD,B,4.861472189077176e-05,1.0,B,0
B_0_004,0.9997695088386536,V2 +logit KD,B,0.9997695088386536,2.0,B,0
B_0_005,2.4082217350951396e-05,V2 +logit KD,B,2.4082217350951396e-05,1.0,B,0
B_0_006,0.3125365674495697,V2 +logit KD,B,0.3125365674495697,1.0,B,0
B_0_007,1.4132816659184755e-06,V2 +logit KD,B,1.4132816659184755e-06,1.0,B,0
B_0_008,0.00762854004278779,V2 +logit KD,B,0.00762854004278779,0.0,B,0
B_0_009,0.9902728199958801,V2 +logit KD,B,0.9902728199958801,2.0,B,0
B_0_010,0.0007195358048193157,V2 +logit KD,B,0.0007195358048193157,0.0,B,0
B_0_011,0.9492078423500061,V2 +logit KD,B,0.9492078423500061,2.0,B,0
B_0_012,2.708245716717076e-14,V2 +logit KD,B,2.708245716717076e-14,1.0,B,0
B_0_013,1.5193002582236659e-05,V2 +logit KD,B,1.5193002582236659e-05,1.0,B,0
B_0_014,0.007351838983595371,V2 +logit KD,B,0.007351838983595371,0.0,B,0
B_0_015,0.09552819281816483,V2 +logit KD,B,0.09552819281816483,0.0,B,0
B_0_016,0.025521066039800644,V2 +logit KD,B,0.025521066039800644,0.0,B,0
B_0_017,0.027552073821425438,V2 +logit KD,B,0.027552073821425438,1.0,B,0
B_0_018,2.080437384865963e-11,V2 +logit KD,B,2.080437384865963e-11,1.0,B,0
B_0_019,1.7114768491310883e-09,V2 +logit KD,B,1.7114768491310883e-09,1.0,B,0
B_0_020,8.265818678410142e-07,V2 +logit KD,B,8.265818678410142e-07,1.0,B,0
B_0_021,0.00010454827861394733,V2 +logit KD,B,0.00010454827861394733,0.0,B,0
B_0_022,0.00025583727983757854,V2 +logit KD,B,0.00025583727983757854,0.0,B,0
B_0_023,0.43199899792671204,V2 +logit KD,B,0.43199899792671204,1.0,B,0
B_0_024,4.4545322452904657e-07,V2 +logit KD,B,4.4545322452904657e-07,1.0,B,0
B_0_025,0.24141789972782135,V2 +logit KD,B,0.24141789972782135,0.0,B,0
B_0_026,0.0003591833810787648,V2 +logit KD,B,0.0003591833810787648,0.0,B,0
B_0_027,1.9572456722016796e-07,V2 +logit KD,B,1.9572456722016796e-07,1.0,B,0
B_0_028,2.0771730646629294e-07,V2 +logit KD,B,2.0771730646629294e-07,1.0,B,0
B_0_029,5.2681571105495095e-08,V2 +logit KD,B,5.2681571105495095e-08,1.0,B,0
B_0_030,1.097949535733278e-07,V2 +logit KD,B,1.097949535733278e-07,1.0,B,0
B_0_031,6.673504913123907e-07,V2 +logit KD,B,6.673504913123907e-07,1.0,B,0
B_0_032,9.778051257569587e-09,V2 +logit KD,B,9.778051257569587e-09,1.0,B,0
B_0_033,1.679086123612672e-12,V2 +logit KD,B,1.679086123612672e-12,0.0,B,0
B_0_034,0.00010489600390428677,V2 +logit KD,B,0.00010489600390428677,1.0,B,0
B_0_035,2.868531794320006e-07,V2 +logit KD,B,2.868531794320006e-07,1.0,B,0
B_0_036,3.427730064231582e-07,V2 +logit KD,B,3.427730064231582e-07,0.0,B,0
B_0_037,4.0886526164740644e-08,V2 +logit KD,B,4.0886526164740644e-08,1.0,B,0
B_0_038,0.014225350692868233,V2 +logit KD,B,0.014225350692868233,1.0,B,0
B_0_039,0.007131996098905802,V2 +logit KD,B,0.007131996098905802,0.0,B,0
B_0_040,6.692751952641629e-08,V2 +logit KD,B,6.692751952641629e-08,1.0,B,0
B_0_041,4.4759817683370784e-05,V2 +logit KD,B,4.4759817683370784e-05,1.0,B,0
B_0_042,1.1083387679855505e-11,V2 +logit KD,B,1.1083387679855505e-11,1.0,B,0
B_0_043,8.556885755517385e-11,V2 +logit KD,B,8.556885755517385e-11,0.0,B,0
B_0_044,0.0002765163080766797,V2 +logit KD,B,0.0002765163080766797,1.0,B,0
B_0_045,0.0001480538339819759,V2 +logit KD,B,0.0001480538339819759,0.0,B,0
B_0_046,0.06359627842903137,V2 +logit KD,B,0.06359627842903137,1.0,B,0
B_0_047,1.0500870173402177e-09,V2 +logit KD,B,1.0500870173402177e-09,1.0,B,0
B_0_048,1.3053279417363228e-06,V2 +logit KD,B,1.3053279417363228e-06,1.0,B,0
B_0_049,0.00010247585305478424,V2 +logit KD,B,0.00010247585305478424,1.0,B,0
B_2_000,0.999909520149231,V3 +utility KD,B,1.0,2.0,B,2
B_2_001,0.9905219078063965,V3 +utility KD,B,0.9996896982192993,2.0,B,2
B_2_002,0.9944401979446411,V3 +utility KD,B,0.9999932050704956,2.0,B,2
B_2_003,0.9997636675834656,V3 +utility KD,B,0.9999998807907104,2.0,B,2
B_2_004,0.9999223947525024,V3 +utility KD,B,0.9999998807907104,2.0,B,2
B_2_005,0.9999884366989136,V3 +utility KD,B,1.0,2.0,B,2
B_2_006,0.9987295269966125,V3 +utility KD,B,0.9999954700469971,2.0,B,2
B_2_007,0.470194011926651,V3 +utility KD,B,0.28111207485198975,1.0,B,2
B_2_008,0.9999923706054688,V3 +utility KD,B,1.0,2.0,B,2
B_2_009,0.9993433356285095,V3 +utility KD,B,0.9999957084655762,2.0,B,2
B_2_010,0.9999023675918579,V3 +utility KD,B,1.0,2.0,B,2
B_2_011,0.9999912977218628,V3 +utility KD,B,1.0,2.0,B,2
B_2_012,0.9995570778846741,V3 +utility KD,B,0.9999973773956299,2.0,B,2
B_2_013,0.999996542930603,V3 +utility KD,B,1.0,2.0,B,2
B_2_014,0.9998817443847656,V3 +utility KD,B,1.0,2.0,B,2
B_2_015,0.9931326508522034,V3 +utility KD,B,0.9998008608818054,2.0,B,2
B_2_016,0.9999638795852661,V3 +utility KD,B,1.0,2.0,B,2
B_2_017,0.9999915361404419,V3 +utility KD,B,1.0,2.0,B,2
B_2_018,0.999811589717865,V3 +utility KD,B,0.9999998807907104,2.0,B,2
B_2_019,0.9995006322860718,V3 +utility KD,B,0.9999982118606567,2.0,B,2
B_2_020,0.9998451471328735,V3 +utility KD,B,0.9999998807907104,2.0,B,2
B_2_021,0.9995073080062866,V3 +utility KD,B,0.999997615814209,2.0,B,2
B_2_022,0.999811589717865,V3 +utility KD,B,0.9999997615814209,2.0,B,2
B_2_023,0.999539852142334,V3 +utility KD,B,0.9999974966049194,2.0,B,2
B_2_024,0.9999170303344727,V3 +utility KD,B,1.0,2.0,B,2
B_2_025,0.997707724571228,V3 +utility KD,B,0.9999939203262329,2.0,B,2
B_2_026,0.999995231628418,V3 +utility KD,B,1.0,2.0,B,2
B_2_027,0.999991774559021,V3 +utility KD,B,1.0,2.0,B,2
B_2_028,0.999997615814209,V3 +utility KD,B,1.0,2.0,B,2
B_2_029,0.9998984336853027,V3 +utility KD,B,1.0,2.0,B,2
B_2_030,0.9907556176185608,V3 +utility KD,B,0.9999450445175171,2.0,B,2
B_2_031,0.9999879598617554,V3 +utility KD,B,1.0,2.0,B,2
B_2_032,0.9999990463256836,V3 +utility KD,B,1.0,2.0,B,2
B_2_033,0.9999421834945679,V3 +utility KD,B,1.0,2.0,B,2
B_2_034,0.9999022483825684,V3 +utility KD,B,0.9999986886978149,2.0,B,2
B_2_035,0.9580876231193542,V3 +utility KD,B,0.9993140697479248,2.0,B,2
B_2_036,0.9999973773956299,V3 +utility KD,B,1.0,2.0,B,2
B_2_037,0.999936580657959,V3 +utility KD,B,1.0,2.0,B,2
B_2_038,0.9989020824432373,V3 +utility KD,B,0.9998868703842163,2.0,B,2
B_2_039,0.9997798800468445,V3 +utility KD,B,0.9999997615814209,2.0,B,2
B_2_040,0.9999938011169434,V3 +utility KD,B,1.0,2.0,B,2
B_2_041,0.9992109537124634,V3 +utility KD,B,0.9999996423721313,2.0,B,2
B_2_042,0.9999892711639404,V3 +utility KD,B,1.0,2.0,B,2
B_2_043,0.9999244213104248,V3 +utility KD,B,1.0,2.0,B,2
B_2_044,0.9999904632568359,V3 +utility KD,B,1.0,2.0,B,2
B_2_045,0.9995166063308716,V3 +utility KD,B,0.9999994039535522,2.0,B,2
B_2_046,0.9999856948852539,V3 +utility KD,B,1.0,2.0,B,2
B_2_047,0.999778687953949,V3 +utility KD,B,0.9999998807907104,2.0,B,2
B_2_048,0.9997598528862,V3 +utility KD,B,0.9999998807907104,2.0,B,2
B_2_049,0.9560903906822205,V3 +utility KD,B,0.8827150464057922,2.0,B,2
B_2_050,0.9999805688858032,V3 +utility KD,B,1.0,2.0,B,2
B_2_051,0.9813141226768494,V3 +utility KD,B,0.9999275207519531,2.0,B,2
B_2_052,0.9999898672103882,V3 +utility KD,B,1.0,2.0,B,2
B_2_053,0.9999589920043945,V3 +utility KD,B,0.9999998807907104,2.0,B,2
B_2_054,0.9999024868011475,V3 +utility KD,B,1.0,2.0,B,2
B_2_055,0.9999920129776001,V3 +utility KD,B,1.0,2.0,B,2
B_2_056,0.999996542930603,V3 +utility KD,B,1.0,2.0,B,2
B_2_057,0.9996404647827148,V3 +utility KD,B,0.9999994039535522,2.0,B,2
B_2_058,0.999985933303833,V3 +utility KD,B,1.0,2.0,B,2
B_2_059,0.9994736313819885,V3 +utility KD,B,0.9999986886978149,2.0,B,2
B_2_060,0.9963562488555908,V3 +utility KD,B,0.9999648332595825,2.0,B,2
B_2_061,0.999995231628418,V3 +utility KD,B,1.0,2.0,B,2
B_2_062,0.999977707862854,V3 +utility KD,B,1.0,2.0,B,2
B_2_063,0.999996542930603,V3 +utility KD,B,1.0,2.0,B,2
B_2_064,0.9999667406082153,V3 +utility KD,B,1.0,2.0,B,2
B_2_065,0.9999518394470215,V3 +utility KD,B,1.0,2.0,B,2
B_2_066,0.9996558427810669,V3 +utility KD,B,0.9999997615814209,2.0,B,2
B_2_067,0.6939599514007568,V3 +utility KD,B,0.9604008793830872,2.0,B,2
B_2_068,0.9999833106994629,V3 +utility KD,B,1.0,2.0,B,2
B_2_069,0.9998329877853394,V3 +utility KD,B,0.9999998807907104,2.0,B,2
B_2_070,0.9996834993362427,V3 +utility KD,B,0.9999998807907104,2.0,B,2
B_1_000,0.6188589930534363,V3 +utility KD,B,1.6191878557947348e-06,1.0,B,1
B_1_001,0.03685591369867325,V3 +utility KD,B,1.3502912676877088e-10,1.0,B,1
B_1_002,0.44997498393058777,V3 +utility KD,B,1.321837544310256e-06,1.0,B,1
B_1_003,0.7109408974647522,V3 +utility KD,B,3.4967399642482633e-06,1.0,B,1
B_1_004,0.33148401975631714,V3 +utility KD,B,5.936430014230609e-09,1.0,B,1
B_1_005,0.4586658775806427,V3 +utility KD,B,8.61855085076968e-07,1.0,B,1
B_1_006,0.3024415373802185,V3 +utility KD,B,1.660597527541885e-11,1.0,B,1
B_1_007,0.17652955651283264,V3 +utility KD,B,3.2232987905445043e-06,1.0,B,1
B_1_008,0.01863708905875683,V3 +utility KD,B,6.528257046056751e-08,1.0,B,1
B_1_009,0.08134528249502182,V3 +utility KD,B,7.361756093615668e-09,1.0,B,1
B_1_010,0.5356582403182983,V3 +utility KD,B,1.511013358879154e-08,1.0,B,1
B_1_011,0.059991318732500076,V3 +utility KD,B,4.465369329409441e-06,1.0,B,1
B_1_012,0.03135821223258972,V3 +utility KD,B,1.0101240732751648e-08,1.0,B,1
B_1_013,0.29682037234306335,V3 +utility KD,B,3.189328623420806e-08,1.0,B,1
B_1_014,0.15714284777641296,V3 +utility KD,B,1.196073462494951e-08,1.0,B,1
B_1_015,0.01179596595466137,V3 +utility KD,B,4.038291240033437e-13,1.0,B,1
B_1_016,0.04521895945072174,V3 +utility KD,B,2.878757454638503e-09,1.0,B,1
B_1_017,0.21560439467430115,V3 +utility KD,B,1.1672058874978575e-09,1.0,B,1
B_1_018,0.1470726728439331,V3 +utility KD,B,5.498916380020091e-07,1.0,B,1
B_1_019,0.8801978826522827,V3 +utility KD,B,1.0577625886298847e-08,1.0,B,1
B_1_020,0.1765577346086502,V3 +utility KD,B,1.4571340898328344e-06,1.0,B,1
B_1_021,0.6498656868934631,V3 +utility KD,B,3.817933968974785e-09,1.0,B,1
B_1_022,0.37710824608802795,V3 +utility KD,B,1.1975039015954536e-10,1.0,B,1
B_1_023,0.5027812719345093,V3 +utility KD,B,5.311697748311417e-09,1.0,B,1
B_1_024,0.7363488078117371,V3 +utility KD,B,4.2279384437904355e-09,1.0,B,1
B_1_025,0.20202209055423737,V3 +utility KD,B,3.87484488939549e-11,1.0,B,1
B_1_026,0.9444587230682373,V3 +utility KD,B,3.2461546652484685e-05,1.0,B,1
B_1_027,0.24100655317306519,V3 +utility KD,B,1.3923020514283735e-09,1.0,B,1
B_1_028,0.13380245864391327,V3 +utility KD,B,9.119069943608338e-10,1.0,B,1
B_1_029,0.593910813331604,V3 +utility KD,B,5.102017475167031e-09,1.0,B,1
B_1_030,0.579494059085846,V3 +utility KD,B,7.333099460993253e-07,1.0,B,1
B_1_031,0.5490832924842834,V3 +utility KD,B,4.391493035882377e-08,1.0,B,1
B_1_032,0.11883670836687088,V3 +utility KD,B,4.1924744231813804e-10,1.0,B,1
B_1_033,0.41261348128318787,V3 +utility KD,B,4.22464339067119e-08,1.0,B,1
B_1_034,0.43629205226898193,V3 +utility KD,B,1.1057952178816777e-05,1.0,B,1
B_1_035,0.323981374502182,V3 +utility KD,B,1.0992128096631859e-07,1.0,B,1
B_1_036,0.4470606744289398,V3 +utility KD,B,1.4431174477635977e-08,1.0,B,1
B_1_037,0.026406843215227127,V3 +utility KD,B,5.3316760728616686e-12,1.0,B,1
B_1_038,0.26563313603401184,V3 +utility KD,B,1.3600131021362927e-09,1.0,B,1
B_1_039,0.553856611251831,V3 +utility KD,B,1.3190991701717003e-11,1.0,B,1
B_1_040,0.44195061922073364,V3 +utility KD,B,1.2326240721449722e-05,1.0,B,1
B_1_041,0.6802367568016052,V3 +utility KD,B,1.7045650224645215e-07,1.0,B,1
B_1_042,0.16078782081604004,V3 +utility KD,B,2.441031767830282e-07,1.0,B,1
B_1_043,0.2765580415725708,V3 +utility KD,B,2.2697514701075505e-10,1.0,B,1
B_1_044,0.39158159494400024,V3 +utility KD,B,1.2636811597133146e-09,1.0,B,1
B_1_045,0.32973262667655945,V3 +utility KD,B,1.9414074792223346e-09,1.0,B,1
B_1_046,0.5459513664245605,V3 +utility KD,B,1.6129386892771436e-07,1.0,B,1
B_1_047,0.23042750358581543,V3 +utility KD,B,1.0758666180166188e-10,1.0,B,1
B_1_048,0.46036505699157715,V3 +utility KD,B,4.755323601557393e-08,1.0,B,1
B_1_049,0.5401089787483215,V3 +utility KD,B,1.2912924063357423e-08,1.0,B,1
B_1_050,0.17395111918449402,V3 +utility KD,B,8.073125501439904e-12,1.0,B,1
B_1_051,0.237402081489563,V3 +utility KD,B,3.6300007444367566e-10,1.0,B,1
B_1_052,0.5770531892776489,V3 +utility KD,B,9.874615898297634e-07,1.0,B,1
B_1_053,0.033479947596788406,V3 +utility KD,B,3.310388763111405e-07,1.0,B,1
B_1_054,0.4330960214138031,V3 +utility KD,B,5.8981054280593526e-06,1.0,B,1
B_1_055,0.27208638191223145,V3 +utility KD,B,5.639018354486325e-07,1.0,B,1
B_1_056,0.624359130859375,V3 +utility KD,B,9.172124009637628e-06,1.0,B,1
B_1_057,0.2505328059196472,V3 +utility KD,B,6.511121597441161e-08,1.0,B,1
B_1_058,0.08852339535951614,V3 +utility KD,B,2.5947530582492995e-11,1.0,B,1
B_1_059,0.5597932934761047,V3 +utility KD,B,1.4198521247621443e-09,1.0,B,1
B_1_060,0.39749106764793396,V3 +utility KD,B,1.0616346690639489e-09,1.0,B,1
B_1_061,0.24060741066932678,V3 +utility KD,B,2.379674590713421e-08,1.0,B,1
B_1_062,0.4469226598739624,V3 +utility KD,B,1.8589211281394569e-09,1.0,B,1
B_1_063,0.39384925365448,V3 +utility KD,B,6.569623178798167e-10,1.0,B,1
B_1_064,0.2095867246389389,V3 +utility KD,B,6.193520002417685e-11,1.0,B,1
B_1_065,0.18070082366466522,V3 +utility KD,B,3.261572828705539e-06,1.0,B,1
B_1_066,0.15190677344799042,V3 +utility KD,B,1.0379418158290576e-10,1.0,B,1
B_1_067,0.2745116353034973,V3 +utility KD,B,0.0004038978077005595,1.0,B,1
B_1_068,0.32201433181762695,V3 +utility KD,B,3.216091783997399e-07,1.0,B,1
B_1_069,0.5193377137184143,V3 +utility KD,B,2.743153759698913e-10,1.0,B,1
B_1_070,0.9211098551750183,V3 +utility KD,B,6.708600039928569e-07,1.0,B,1
B_1_071,0.19702695310115814,V3 +utility KD,B,1.1589833093239577e-06,1.0,B,1
B_1_072,0.3064935803413391,V3 +utility KD,B,1.9058055613641045e-06,1.0,B,1
B_1_073,0.26427266001701355,V3 +utility KD,B,3.5301901846196415e-08,1.0,B,1
B_1_074,0.41545671224594116,V3 +utility KD,B,4.902527828143377e-10,1.0,B,1
B_1_075,0.4929029047489166,V3 +utility KD,B,1.703491392390788e-07,1.0,B,1
B_1_076,0.3880315124988556,V3 +utility KD,B,6.807426302657404e-07,1.0,B,1
B_1_077,0.029601039364933968,V3 +utility KD,B,4.4158382506154226e-10,1.0,B,1
B_1_078,0.8849603533744812,V3 +utility KD,B,1.5488298231502995e-05,1.0,B,1
B_1_079,0.27524784207344055,V3 +utility KD,B,1.3733988390995933e-09,1.0,B,1
B_1_080,0.5453923940658569,V3 +utility KD,B,6.0710913203365635e-06,1.0,B,1
B_1_081,0.17088469862937927,V3 +utility KD,B,9.818274975259556e-07,1.0,B,1
B_1_082,0.5915018320083618,V3 +utility KD,B,4.699678424202602e-09,1.0,B,1
B_1_083,0.08092262595891953,V3 +utility KD,B,1.415687478356631e-07,1.0,B,1
B_1_084,0.5698046088218689,V3 +utility KD,B,2.6406576925097625e-10,1.0,B,1
B_1_085,0.7230746150016785,V3 +utility KD,B,9.85238102657604e-07,1.0,B,1
B_1_086,0.20298542082309723,V3 +utility KD,B,5.734591024264546e-09,1.0,B,1
B_1_087,0.2811563313007355,V3 +utility KD,B,7.713691161370662e-07,1.0,B,1
B_1_088,0.3203078508377075,V3 +utility KD,B,2.600050452716829e-10,1.0,B,1
B_1_089,0.5487896800041199,V3 +utility KD,B,8.637550674706063e-10,1.0,B,1
B_1_090,0.06983022391796112,V3 +utility KD,B,2.9569727999501083e-08,1.0,B,1
B_1_091,0.26656267046928406,V3 +utility KD,B,2.195644447056111e-05,1.0,B,1
B_1_092,0.3757343292236328,V3 +utility KD,B,9.821441437907197e-09,1.0,B,1
B_1_093,0.01951477862894535,V3 +utility KD,B,6.500128790776216e-08,1.0,B,1
B_1_094,0.2204764038324356,V3 +utility KD,B,6.931275109423041e-09,1.0,B,1
B_0_000,0.2832584083080292,V3 +utility KD,B,0.18484237790107727,0.0,B,0
B_0_001,0.29075393080711365,V3 +utility KD,B,0.02825990878045559,1.0,B,0
B_0_002,0.838217556476593,V3 +utility KD,B,0.27204522490501404,1.0,B,0
B_0_003,0.020033610984683037,V3 +utility KD,B,0.003042876487597823,0.0,B,0
B_0_004,0.6848252415657043,V3 +utility KD,B,0.6574126482009888,2.0,B,0
B_0_005,0.16023147106170654,V3 +utility KD,B,0.007700664922595024,0.0,B,0
B_0_006,0.012126902118325233,V3 +utility KD,B,0.0037997891195118427,1.0,B,0
B_0_007,0.3048510253429413,V3 +utility KD,B,0.0009475498227402568,1.0,B,0
B_0_008,0.12470357865095139,V3 +utility KD,B,0.06989692896604538,0.0,B,0
B_0_009,0.26271748542785645,V3 +utility KD,B,0.6005697846412659,2.0,B,0
B_0_010,0.005024104844778776,V3 +utility KD,B,0.00037021993193775415,0.0,B,0
B_0_011,0.8353133201599121,V3 +utility KD,B,0.9036574959754944,2.0,B,0
B_0_012,0.0054444908164441586,V3 +utility KD,B,0.00022223962878342718,1.0,B,0
B_0_013,0.006397486198693514,V3 +utility KD,B,0.00024624611251056194,1.0,B,0
B_0_014,0.37980371713638306,V3 +utility KD,B,0.11315058171749115,1.0,B,0
B_0_015,0.40022534132003784,V3 +utility KD,B,0.3108404278755188,0.0,B,0
B_0_016,0.0805715024471283,V3 +utility KD,B,0.023971619084477425,0.0,B,0
B_0_017,0.1025325208902359,V3 +utility KD,B,0.030431143939495087,1.0,B,0
B_0_018,0.2601577043533325,V3 +utility KD,B,0.003075456479564309,1.0,B,0
B_0_019,0.1475982666015625,V3 +utility KD,B,0.004219357389956713,1.0,B,0
B_0_020,0.011644979938864708,V3 +utility KD,B,0.0005795012693852186,0.0,B,0
B_0_021,0.35714825987815857,V3 +utility KD,B,0.22759844362735748,0.0,B,0
B_0_022,0.0464400053024292,V3 +utility KD,B,0.012083797715604305,0.0,B,0
B_0_023,0.2723623216152191,V3 +utility KD,B,0.02168933115899563,1.0,B,0
B_0_024,0.6693105101585388,V3 +utility KD,B,0.03570399060845375,1.0,B,0
B_0_025,0.020319322124123573,V3 +utility KD,B,0.002497156383469701,0.0,B,0
B_0_026,0.22543597221374512,V3 +utility KD,B,0.14858311414718628,0.0,B,0
B_0_027,0.3461364805698395,V3 +utility KD,B,0.024408238008618355,1.0,B,0
B_0_028,0.010986615903675556,V3 +utility KD,B,0.0003214076568838209,0.0,B,0
B_0_029,0.6605705618858337,V3 +utility KD,B,0.0051130629144608974,1.0,B,0
B_0_030,0.7092854976654053,V3 +utility KD,B,0.00037829086068086326,1.0,B,0
B_0_031,0.14898616075515747,V3 +utility KD,B,0.00024948370992206037,1.0,B,0
B_0_032,0.024083375930786133,V3 +utility KD,B,0.0020781056955456734,0.0,B,0
B_0_033,0.0005496682715602219,V3 +utility KD,B,4.314815669204108e-06,0.0,B,0
B_0_034,0.2203361690044403,V3 +utility KD,B,0.006492870859801769,1.0,B,0
B_0_035,0.7952622771263123,V3 +utility KD,B,0.1088014766573906,1.0,B,0
B_0_036,0.07078183442354202,V3 +utility KD,B,0.0023535569198429585,0.0,B,0
B_0_037,0.51967453956604,V3 +utility KD,B,0.011164555326104164,1.0,B,0
B_0_038,0.8672762513160706,V3 +utility KD,B,0.5016951560974121,2.0,B,0
B_0_039,0.02182684652507305,V3 +utility KD,B,0.010530734434723854,0.0,B,0
B_0_040,0.04777570441365242,V3 +utility KD,B,0.0017403189558535814,1.0,B,0
B_0_041,0.3399122655391693,V3 +utility KD,B,0.07576830685138702,1.0,B,0
B_0_042,0.03330047056078911,V3 +utility KD,B,1.6003237760742195e-05,1.0,B,0
B_0_043,0.015383307822048664,V3 +utility KD,B,0.0007969093276187778,0.0,B,0
B_0_044,0.05206126719713211,V3 +utility KD,B,0.002117292722687125,1.0,B,0
B_0_045,0.038742899894714355,V3 +utility KD,B,0.011042594909667969,0.0,B,0
B_0_046,0.37367403507232666,V3 +utility KD,B,0.030916063115000725,1.0,B,0
B_0_047,0.12243061512708664,V3 +utility KD,B,0.0017215973930433393,1.0,B,0
B_0_048,0.07027370482683182,V3 +utility KD,B,0.0007141274982132018,1.0,B,0
B_0_049,0.12748008966445923,V3 +utility KD,B,0.01987423561513424,1.0,B,0
B_2_000,0.9999836683273315,V4 full Student,B,1.0,2.0,B,2
B_2_001,0.9889499545097351,V4 full Student,B,0.9999990463256836,2.0,B,2
B_2_002,0.9999111890792847,V4 full Student,B,1.0,2.0,B,2
B_2_003,0.9999918937683105,V4 full Student,B,1.0,2.0,B,2
B_2_004,0.9999804496765137,V4 full Student,B,1.0,2.0,B,2
B_2_005,0.9999889135360718,V4 full Student,B,1.0,2.0,B,2
B_2_006,0.9998437166213989,V4 full Student,B,1.0,2.0,B,2
B_2_007,0.7888503670692444,V4 full Student,B,0.964080274105072,2.0,B,2
B_2_008,0.9999997615814209,V4 full Student,B,1.0,2.0,B,2
B_2_009,0.999962568283081,V4 full Student,B,1.0,2.0,B,2
B_2_010,0.9999943971633911,V4 full Student,B,1.0,2.0,B,2
B_2_011,0.9999983310699463,V4 full Student,B,1.0,2.0,B,2
B_2_012,0.999478280544281,V4 full Student,B,1.0,2.0,B,2
B_2_013,0.9999997615814209,V4 full Student,B,1.0,2.0,B,2
B_2_014,0.9996644258499146,V4 full Student,B,1.0,2.0,B,2
B_2_015,0.9454478621482849,V4 full Student,B,0.11329670995473862,1.0,B,2
B_2_016,0.999996542930603,V4 full Student,B,1.0,2.0,B,2
B_2_017,0.9999990463256836,V4 full Student,B,1.0,2.0,B,2
B_2_018,0.9999845027923584,V4 full Student,B,1.0,2.0,B,2
B_2_019,0.9995741248130798,V4 full Student,B,1.0,2.0,B,2
B_2_020,0.9997703433036804,V4 full Student,B,1.0,2.0,B,2
B_2_021,0.9989873766899109,V4 full Student,B,1.0,2.0,B,2
B_2_022,0.9999130964279175,V4 full Student,B,1.0,2.0,B,2
B_2_023,0.9996715784072876,V4 full Student,B,1.0,2.0,B,2
B_2_024,0.9999886751174927,V4 full Student,B,1.0,2.0,B,2
B_2_025,0.9994131326675415,V4 full Student,B,1.0,2.0,B,2
B_2_026,0.9999970197677612,V4 full Student,B,1.0,2.0,B,2
B_2_027,0.9999961853027344,V4 full Student,B,1.0,2.0,B,2
B_2_028,0.9999947547912598,V4 full Student,B,1.0,2.0,B,2
B_2_029,0.9999055862426758,V4 full Student,B,1.0,2.0,B,2
B_2_030,0.9990257024765015,V4 full Student,B,1.0,2.0,B,2
B_2_031,0.9999995231628418,V4 full Student,B,1.0,2.0,B,2
B_2_032,0.9999990463256836,V4 full Student,B,1.0,2.0,B,2
B_2_033,0.9999922513961792,V4 full Student,B,1.0,2.0,B,2
B_2_034,0.9990431666374207,V4 full Student,B,0.9999997615814209,2.0,B,2
B_2_035,0.9977978467941284,V4 full Student,B,1.0,2.0,B,2
B_2_036,0.9999961853027344,V4 full Student,B,1.0,2.0,B,2
B_2_037,0.9999399185180664,V4 full Student,B,1.0,2.0,B,2
B_2_038,0.9872797727584839,V4 full Student,B,0.9911292791366577,2.0,B,2
B_2_039,0.999319314956665,V4 full Student,B,1.0,2.0,B,2
B_2_040,0.9999970197677612,V4 full Student,B,1.0,2.0,B,2
B_2_041,0.9997373223304749,V4 full Student,B,1.0,2.0,B,2
B_2_042,0.9999994039535522,V4 full Student,B,1.0,2.0,B,2
B_2_043,0.9999489784240723,V4 full Student,B,1.0,2.0,B,2
B_2_044,0.9999992847442627,V4 full Student,B,1.0,2.0,B,2
B_2_045,0.9999786615371704,V4 full Student,B,1.0,2.0,B,2
B_2_046,0.9999991655349731,V4 full Student,B,1.0,2.0,B,2
B_2_047,0.9998088479042053,V4 full Student,B,1.0,2.0,B,2
B_2_048,0.9999784231185913,V4 full Student,B,1.0,2.0,B,2
B_2_049,0.9663344025611877,V4 full Student,B,0.39176076650619507,1.0,B,2
B_2_050,0.9999760389328003,V4 full Student,B,1.0,2.0,B,2
B_2_051,0.9935247898101807,V4 full Student,B,0.9999998807907104,2.0,B,2
B_2_052,0.9999921321868896,V4 full Student,B,1.0,2.0,B,2
B_2_053,0.9999828338623047,V4 full Student,B,1.0,2.0,B,2
B_2_054,0.9999958276748657,V4 full Student,B,1.0,2.0,B,2
B_2_055,0.9999984502792358,V4 full Student,B,1.0,2.0,B,2
B_2_056,0.9999988079071045,V4 full Student,B,1.0,2.0,B,2
B_2_057,0.9999920129776001,V4 full Student,B,1.0,2.0,B,2
B_2_058,0.9999959468841553,V4 full Student,B,1.0,2.0,B,2
B_2_059,0.9999110698699951,V4 full Student,B,1.0,2.0,B,2
B_2_060,0.9990257024765015,V4 full Student,B,1.0,2.0,B,2
B_2_061,0.9999680519104004,V4 full Student,B,1.0,2.0,B,2
B_2_062,0.9999830722808838,V4 full Student,B,1.0,2.0,B,2
B_2_063,0.9999984502792358,V4 full Student,B,1.0,2.0,B,2
B_2_064,0.9999980926513672,V4 full Student,B,1.0,2.0,B,2
B_2_065,0.9999988079071045,V4 full Student,B,1.0,2.0,B,2
B_2_066,0.9999972581863403,V4 full Student,B,1.0,2.0,B,2
B_2_067,0.9648429751396179,V4 full Student,B,0.9999369382858276,2.0,B,2
B_2_068,0.9999996423721313,V4 full Student,B,1.0,2.0,B,2
B_2_069,0.9999959468841553,V4 full Student,B,1.0,2.0,B,2
B_2_070,0.9999831914901733,V4 full Student,B,1.0,2.0,B,2
B_1_000,0.407807320356369,V4 full Student,B,9.32399556868857e-12,1.0,B,1
B_1_001,0.391711562871933,V4 full Student,B,1.5513078086113082e-15,1.0,B,1
B_1_002,0.6465291380882263,V4 full Student,B,3.2279040720992625e-15,1.0,B,1
B_1_003,0.7071183919906616,V4 full Student,B,5.663327136302276e-17,1.0,B,1
B_1_004,0.31786561012268066,V4 full Student,B,6.786164863792213e-16,1.0,B,1
B_1_005,0.565964937210083,V4 full Student,B,1.0792376107376933e-13,1.0,B,1
B_1_006,0.3327127993106842,V4 full Student,B,8.951012398303693e-19,1.0,B,1
B_1_007,0.2047286182641983,V4 full Student,B,2.2129119283537113e-12,1.0,B,1
B_1_008,0.31541985273361206,V4 full Student,B,5.40042213845773e-16,1.0,B,1
B_1_009,0.3954554498195648,V4 full Student,B,3.2574553575630705e-15,1.0,B,1
B_1_010,0.6625897884368896,V4 full Student,B,1.0502110050099854e-17,1.0,B,1
B_1_011,0.3403369188308716,V4 full Student,B,6.196273716341238e-08,1.0,B,1
B_1_012,0.17595602571964264,V4 full Student,B,1.953144677241392e-12,1.0,B,1
B_1_013,0.23910798132419586,V4 full Student,B,2.2433497767759825e-11,1.0,B,1
B_1_014,0.2984490692615509,V4 full Student,B,3.571792248904457e-15,1.0,B,1
B_1_015,0.1449706256389618,V4 full Student,B,1.7347875760119314e-21,1.0,B,1
B_1_016,0.32182174921035767,V4 full Student,B,1.627078971501352e-14,1.0,B,1
B_1_017,0.36044517159461975,V4 full Student,B,1.3975338474767366e-15,1.0,B,1
B_1_018,0.42463454604148865,V4 full Student,B,1.498035168134848e-10,1.0,B,1
B_1_019,0.8687142729759216,V4 full Student,B,6.268259803083372e-15,1.0,B,1
B_1_020,0.46892061829566956,V4 full Student,B,3.7620609210330114e-14,1.0,B,1
B_1_021,0.5414927005767822,V4 full Student,B,1.222530510987951e-17,1.0,B,1
B_1_022,0.425325483083725,V4 full Student,B,8.040908835735043e-21,1.0,B,1
B_1_023,0.42092910408973694,V4 full Student,B,1.0990283509897518e-20,1.0,B,1
B_1_024,0.6404157876968384,V4 full Student,B,2.146450267417714e-14,1.0,B,1
B_1_025,0.3672449290752411,V4 full Student,B,2.2819126535649496e-19,1.0,B,1
B_1_026,0.5449438095092773,V4 full Student,B,1.2892348863827174e-12,1.0,B,1
B_1_027,0.3971342444419861,V4 full Student,B,4.32451943301744e-17,1.0,B,1
B_1_028,0.3031328320503235,V4 full Student,B,1.4551905596331692e-16,1.0,B,1
B_1_029,0.4214850068092346,V4 full Student,B,7.319725872693172e-17,1.0,B,1
B_1_030,0.37913498282432556,V4 full Student,B,1.5977134152165864e-17,1.0,B,1
B_1_031,0.5686010718345642,V4 full Student,B,1.0041552296293681e-15,1.0,B,1
B_1_032,0.28042787313461304,V4 full Student,B,1.4065887355620035e-15,1.0,B,1
B_1_033,0.22946849465370178,V4 full Student,B,1.0075801221519878e-18,1.0,B,1
B_1_034,0.6101725101470947,V4 full Student,B,1.4812115970612785e-15,1.0,B,1
B_1_035,0.41895344853401184,V4 full Student,B,7.062214311612247e-13,1.0,B,1
B_1_036,0.5472357869148254,V4 full Student,B,6.563966416508137e-16,1.0,B,1
B_1_037,0.2545330226421356,V4 full Student,B,4.914334141346523e-21,1.0,B,1
B_1_038,0.3408603370189667,V4 full Student,B,9.706145385632896e-21,1.0,B,1
B_1_039,0.5444161295890808,V4 full Student,B,5.172115318037613e-19,1.0,B,1
B_1_040,0.596553385257721,V4 full Student,B,1.7936230842577339e-12,1.0,B,1
B_1_041,0.6663002371788025,V4 full Student,B,8.587983195949573e-15,1.0,B,1
B_1_042,0.4845784902572632,V4 full Student,B,3.080881036399141e-11,1.0,B,1
B_1_043,0.46150147914886475,V4 full Student,B,1.6122966094158962e-18,1.0,B,1
B_1_044,0.48238661885261536,V4 full Student,B,5.2487878884270416e-15,1.0,B,1
B_1_045,0.6149089932441711,V4 full Student,B,8.954124251768118e-18,1.0,B,1
B_1_046,0.4638444781303406,V4 full Student,B,3.911857342502219e-14,1.0,B,1
B_1_047,0.18651090562343597,V4 full Student,B,4.9138938912675977e-17,1.0,B,1
B_1_048,0.6654179096221924,V4 full Student,B,2.8903085030592204e-15,1.0,B,1
B_1_049,0.49239635467529297,V4 full Student,B,1.29435945938462e-20,1.0,B,1
B_1_050,0.3072819113731384,V4 full Student,B,8.802928457092919e-20,1.0,B,1
B_1_051,0.45081380009651184,V4 full Student,B,3.590178793090506e-15,1.0,B,1
B_1_052,0.6534972190856934,V4 full Student,B,1.4755003588298038e-13,1.0,B,1
B_1_053,0.48243990540504456,V4 full Student,B,3.788178809267101e-13,1.0,B,1
B_1_054,0.4516613185405731,V4 full Student,B,9.468216954824221e-14,1.0,B,1
B_1_055,0.3098050355911255,V4 full Student,B,1.5552869755963705e-11,1.0,B,1
B_1_056,0.7801572680473328,V4 full Student,B,5.732536345537853e-16,1.0,B,1
B_1_057,0.2915935516357422,V4 full Student,B,8.587487364038074e-16,1.0,B,1
B_1_058,0.4679510295391083,V4 full Student,B,2.4390252388499976e-21,1.0,B,1
B_1_059,0.6429479718208313,V4 full Student,B,8.657345082873892e-17,1.0,B,1
B_1_060,0.5581843852996826,V4 full Student,B,8.904762662304322e-19,1.0,B,1
B_1_061,0.2655395269393921,V4 full Student,B,6.093596712450309e-17,1.0,B,1
B_1_062,0.421775221824646,V4 full Student,B,2.3871140008573265e-18,1.0,B,1
B_1_063,0.3633039891719818,V4 full Student,B,9.765116537452286e-22,1.0,B,1
B_1_064,0.47716715931892395,V4 full Student,B,1.281118539178612e-16,1.0,B,1
B_1_065,0.3060828745365143,V4 full Student,B,2.6529136526454167e-11,1.0,B,1
B_1_066,0.2558208703994751,V4 full Student,B,1.4122002957503388e-17,1.0,B,1
B_1_067,0.4080961048603058,V4 full Student,B,2.2569990321130717e-10,1.0,B,1
B_1_068,0.5073105692863464,V4 full Student,B,6.567511725424913e-12,1.0,B,1
B_1_069,0.5722211599349976,V4 full Student,B,4.511737537162282e-17,1.0,B,1
B_1_070,0.7721392512321472,V4 full Student,B,1.942769119406091e-18,1.0,B,1
B_1_071,0.5275814533233643,V4 full Student,B,8.284274377601264e-10,1.0,B,1
B_1_072,0.6876164674758911,V4 full Student,B,5.371844835004146e-15,1.0,B,1
B_1_073,0.471334308385849,V4 full Student,B,3.643754050520814e-15,1.0,B,1
B_1_074,0.5457163453102112,V4 full Student,B,3.3238239893874587e-20,1.0,B,1
B_1_075,0.3942098915576935,V4 full Student,B,1.1963840291714933e-12,1.0,B,1
B_1_076,0.2931830585002899,V4 full Student,B,7.982833212277947e-15,1.0,B,1
B_1_077,0.12454165518283844,V4 full Student,B,2.1662786310865795e-14,1.0,B,1
B_1_078,0.6237722039222717,V4 full Student,B,1.0786335661320179e-15,1.0,B,1
B_1_079,0.3347631096839905,V4 full Student,B,4.314227808007755e-14,1.0,B,1
B_1_080,0.49691811203956604,V4 full Student,B,3.091746476890922e-12,1.0,B,1
B_1_081,0.32622721791267395,V4 full Student,B,6.7825554200817706e-12,1.0,B,1
B_1_082,0.47781065106391907,V4 full Student,B,1.1217287098990751e-17,1.0,B,1
B_1_083,0.38444703817367554,V4 full Student,B,3.4583735843550403e-16,1.0,B,1
B_1_084,0.45686212182044983,V4 full Student,B,5.673521961576112e-21,1.0,B,1
B_1_085,0.6526546478271484,V4 full Student,B,7.95900671757277e-12,1.0,B,1
B_1_086,0.31287747621536255,V4 full Student,B,9.662014666643036e-18,1.0,B,1
B_1_087,0.6069591641426086,V4 full Student,B,4.747262221456612e-14,1.0,B,1
B_1_088,0.5304015278816223,V4 full Student,B,6.027092158824654e-15,1.0,B,1
B_1_089,0.6298417448997498,V4 full Student,B,5.147624115687052e-21,1.0,B,1
B_1_090,0.24801801145076752,V4 full Student,B,1.1448332350718056e-20,1.0,B,1
B_1_091,0.36068636178970337,V4 full Student,B,5.097705813028597e-09,1.0,B,1
B_1_092,0.602028489112854,V4 full Student,B,1.725886957220507e-13,1.0,B,1
B_1_093,0.27597612142562866,V4 full Student,B,2.9848109101931987e-15,1.0,B,1
B_1_094,0.3089557886123657,V4 full Student,B,5.511610048566928e-13,1.0,B,1
B_0_000,0.28830862045288086,V4 full Student,B,0.035726916044950485,0.0,B,0
B_0_001,0.15766237676143646,V4 full Student,B,0.000373311951989308,0.0,B,0
B_0_002,0.857952892780304,V4 full Student,B,0.538065493106842,2.0,B,0
B_0_003,0.43808281421661377,V4 full Student,B,0.0003147173847537488,1.0,B,0
B_0_004,0.8700751066207886,V4 full Student,B,0.9871972799301147,2.0,B,0
B_0_005,0.05660811439156532,V4 full Student,B,9.594502444087993e-06,0.0,B,0
B_0_006,0.21604430675506592,V4 full Student,B,0.005743837915360928,1.0,B,0
B_0_007,0.3210051357746124,V4 full Student,B,4.356493263912853e-07,1.0,B,0
B_0_008,0.567081868648529,V4 full Student,B,0.12005669623613358,1.0,B,0
B_0_009,0.8411006331443787,V4 full Student,B,0.9970550537109375,2.0,B,0
B_0_010,0.0033428019378334284,V4 full Student,B,5.012916304281134e-09,0.0,B,0
B_0_011,0.21538734436035156,V4 full Student,B,0.2721475660800934,0.0,B,0
B_0_012,0.009857425466179848,V4 full Student,B,9.187528515752774e-10,0.0,B,0
B_0_013,0.4036940038204193,V4 full Student,B,1.4354158395235572e-07,1.0,B,0
B_0_014,0.36095911264419556,V4 full Student,B,0.0006866652984172106,1.0,B,0
B_0_015,0.30215415358543396,V4 full Student,B,0.09970635175704956,0.0,B,0
B_0_016,0.6116088628768921,V4 full Student,B,0.017108403146266937,1.0,B,0
B_0_017,0.26384681463241577,V4 full Student,B,0.0013982609380036592,1.0,B,0
B_0_018,0.47630470991134644,V4 full Student,B,2.9227814835053323e-08,1.0,B,0
B_0_019,0.6474805474281311,V4 full Student,B,2.1385386794747774e-09,1.0,B,0
B_0_020,0.050921227782964706,V4 full Student,B,1.393760339851724e-05,0.0,B,0
B_0_021,0.5470827221870422,V4 full Student,B,0.11989471316337585,0.0,B,0
B_0_022,0.02368154376745224,V4 full Student,B,1.391659679939039e-06,0.0,B,0
B_0_023,0.5754038691520691,V4 full Student,B,0.0007431166595779359,1.0,B,0
B_0_024,0.4638488292694092,V4 full Student,B,7.658101708329923e-08,1.0,B,0
B_0_025,0.40966248512268066,V4 full Student,B,0.16656310856342316,0.0,B,0
B_0_026,0.37711378931999207,V4 full Student,B,0.007592294365167618,1.0,B,0
B_0_027,0.3927028179168701,V4 full Student,B,1.0432719577124772e-08,1.0,B,0
B_0_028,0.0591464526951313,V4 full Student,B,4.959297257300932e-07,0.0,B,0
B_0_029,0.7063202261924744,V4 full Student,B,5.635592515318422e-06,1.0,B,0
B_0_030,0.31093722581863403,V4 full Student,B,6.665974069619551e-05,1.0,B,0
B_0_031,0.41408661007881165,V4 full Student,B,3.338034570976589e-10,1.0,B,0
B_0_032,0.16000273823738098,V4 full Student,B,1.0516856008280229e-07,0.0,B,0
B_0_033,0.0011097330134361982,V4 full Student,B,1.7317138391662046e-12,0.0,B,0
B_0_034,0.527338445186615,V4 full Student,B,1.0464648767083418e-05,1.0,B,0
B_0_035,0.6471391916275024,V4 full Student,B,3.2229429052677006e-05,1.0,B,0
B_0_036,0.27864566445350647,V4 full Student,B,0.00044096788042224944,0.0,B,0
B_0_037,0.5652278065681458,V4 full Student,B,1.4926275071047712e-05,1.0,B,0
B_0_038,0.8975056409835815,V4 full Student,B,0.09493176639080048,1.0,B,0
B_0_039,0.17057935893535614,V4 full Student,B,0.00039139011641964316,0.0,B,0
B_0_040,0.47544822096824646,V4 full Student,B,1.0107918342328048e-06,1.0,B,0
B_0_041,0.45228877663612366,V4 full Student,B,1.1345286111463793e-05,1.0,B,0
B_0_042,0.34438204765319824,V4 full Student,B,4.0212569385467134e-11,1.0,B,0
B_0_043,0.003935042768716812,V4 full Student,B,1.7815747810345783e-07,0.0,B,0
B_0_044,0.49174264073371887,V4 full Student,B,4.919329876429401e-05,1.0,B,0
B_0_045,0.08483373373746872,V4 full Student,B,1.4308252502814867e-05,0.0,B,0
B_0_046,0.4316142797470093,V4 full Student,B,0.02435498870909214,1.0,B,0
B_0_047,0.5281973481178284,V4 full Student,B,2.9487181585352573e-09,1.0,B,0
B_0_048,0.2769712209701538,V4 full Student,B,1.0989322873911078e-07,1.0,B,0
B_0_049,0.4310193359851837,V4 full Student,B,0.0013369861990213394,1.0,B,0
C_2_000,1.0,Teacher (privileged),C,,,C,2
C_2_001,1.0,Teacher (privileged),C,,,C,2
C_2_002,1.0,Teacher (privileged),C,,,C,2
C_2_003,1.0,Teacher (privileged),C,,,C,2
C_2_004,1.0,Teacher (privileged),C,,,C,2
C_2_005,1.0,Teacher (privileged),C,,,C,2
C_2_006,1.0,Teacher (privileged),C,,,C,2
C_2_007,1.0,Teacher (privileged),C,,,C,2
C_2_008,1.0,Teacher (privileged),C,,,C,2
C_2_009,1.0,Teacher (privileged),C,,,C,2
C_2_010,2.9611957537432925e-32,Teacher (privileged),C,,,C,2
C_2_011,1.0,Teacher (privileged),C,,,C,2
C_2_012,1.0,Teacher (privileged),C,,,C,2
C_2_013,1.0,Teacher (privileged),C,,,C,2
C_2_014,1.0,Teacher (privileged),C,,,C,2
C_2_015,1.0,Teacher (privileged),C,,,C,2
C_2_016,1.0,Teacher (privileged),C,,,C,2
C_2_017,1.0,Teacher (privileged),C,,,C,2
C_2_018,1.0,Teacher (privileged),C,,,C,2
C_2_019,1.0,Teacher (privileged),C,,,C,2
C_2_020,1.0,Teacher (privileged),C,,,C,2
C_2_021,1.0,Teacher (privileged),C,,,C,2
C_2_022,1.0,Teacher (privileged),C,,,C,2
C_2_023,1.0,Teacher (privileged),C,,,C,2
C_2_024,1.0,Teacher (privileged),C,,,C,2
C_2_025,1.0,Teacher (privileged),C,,,C,2
C_2_026,1.0,Teacher (privileged),C,,,C,2
C_2_027,1.0,Teacher (privileged),C,,,C,2
C_2_028,1.0,Teacher (privileged),C,,,C,2
C_2_029,1.0,Teacher (privileged),C,,,C,2
C_2_030,1.0,Teacher (privileged),C,,,C,2
C_2_031,1.0,Teacher (privileged),C,,,C,2
C_2_032,1.0,Teacher (privileged),C,,,C,2
C_2_033,1.0,Teacher (privileged),C,,,C,2
C_2_034,1.0,Teacher (privileged),C,,,C,2
C_2_035,1.0,Teacher (privileged),C,,,C,2
C_2_036,0.2199345976114273,Teacher (privileged),C,,,C,2
C_2_037,1.0,Teacher (privileged),C,,,C,2
C_2_038,1.0,Teacher (privileged),C,,,C,2
C_2_039,1.0,Teacher (privileged),C,,,C,2
C_2_040,1.0,Teacher (privileged),C,,,C,2
C_2_041,1.0,Teacher (privileged),C,,,C,2
C_2_042,1.0,Teacher (privileged),C,,,C,2
C_1_000,0.0,Teacher (privileged),C,,,C,1
C_1_001,0.0,Teacher (privileged),C,,,C,1
C_1_002,0.0,Teacher (privileged),C,,,C,1
C_1_003,0.0,Teacher (privileged),C,,,C,1
C_1_004,0.0,Teacher (privileged),C,,,C,1
C_1_005,0.0,Teacher (privileged),C,,,C,1
C_1_006,0.0,Teacher (privileged),C,,,C,1
C_1_007,0.0,Teacher (privileged),C,,,C,1
C_1_008,0.0,Teacher (privileged),C,,,C,1
C_1_009,0.0,Teacher (privileged),C,,,C,1
C_1_010,0.0,Teacher (privileged),C,,,C,1
C_1_011,0.0,Teacher (privileged),C,,,C,1
C_1_012,0.0,Teacher (privileged),C,,,C,1
C_1_013,0.0,Teacher (privileged),C,,,C,1
C_1_014,0.0,Teacher (privileged),C,,,C,1
C_1_015,0.0,Teacher (privileged),C,,,C,1
C_1_016,0.0,Teacher (privileged),C,,,C,1
C_1_017,0.0,Teacher (privileged),C,,,C,1
C_1_018,0.0,Teacher (privileged),C,,,C,1
C_1_019,0.0,Teacher (privileged),C,,,C,1
C_1_020,0.0,Teacher (privileged),C,,,C,1
C_1_021,0.0,Teacher (privileged),C,,,C,1
C_1_022,0.0,Teacher (privileged),C,,,C,1
C_1_023,0.0,Teacher (privileged),C,,,C,1
C_1_024,0.0,Teacher (privileged),C,,,C,1
C_1_025,0.0,Teacher (privileged),C,,,C,1
C_1_026,0.0,Teacher (privileged),C,,,C,1
C_1_027,0.0,Teacher (privileged),C,,,C,1
C_1_028,0.0,Teacher (privileged),C,,,C,1
C_1_029,0.0,Teacher (privileged),C,,,C,1
C_1_030,0.0,Teacher (privileged),C,,,C,1
C_1_031,0.0,Teacher (privileged),C,,,C,1
C_1_032,0.0,Teacher (privileged),C,,,C,1
C_1_033,0.0,Teacher (privileged),C,,,C,1
C_1_034,0.0,Teacher (privileged),C,,,C,1
C_1_035,0.0,Teacher (privileged),C,,,C,1
C_1_036,0.0,Teacher (privileged),C,,,C,1
C_1_037,0.0,Teacher (privileged),C,,,C,1
C_1_038,0.0,Teacher (privileged),C,,,C,1
C_1_039,0.0,Teacher (privileged),C,,,C,1
C_1_040,0.0,Teacher (privileged),C,,,C,1
C_1_041,0.0,Teacher (privileged),C,,,C,1
C_1_042,0.0,Teacher (privileged),C,,,C,1
C_1_043,0.0,Teacher (privileged),C,,,C,1
C_1_044,0.0,Teacher (privileged),C,,,C,1
C_1_045,0.0,Teacher (privileged),C,,,C,1
C_1_046,0.0,Teacher (privileged),C,,,C,1
C_1_047,0.0,Teacher (privileged),C,,,C,1
C_1_048,0.0,Teacher (privileged),C,,,C,1
C_1_049,0.0,Teacher (privileged),C,,,C,1
C_1_050,0.0,Teacher (privileged),C,,,C,1
C_1_051,0.0,Teacher (privileged),C,,,C,1
C_1_052,0.0,Teacher (privileged),C,,,C,1
C_1_053,0.0,Teacher (privileged),C,,,C,1
C_1_054,0.0,Teacher (privileged),C,,,C,1
C_1_055,0.0,Teacher (privileged),C,,,C,1
C_1_056,0.0,Teacher (privileged),C,,,C,1
C_1_057,0.0,Teacher (privileged),C,,,C,1
C_1_058,0.0,Teacher (privileged),C,,,C,1
C_1_059,0.0,Teacher (privileged),C,,,C,1
C_1_060,0.0,Teacher (privileged),C,,,C,1
C_1_061,0.0,Teacher (privileged),C,,,C,1
C_1_062,0.0,Teacher (privileged),C,,,C,1
C_1_063,0.0,Teacher (privileged),C,,,C,1
C_1_064,0.0,Teacher (privileged),C,,,C,1
C_1_065,0.0,Teacher (privileged),C,,,C,1
C_1_066,0.0,Teacher (privileged),C,,,C,1
C_1_067,0.0,Teacher (privileged),C,,,C,1
C_1_068,0.0,Teacher (privileged),C,,,C,1
C_1_069,0.0,Teacher (privileged),C,,,C,1
C_1_070,0.0,Teacher (privileged),C,,,C,1
C_1_071,0.0,Teacher (privileged),C,,,C,1
C_1_072,0.0,Teacher (privileged),C,,,C,1
C_1_073,0.0,Teacher (privileged),C,,,C,1
C_1_074,0.0,Teacher (privileged),C,,,C,1
C_1_075,0.0,Teacher (privileged),C,,,C,1
C_1_076,0.0,Teacher (privileged),C,,,C,1
C_1_077,0.0,Teacher (privileged),C,,,C,1
C_1_078,0.0,Teacher (privileged),C,,,C,1
C_1_079,0.0,Teacher (privileged),C,,,C,1
C_1_080,0.0,Teacher (privileged),C,,,C,1
C_1_081,0.0,Teacher (privileged),C,,,C,1
C_0_000,0.0,Teacher (privileged),C,,,C,0
C_0_001,0.0,Teacher (privileged),C,,,C,0
C_0_002,0.0,Teacher (privileged),C,,,C,0
C_0_003,0.0,Teacher (privileged),C,,,C,0
C_0_004,0.0,Teacher (privileged),C,,,C,0
C_0_005,0.0,Teacher (privileged),C,,,C,0
C_0_006,0.0,Teacher (privileged),C,,,C,0
C_0_007,0.0,Teacher (privileged),C,,,C,0
C_0_008,0.0,Teacher (privileged),C,,,C,0
C_0_009,0.0,Teacher (privileged),C,,,C,0
C_0_010,0.0,Teacher (privileged),C,,,C,0
C_0_011,0.0,Teacher (privileged),C,,,C,0
C_0_012,0.0,Teacher (privileged),C,,,C,0
C_0_013,0.0,Teacher (privileged),C,,,C,0
C_0_014,0.0,Teacher (privileged),C,,,C,0
C_0_015,0.0,Teacher (privileged),C,,,C,0
C_0_016,0.0,Teacher (privileged),C,,,C,0
C_0_017,0.0,Teacher (privileged),C,,,C,0
C_0_018,0.0,Teacher (privileged),C,,,C,0
C_0_019,0.0,Teacher (privileged),C,,,C,0
C_0_020,0.0,Teacher (privileged),C,,,C,0
C_0_021,0.0,Teacher (privileged),C,,,C,0
C_0_022,0.0,Teacher (privileged),C,,,C,0
C_0_023,0.0,Teacher (privileged),C,,,C,0
C_0_024,0.0,Teacher (privileged),C,,,C,0
C_0_025,0.0,Teacher (privileged),C,,,C,0
C_0_026,0.0,Teacher (privileged),C,,,C,0
C_0_027,0.0,Teacher (privileged),C,,,C,0
C_0_028,0.0,Teacher (privileged),C,,,C,0
C_0_029,0.0,Teacher (privileged),C,,,C,0
C_0_030,0.0,Teacher (privileged),C,,,C,0
C_0_031,0.0,Teacher (privileged),C,,,C,0
C_0_032,0.0,Teacher (privileged),C,,,C,0
C_0_033,0.0,Teacher (privileged),C,,,C,0
C_0_034,0.0,Teacher (privileged),C,,,C,0
C_0_035,0.0,Teacher (privileged),C,,,C,0
C_0_036,0.0,Teacher (privileged),C,,,C,0
C_0_037,0.0,Teacher (privileged),C,,,C,0
C_0_038,0.0,Teacher (privileged),C,,,C,0
C_0_039,0.0,Teacher (privileged),C,,,C,0
C_0_040,0.0,Teacher (privileged),C,,,C,0
C_0_041,0.0,Teacher (privileged),C,,,C,0
C_0_042,0.0,Teacher (privileged),C,,,C,0
C_0_043,0.0,Teacher (privileged),C,,,C,0
C_0_044,0.0,Teacher (privileged),C,,,C,0
C_0_045,0.0,Teacher (privileged),C,,,C,0
C_0_046,0.0,Teacher (privileged),C,,,C,0
C_0_047,0.0,Teacher (privileged),C,,,C,0
C_0_048,0.0,Teacher (privileged),C,,,C,0
C_0_049,0.0,Teacher (privileged),C,,,C,0
C_2_000,0.45178356766700745,V0 Direct (single-scale),C,0.0034673300106078386,1.0,C,2
C_2_001,0.200142040848732,V0 Direct (single-scale),C,0.28845730423927307,0.0,C,2
C_2_002,0.010627112351357937,V0 Direct (single-scale),C,0.007870761677622795,0.0,C,2
C_2_003,0.7305095195770264,V0 Direct (single-scale),C,0.8591192364692688,2.0,C,2
C_2_004,0.059160053730010986,V0 Direct (single-scale),C,0.05411446839570999,0.0,C,2
C_2_005,0.02163505181670189,V0 Direct (single-scale),C,0.03245607763528824,0.0,C,2
C_2_006,1.0,V0 Direct (single-scale),C,1.0,2.0,C,2
C_2_007,0.10485121607780457,V0 Direct (single-scale),C,0.033456455916166306,0.0,C,2
C_2_008,0.07150119543075562,V0 Direct (single-scale),C,0.0003498612204566598,1.0,C,2
C_2_009,0.9999992847442627,V0 Direct (single-scale),C,0.9999923706054688,2.0,C,2
C_2_010,0.9818211197853088,V0 Direct (single-scale),C,0.9419605731964111,2.0,C,2
C_2_011,0.9994045495986938,V0 Direct (single-scale),C,0.9999886751174927,2.0,C,2
C_2_012,0.2840605676174164,V0 Direct (single-scale),C,0.0024808163288980722,1.0,C,2
C_2_013,0.5314081907272339,V0 Direct (single-scale),C,0.5413864254951477,2.0,C,2
C_2_014,0.09820598363876343,V0 Direct (single-scale),C,0.08575473725795746,0.0,C,2
C_2_015,0.18520613014698029,V0 Direct (single-scale),C,7.840404578018934e-06,1.0,C,2
C_2_016,0.9999982118606567,V0 Direct (single-scale),C,0.9999978542327881,2.0,C,2
C_2_017,0.006668949965387583,V0 Direct (single-scale),C,0.010534294880926609,0.0,C,2
C_2_018,0.8438308835029602,V0 Direct (single-scale),C,0.9289229512214661,2.0,C,2
C_2_019,0.686670184135437,V0 Direct (single-scale),C,0.5760806798934937,2.0,C,2
C_2_020,0.999998927116394,V0 Direct (single-scale),C,0.9999998807907104,2.0,C,2
C_2_021,0.016511714085936546,V0 Direct (single-scale),C,0.010746965184807777,0.0,C,2
C_2_022,0.00018129669479094446,V0 Direct (single-scale),C,0.0006189407431520522,0.0,C,2
C_2_023,0.9972280859947205,V0 Direct (single-scale),C,0.9930949807167053,2.0,C,2
C_2_024,0.03693109005689621,V0 Direct (single-scale),C,0.03325808793306351,0.0,C,2
C_2_025,0.002681547775864601,V0 Direct (single-scale),C,0.0016172835603356361,0.0,C,2
C_2_026,0.20419852435588837,V0 Direct (single-scale),C,0.17552785575389862,1.0,C,2
C_2_027,5.322412562236423e-06,V0 Direct (single-scale),C,7.552583269898605e-07,0.0,C,2
C_2_028,0.0004932660958729684,V0 Direct (single-scale),C,0.0008912227349355817,0.0,C,2
C_2_029,0.8553051352500916,V0 Direct (single-scale),C,0.8757787346839905,2.0,C,2
C_2_030,0.8706262111663818,V0 Direct (single-scale),C,0.9041351079940796,2.0,C,2
C_2_031,0.8502318263053894,V0 Direct (single-scale),C,0.9472865462303162,2.0,C,2
C_2_032,1.0,V0 Direct (single-scale),C,1.0,2.0,C,2
C_2_033,0.0005590356886386871,V0 Direct (single-scale),C,0.0013931223656982183,0.0,C,2
C_2_034,0.9868972897529602,V0 Direct (single-scale),C,0.9980303645133972,2.0,C,2
C_2_035,0.0006707636057399213,V0 Direct (single-scale),C,0.0007296844851225615,0.0,C,2
C_2_036,0.2615635097026825,V0 Direct (single-scale),C,0.0006737182266078889,1.0,C,2
C_2_037,0.0029569901525974274,V0 Direct (single-scale),C,0.0012671509757637978,0.0,C,2
C_2_038,0.9771248698234558,V0 Direct (single-scale),C,0.9898052215576172,2.0,C,2
C_2_039,1.0,V0 Direct (single-scale),C,1.0,2.0,C,2
C_2_040,0.9683203101158142,V0 Direct (single-scale),C,0.9689441919326782,2.0,C,2
C_2_041,0.598624587059021,V0 Direct (single-scale),C,0.004319326486438513,1.0,C,2
C_2_042,1.0,V0 Direct (single-scale),C,1.0,2.0,C,2
C_1_000,0.3210638165473938,V0 Direct (single-scale),C,0.0027604997158050537,1.0,C,1
C_1_001,0.007835363037884235,V0 Direct (single-scale),C,0.005579331889748573,0.0,C,1
C_1_002,0.1850154846906662,V0 Direct (single-scale),C,0.00014552449283655733,1.0,C,1
C_1_003,0.3462373614311218,V0 Direct (single-scale),C,0.0003702192916534841,1.0,C,1
C_1_004,0.26949989795684814,V0 Direct (single-scale),C,0.05999369919300079,1.0,C,1
C_1_005,0.43309229612350464,V0 Direct (single-scale),C,0.00013070969725959003,1.0,C,1
C_1_006,0.13200613856315613,V0 Direct (single-scale),C,2.8186836061649956e-05,1.0,C,1
C_1_007,0.0360945500433445,V0 Direct (single-scale),C,1.2818226423405576e-05,1.0,C,1
C_1_008,0.9874146580696106,V0 Direct (single-scale),C,0.9920538663864136,2.0,C,1
C_1_009,0.24915900826454163,V0 Direct (single-scale),C,0.00026470894226804376,1.0,C,1
C_1_010,0.49604833126068115,V0 Direct (single-scale),C,2.0175241477460304e-09,1.0,C,1
C_1_011,0.3742137849330902,V0 Direct (single-scale),C,1.3918226613895968e-05,1.0,C,1
C_1_012,0.29457560181617737,V0 Direct (single-scale),C,0.0011757861357182264,1.0,C,1
C_1_013,0.013797842897474766,V0 Direct (single-scale),C,1.1128729056508746e-05,1.0,C,1
C_1_014,0.20763637125492096,V0 Direct (single-scale),C,0.0002536472165957093,1.0,C,1
C_1_015,0.12342211604118347,V0 Direct (single-scale),C,3.7042940936871105e-10,1.0,C,1
C_1_016,0.8860704302787781,V0 Direct (single-scale),C,0.9759189486503601,2.0,C,1
C_1_017,0.35207808017730713,V0 Direct (single-scale),C,0.00018182948406320065,1.0,C,1
C_1_018,0.09505387395620346,V0 Direct (single-scale),C,9.035737457452342e-05,1.0,C,1
C_1_019,0.49312347173690796,V0 Direct (single-scale),C,1.0753552004416633e-07,1.0,C,1
C_1_020,0.8327641487121582,V0 Direct (single-scale),C,0.9373058676719666,2.0,C,1
C_1_021,0.3035426735877991,V0 Direct (single-scale),C,0.00014504553109873086,1.0,C,1
C_1_022,0.39901405572891235,V0 Direct (single-scale),C,1.2725240594591014e-06,1.0,C,1
C_1_023,0.43325886130332947,V0 Direct (single-scale),C,1.3762825801677536e-05,1.0,C,1
C_1_024,0.11295944452285767,V0 Direct (single-scale),C,9.4413782076707e-15,1.0,C,1
C_1_025,0.7370994687080383,V0 Direct (single-scale),C,0.7454879283905029,2.0,C,1
C_1_026,0.3659159243106842,V0 Direct (single-scale),C,3.3446303859818727e-06,1.0,C,1
C_1_027,0.9994902610778809,V0 Direct (single-scale),C,0.9995763897895813,2.0,C,1
C_1_028,0.0053560384549200535,V0 Direct (single-scale),C,0.0037101784255355597,0.0,C,1
C_1_029,0.48235777020454407,V0 Direct (single-scale),C,1.561851240694523e-05,1.0,C,1
C_1_030,0.2842407524585724,V0 Direct (single-scale),C,0.06814959645271301,0.0,C,1
C_1_031,0.240506112575531,V0 Direct (single-scale),C,0.0044327289797365665,1.0,C,1
C_1_032,0.2133859097957611,V0 Direct (single-scale),C,0.017939938232302666,1.0,C,1
C_1_033,0.24159350991249084,V0 Direct (single-scale),C,0.00414264714345336,1.0,C,1
C_1_034,0.07898443192243576,V0 Direct (single-scale),C,0.026843752712011337,0.0,C,1
C_1_035,0.5508614778518677,V0 Direct (single-scale),C,1.5817352760905123e-08,1.0,C,1
C_1_036,0.009403613395988941,V0 Direct (single-scale),C,0.002142040291801095,0.0,C,1
C_1_037,0.3188180923461914,V0 Direct (single-scale),C,3.605172651077737e-06,1.0,C,1
C_1_038,0.008827011100947857,V0 Direct (single-scale),C,0.013301459141075611,0.0,C,1
C_1_039,0.1390639841556549,V0 Direct (single-scale),C,0.0001990323216887191,1.0,C,1
C_1_040,0.6749773621559143,V0 Direct (single-scale),C,0.6785284876823425,2.0,C,1
C_1_041,0.9359953999519348,V0 Direct (single-scale),C,0.9183403253555298,2.0,C,1
C_1_042,0.1906534880399704,V0 Direct (single-scale),C,0.00044728571083396673,1.0,C,1
C_1_043,0.7595965266227722,V0 Direct (single-scale),C,0.810084879398346,2.0,C,1
C_1_044,0.3365425169467926,V0 Direct (single-scale),C,5.733229500037851e-07,1.0,C,1
C_1_045,0.001424715155735612,V0 Direct (single-scale),C,0.00026526337023824453,0.0,C,1
C_1_046,0.24437803030014038,V0 Direct (single-scale),C,3.2769564839441045e-10,1.0,C,1
C_1_047,0.14630326628684998,V0 Direct (single-scale),C,4.4605445737033733e-07,1.0,C,1
C_1_048,0.7119991183280945,V0 Direct (single-scale),C,0.7010663747787476,2.0,C,1
C_1_049,0.15245047211647034,V0 Direct (single-scale),C,4.6011174958948686e-07,1.0,C,1
C_1_050,0.2837526202201843,V0 Direct (single-scale),C,0.0006271328893490136,1.0,C,1
C_1_051,0.961452305316925,V0 Direct (single-scale),C,0.9952744245529175,2.0,C,1
C_1_052,0.40997570753097534,V0 Direct (single-scale),C,0.0014254027046263218,1.0,C,1
C_1_053,0.2138088196516037,V0 Direct (single-scale),C,4.756664202432148e-05,1.0,C,1
C_1_054,0.3045516014099121,V0 Direct (single-scale),C,0.3216332495212555,0.0,C,1
C_1_055,0.9988466501235962,V0 Direct (single-scale),C,0.9996821880340576,2.0,C,1
C_1_056,0.17241565883159637,V0 Direct (single-scale),C,0.0012651490978896618,1.0,C,1
C_1_057,0.018244076520204544,V0 Direct (single-scale),C,0.0006517358706332743,1.0,C,1
C_1_058,0.48622700572013855,V0 Direct (single-scale),C,0.32692766189575195,1.0,C,1
C_1_059,0.45155948400497437,V0 Direct (single-scale),C,0.00018469270435161889,1.0,C,1
C_1_060,0.2757043242454529,V0 Direct (single-scale),C,0.03314467892050743,1.0,C,1
C_1_061,0.2455589473247528,V0 Direct (single-scale),C,1.3609505522538257e-08,1.0,C,1
C_1_062,0.8627320528030396,V0 Direct (single-scale),C,0.18352080881595612,1.0,C,1
C_1_063,0.9928303360939026,V0 Direct (single-scale),C,0.9752469658851624,2.0,C,1
C_1_064,0.17506450414657593,V0 Direct (single-scale),C,6.605673843296245e-05,1.0,C,1
C_1_065,0.34756380319595337,V0 Direct (single-scale),C,0.19653630256652832,0.0,C,1
C_1_066,0.34880730509757996,V0 Direct (single-scale),C,0.0001575202913954854,1.0,C,1
C_1_067,0.48954442143440247,V0 Direct (single-scale),C,0.10405874997377396,1.0,C,1
C_1_068,0.30154284834861755,V0 Direct (single-scale),C,0.022922269999980927,1.0,C,1
C_1_069,0.895354151725769,V0 Direct (single-scale),C,0.47021013498306274,1.0,C,1
C_1_070,0.3345237672328949,V0 Direct (single-scale),C,0.001924082636833191,1.0,C,1
C_1_071,0.47551944851875305,V0 Direct (single-scale),C,6.837942834181376e-08,1.0,C,1
C_1_072,0.9983062744140625,V0 Direct (single-scale),C,0.9994914531707764,2.0,C,1
C_1_073,0.13859722018241882,V0 Direct (single-scale),C,0.01413029432296753,1.0,C,1
C_1_074,0.1959848701953888,V0 Direct (single-scale),C,1.5622642735024783e-08,1.0,C,1
C_1_075,0.5779945254325867,V0 Direct (single-scale),C,5.5090895330067724e-05,1.0,C,1
C_1_076,2.0037451697874076e-09,V0 Direct (single-scale),C,7.217810793491708e-10,0.0,C,1
C_1_077,0.6114101409912109,V0 Direct (single-scale),C,5.528224544804061e-09,1.0,C,1
C_1_078,0.5080534219741821,V0 Direct (single-scale),C,0.807844877243042,2.0,C,1
C_1_079,0.0002533865044824779,V0 Direct (single-scale),C,5.841745931434161e-08,1.0,C,1
C_1_080,0.01393128838390112,V0 Direct (single-scale),C,2.771591425698716e-06,1.0,C,1
C_1_081,0.004667744971811771,V0 Direct (single-scale),C,0.0061780125834047794,0.0,C,1
C_0_000,1.0,V0 Direct (single-scale),C,1.0,2.0,C,0
C_0_001,0.9999958276748657,V0 Direct (single-scale),C,0.999992847442627,2.0,C,0
C_0_002,0.21968668699264526,V0 Direct (single-scale),C,0.004341698717325926,1.0,C,0
C_0_003,0.9999998807907104,V0 Direct (single-scale),C,0.9999996423721313,2.0,C,0
C_0_004,0.6887673735618591,V0 Direct (single-scale),C,0.7558926343917847,2.0,C,0
C_0_005,0.6256266236305237,V0 Direct (single-scale),C,0.478941947221756,0.0,C,0
C_0_006,0.0024180514737963676,V0 Direct (single-scale),C,0.0009052504319697618,0.0,C,0
C_0_007,0.25566524267196655,V0 Direct (single-scale),C,0.11593493074178696,1.0,C,0
C_0_008,0.24199283123016357,V0 Direct (single-scale),C,0.07574538141489029,0.0,C,0
C_0_009,0.9999943971633911,V0 Direct (single-scale),C,0.9999816417694092,2.0,C,0
C_0_010,0.027770699933171272,V0 Direct (single-scale),C,0.0033480413258075714,1.0,C,0
C_0_011,0.9997703433036804,V0 Direct (single-scale),C,0.9999037981033325,2.0,C,0
C_0_012,0.02984550967812538,V0 Direct (single-scale),C,0.0374140739440918,0.0,C,0
C_0_013,0.9854148626327515,V0 Direct (single-scale),C,0.9998325109481812,2.0,C,0
C_0_014,0.03723851218819618,V0 Direct (single-scale),C,0.06501184403896332,0.0,C,0
C_0_015,0.021252932026982307,V0 Direct (single-scale),C,0.10482175648212433,1.0,C,0
C_0_016,0.036569952964782715,V0 Direct (single-scale),C,0.013713262043893337,0.0,C,0
C_0_017,6.517993966781432e-08,V0 Direct (single-scale),C,1.188036762300726e-07,0.0,C,0
C_0_018,1.0643403584253974e-05,V0 Direct (single-scale),C,1.942508561114664e-06,0.0,C,0
C_0_019,0.00022556813200935721,V0 Direct (single-scale),C,7.733253733022138e-05,0.0,C,0
C_0_020,0.0013067026156932116,V0 Direct (single-scale),C,0.0006397389806807041,0.0,C,0
C_0_021,0.0003428780473768711,V0 Direct (single-scale),C,0.00223095272667706,0.0,C,0
C_0_022,0.09749305993318558,V0 Direct (single-scale),C,0.001983353868126869,1.0,C,0
C_0_023,0.2080911248922348,V0 Direct (single-scale),C,0.05960269644856453,1.0,C,0
C_0_024,0.00013587014109361917,V0 Direct (single-scale),C,9.02821630006656e-05,0.0,C,0
C_0_025,9.613129077479243e-05,V0 Direct (single-scale),C,5.8284069382352754e-05,0.0,C,0
C_0_026,0.9282933473587036,V0 Direct (single-scale),C,0.965865969657898,2.0,C,0
C_0_027,0.06829198449850082,V0 Direct (single-scale),C,0.010993458330631256,1.0,C,0
C_0_028,0.0027500258293002844,V0 Direct (single-scale),C,0.005074609536677599,0.0,C,0
C_0_029,0.0006166256498545408,V0 Direct (single-scale),C,0.0002774879685603082,0.0,C,0
C_0_030,1.0,V0 Direct (single-scale),C,1.0,2.0,C,0
C_0_031,3.7161024124543474e-07,V0 Direct (single-scale),C,1.7379599626110576e-07,0.0,C,0
C_0_032,0.009538041427731514,V0 Direct (single-scale),C,0.006854991428554058,0.0,C,0
C_0_033,8.559982944689182e-08,V0 Direct (single-scale),C,3.352853923388466e-07,0.0,C,0
C_0_034,0.010208523832261562,V0 Direct (single-scale),C,0.019717272371053696,0.0,C,0
C_0_035,0.9997648596763611,V0 Direct (single-scale),C,0.9991415739059448,2.0,C,0
C_0_036,0.9991928935050964,V0 Direct (single-scale),C,0.9985017776489258,2.0,C,0
C_0_037,0.6940275430679321,V0 Direct (single-scale),C,0.41637539863586426,1.0,C,0
C_0_038,0.9961906671524048,V0 Direct (single-scale),C,0.9950790405273438,2.0,C,0
C_0_039,0.00165927957277745,V0 Direct (single-scale),C,0.003021534997969866,0.0,C,0
C_0_040,0.05093785747885704,V0 Direct (single-scale),C,0.027361959218978882,0.0,C,0
C_0_041,0.0001597713999217376,V0 Direct (single-scale),C,0.0005189910880289972,0.0,C,0
C_0_042,0.06943312287330627,V0 Direct (single-scale),C,0.07922093570232391,0.0,C,0
C_0_043,4.687599197694681e-10,V0 Direct (single-scale),C,1.2171893715162696e-08,0.0,C,0
C_0_044,0.20566898584365845,V0 Direct (single-scale),C,0.12252138555049896,0.0,C,0
C_0_045,0.0003339415998198092,V0 Direct (single-scale),C,0.0005232036346569657,0.0,C,0
C_0_046,0.038279805332422256,V0 Direct (single-scale),C,0.13501976430416107,0.0,C,0
C_0_047,0.07371354103088379,V0 Direct (single-scale),C,0.0638796016573906,0.0,C,0
C_0_048,0.468973308801651,V0 Direct (single-scale),C,0.27471792697906494,0.0,C,0
C_0_049,0.4853481650352478,V0 Direct (single-scale),C,5.180335574550554e-05,1.0,C,0
C_2_000,0.9999923706054688,V1 Student CE-only,C,0.9999923706054688,2.0,C,2
C_2_001,0.9999489784240723,V1 Student CE-only,C,0.9999489784240723,2.0,C,2
C_2_002,0.9999991655349731,V1 Student CE-only,C,0.9999991655349731,2.0,C,2
C_2_003,0.9959383010864258,V1 Student CE-only,C,0.9959383010864258,2.0,C,2
C_2_004,0.9981635212898254,V1 Student CE-only,C,0.9981635212898254,2.0,C,2
C_2_005,0.9999140501022339,V1 Student CE-only,C,0.9999140501022339,2.0,C,2
C_2_006,0.9999903440475464,V1 Student CE-only,C,0.9999903440475464,2.0,C,2
C_2_007,0.9989181756973267,V1 Student CE-only,C,0.9989181756973267,2.0,C,2
C_2_008,0.9997840523719788,V1 Student CE-only,C,0.9997840523719788,2.0,C,2
C_2_009,0.9999948740005493,V1 Student CE-only,C,0.9999948740005493,2.0,C,2
C_2_010,0.6620565056800842,V1 Student CE-only,C,0.6620565056800842,2.0,C,2
C_2_011,0.9998431205749512,V1 Student CE-only,C,0.9998431205749512,2.0,C,2
C_2_012,0.9999948740005493,V1 Student CE-only,C,0.9999948740005493,2.0,C,2
C_2_013,0.9999885559082031,V1 Student CE-only,C,0.9999885559082031,2.0,C,2
C_2_014,0.9999938011169434,V1 Student CE-only,C,0.9999938011169434,2.0,C,2
C_2_015,0.9999997615814209,V1 Student CE-only,C,0.9999997615814209,2.0,C,2
C_2_016,0.9999979734420776,V1 Student CE-only,C,0.9999979734420776,2.0,C,2
C_2_017,0.9999990463256836,V1 Student CE-only,C,0.9999990463256836,2.0,C,2
C_2_018,0.9999942779541016,V1 Student CE-only,C,0.9999942779541016,2.0,C,2
C_2_019,0.9999901056289673,V1 Student CE-only,C,0.9999901056289673,2.0,C,2
C_2_020,0.9999983310699463,V1 Student CE-only,C,0.9999983310699463,2.0,C,2
C_2_021,0.9999988079071045,V1 Student CE-only,C,0.9999988079071045,2.0,C,2
C_2_022,0.9999865293502808,V1 Student CE-only,C,0.9999865293502808,2.0,C,2
C_2_023,0.9999977350234985,V1 Student CE-only,C,0.9999977350234985,2.0,C,2
C_2_024,0.9999986886978149,V1 Student CE-only,C,0.9999986886978149,2.0,C,2
C_2_025,0.9419634938240051,V1 Student CE-only,C,0.9419634938240051,2.0,C,2
C_2_026,0.999980092048645,V1 Student CE-only,C,0.999980092048645,2.0,C,2
C_2_027,0.9999977350234985,V1 Student CE-only,C,0.9999977350234985,2.0,C,2
C_2_028,0.9999997615814209,V1 Student CE-only,C,0.9999997615814209,2.0,C,2
C_2_029,0.9999796152114868,V1 Student CE-only,C,0.9999796152114868,2.0,C,2
C_2_030,0.9997914433479309,V1 Student CE-only,C,0.9997914433479309,2.0,C,2
C_2_031,0.9999991655349731,V1 Student CE-only,C,0.9999991655349731,2.0,C,2
C_2_032,0.9999961853027344,V1 Student CE-only,C,0.9999961853027344,2.0,C,2
C_2_033,0.9999977350234985,V1 Student CE-only,C,0.9999977350234985,2.0,C,2
C_2_034,0.9903339743614197,V1 Student CE-only,C,0.9903339743614197,2.0,C,2
C_2_035,0.9996722936630249,V1 Student CE-only,C,0.9996722936630249,2.0,C,2
C_2_036,0.9995747208595276,V1 Student CE-only,C,0.9995747208595276,2.0,C,2
C_2_037,0.9999963045120239,V1 Student CE-only,C,0.9999963045120239,2.0,C,2
C_2_038,0.9999433755874634,V1 Student CE-only,C,0.9999433755874634,2.0,C,2
C_2_039,0.9999895095825195,V1 Student CE-only,C,0.9999895095825195,2.0,C,2
C_2_040,0.9999561309814453,V1 Student CE-only,C,0.9999561309814453,2.0,C,2
C_2_041,0.9898713231086731,V1 Student CE-only,C,0.9898713231086731,2.0,C,2
C_2_042,0.9999998807907104,V1 Student CE-only,C,0.9999998807907104,2.0,C,2
C_1_000,1.129353904616437e-06,V1 Student CE-only,C,1.129353904616437e-06,1.0,C,1
C_1_001,5.70209941486155e-08,V1 Student CE-only,C,5.70209941486155e-08,1.0,C,1
C_1_002,8.44616465656145e-09,V1 Student CE-only,C,8.44616465656145e-09,1.0,C,1
C_1_003,5.816232828692591e-09,V1 Student CE-only,C,5.816232828692591e-09,1.0,C,1
C_1_004,3.1697915403583465e-08,V1 Student CE-only,C,3.1697915403583465e-08,1.0,C,1
C_1_005,1.1520431275613419e-09,V1 Student CE-only,C,1.1520431275613419e-09,1.0,C,1
C_1_006,1.8359890274766144e-09,V1 Student CE-only,C,1.8359890274766144e-09,1.0,C,1
C_1_007,2.1704609221018245e-09,V1 Student CE-only,C,2.1704609221018245e-09,1.0,C,1
C_1_008,1.5481893100854904e-08,V1 Student CE-only,C,1.5481893100854904e-08,1.0,C,1
C_1_009,6.399069434337434e-07,V1 Student CE-only,C,6.399069434337434e-07,1.0,C,1
C_1_010,7.864574399718549e-06,V1 Student CE-only,C,7.864574399718549e-06,1.0,C,1
C_1_011,1.3374382712427746e-09,V1 Student CE-only,C,1.3374382712427746e-09,1.0,C,1
C_1_012,0.00048074944061227143,V1 Student CE-only,C,0.00048074944061227143,1.0,C,1
C_1_013,1.2050068107782863e-05,V1 Student CE-only,C,1.2050068107782863e-05,1.0,C,1
C_1_014,2.9221994282124797e-06,V1 Student CE-only,C,2.9221994282124797e-06,1.0,C,1
C_1_015,2.820620403909402e-09,V1 Student CE-only,C,2.820620403909402e-09,1.0,C,1
C_1_016,9.365302503283601e-06,V1 Student CE-only,C,9.365302503283601e-06,1.0,C,1
C_1_017,1.917606823553797e-06,V1 Student CE-only,C,1.917606823553797e-06,1.0,C,1
C_1_018,7.841605111025274e-06,V1 Student CE-only,C,7.841605111025274e-06,1.0,C,1
C_1_019,2.8067801416398197e-09,V1 Student CE-only,C,2.8067801416398197e-09,1.0,C,1
C_1_020,9.807241667658673e-07,V1 Student CE-only,C,9.807241667658673e-07,1.0,C,1
C_1_021,2.927505893951521e-12,V1 Student CE-only,C,2.927505893951521e-12,1.0,C,1
C_1_022,2.235021501206802e-09,V1 Student CE-only,C,2.235021501206802e-09,1.0,C,1
C_1_023,0.0012560983886942267,V1 Student CE-only,C,0.0012560983886942267,1.0,C,1
C_1_024,1.4207632847984542e-09,V1 Student CE-only,C,1.4207632847984542e-09,1.0,C,1
C_1_025,4.185910729148645e-09,V1 Student CE-only,C,4.185910729148645e-09,1.0,C,1
C_1_026,5.145754655710988e-11,V1 Student CE-only,C,5.145754655710988e-11,1.0,C,1
C_1_027,2.174076030314609e-07,V1 Student CE-only,C,2.174076030314609e-07,1.0,C,1
C_1_028,1.3036117962883509e-08,V1 Student CE-only,C,1.3036117962883509e-08,1.0,C,1
C_1_029,0.00011391141742933542,V1 Student CE-only,C,0.00011391141742933542,1.0,C,1
C_1_030,2.5101793976745057e-09,V1 Student CE-only,C,2.5101793976745057e-09,1.0,C,1
C_1_031,5.268032691674307e-05,V1 Student CE-only,C,5.268032691674307e-05,1.0,C,1
C_1_032,1.6090440112748183e-05,V1 Student CE-only,C,1.6090440112748183e-05,1.0,C,1
C_1_033,9.395090927455385e-09,V1 Student CE-only,C,9.395090927455385e-09,1.0,C,1
C_1_034,5.600486185919351e-10,V1 Student CE-only,C,5.600486185919351e-10,1.0,C,1
C_1_035,8.892805603011311e-09,V1 Student CE-only,C,8.892805603011311e-09,1.0,C,1
C_1_036,1.4372973282661405e-06,V1 Student CE-only,C,1.4372973282661405e-06,1.0,C,1
C_1_037,8.617095231810978e-11,V1 Student CE-only,C,8.617095231810978e-11,1.0,C,1
C_1_038,7.865303814469371e-06,V1 Student CE-only,C,7.865303814469371e-06,1.0,C,1
C_1_039,3.92472088606155e-07,V1 Student CE-only,C,3.92472088606155e-07,1.0,C,1
C_1_040,5.644904376822524e-06,V1 Student CE-only,C,5.644904376822524e-06,1.0,C,1
C_1_041,1.6773754260568374e-11,V1 Student CE-only,C,1.6773754260568374e-11,1.0,C,1
C_1_042,1.4818586357989716e-08,V1 Student CE-only,C,1.4818586357989716e-08,1.0,C,1
C_1_043,1.630356018722523e-05,V1 Student CE-only,C,1.630356018722523e-05,1.0,C,1
C_1_044,2.3110612382137852e-11,V1 Student CE-only,C,2.3110612382137852e-11,1.0,C,1
C_1_045,5.703995498151926e-08,V1 Student CE-only,C,5.703995498151926e-08,1.0,C,1
C_1_046,2.235106766335093e-09,V1 Student CE-only,C,2.235106766335093e-09,1.0,C,1
C_1_047,5.0338972101826585e-08,V1 Student CE-only,C,5.0338972101826585e-08,1.0,C,1
C_1_048,1.748418831937215e-08,V1 Student CE-only,C,1.748418831937215e-08,1.0,C,1
C_1_049,6.791250939386373e-07,V1 Student CE-only,C,6.791250939386373e-07,1.0,C,1
C_1_050,9.822771971812472e-06,V1 Student CE-only,C,9.822771971812472e-06,1.0,C,1
C_1_051,5.034540890846984e-07,V1 Student CE-only,C,5.034540890846984e-07,1.0,C,1
C_1_052,6.911396485520527e-05,V1 Student CE-only,C,6.911396485520527e-05,1.0,C,1
C_1_053,4.698966193927845e-08,V1 Student CE-only,C,4.698966193927845e-08,1.0,C,1
C_1_054,2.850208602467319e-06,V1 Student CE-only,C,2.850208602467319e-06,1.0,C,1
C_1_055,1.3183123925841755e-08,V1 Student CE-only,C,1.3183123925841755e-08,1.0,C,1
C_1_056,3.2245917047646344e-09,V1 Student CE-only,C,3.2245917047646344e-09,1.0,C,1
C_1_057,2.3798728612800524e-11,V1 Student CE-only,C,2.3798728612800524e-11,1.0,C,1
C_1_058,2.2916561093211385e-08,V1 Student CE-only,C,2.2916561093211385e-08,1.0,C,1
C_1_059,1.8421841829763252e-10,V1 Student CE-only,C,1.8421841829763252e-10,1.0,C,1
C_1_060,1.6215379039508093e-09,V1 Student CE-only,C,1.6215379039508093e-09,1.0,C,1
C_1_061,2.5962245331356826e-07,V1 Student CE-only,C,2.5962245331356826e-07,1.0,C,1
C_1_062,2.3647896085776665e-08,V1 Student CE-only,C,2.3647896085776665e-08,1.0,C,1
C_1_063,2.1850030673675747e-09,V1 Student CE-only,C,2.1850030673675747e-09,1.0,C,1
C_1_064,8.890799763072721e-10,V1 Student CE-only,C,8.890799763072721e-10,1.0,C,1
C_1_065,4.4270862531448074e-07,V1 Student CE-only,C,4.4270862531448074e-07,1.0,C,1
C_1_066,2.1851744858025768e-09,V1 Student CE-only,C,2.1851744858025768e-09,1.0,C,1
C_1_067,6.135264993645251e-05,V1 Student CE-only,C,6.135264993645251e-05,1.0,C,1
C_1_068,9.281803770022634e-09,V1 Student CE-only,C,9.281803770022634e-09,1.0,C,1
C_1_069,5.80438609176781e-06,V1 Student CE-only,C,5.80438609176781e-06,1.0,C,1
C_1_070,7.063054585643158e-10,V1 Student CE-only,C,7.063054585643158e-10,1.0,C,1
C_1_071,3.4047116059809923e-07,V1 Student CE-only,C,3.4047116059809923e-07,1.0,C,1
C_1_072,7.329955451496062e-07,V1 Student CE-only,C,7.329955451496062e-07,1.0,C,1
C_1_073,8.758567204836254e-10,V1 Student CE-only,C,8.758567204836254e-10,1.0,C,1
C_1_074,4.7650516421526845e-08,V1 Student CE-only,C,4.7650516421526845e-08,1.0,C,1
C_1_075,6.2687058743904345e-06,V1 Student CE-only,C,6.2687058743904345e-06,1.0,C,1
C_1_076,1.6917289030971006e-05,V1 Student CE-only,C,1.6917289030971006e-05,1.0,C,1
C_1_077,1.6185161939574755e-06,V1 Student CE-only,C,1.6185161939574755e-06,1.0,C,1
C_1_078,9.770342330739368e-07,V1 Student CE-only,C,9.770342330739368e-07,1.0,C,1
C_1_079,1.161625795553789e-09,V1 Student CE-only,C,1.161625795553789e-09,1.0,C,1
C_1_080,1.4710240975546185e-05,V1 Student CE-only,C,1.4710240975546185e-05,1.0,C,1
C_1_081,4.0863270100999216e-08,V1 Student CE-only,C,4.0863270100999216e-08,1.0,C,1
C_0_000,0.21712617576122284,V1 Student CE-only,C,0.21712617576122284,0.0,C,0
C_0_001,0.3737504482269287,V1 Student CE-only,C,0.3737504482269287,0.0,C,0
C_0_002,0.10807418078184128,V1 Student CE-only,C,0.10807418078184128,0.0,C,0
C_0_003,0.11575987935066223,V1 Student CE-only,C,0.11575987935066223,0.0,C,0
C_0_004,0.004352220334112644,V1 Student CE-only,C,0.004352220334112644,0.0,C,0
C_0_005,0.07139164954423904,V1 Student CE-only,C,0.07139164954423904,0.0,C,0
C_0_006,0.0003105143550783396,V1 Student CE-only,C,0.0003105143550783396,0.0,C,0
C_0_007,0.04947410896420479,V1 Student CE-only,C,0.04947410896420479,0.0,C,0
C_0_008,0.008308210410177708,V1 Student CE-only,C,0.008308210410177708,0.0,C,0
C_0_009,0.01808363012969494,V1 Student CE-only,C,0.01808363012969494,0.0,C,0
C_0_010,0.0007130817393772304,V1 Student CE-only,C,0.0007130817393772304,1.0,C,0
C_0_011,0.8067030906677246,V1 Student CE-only,C,0.8067030906677246,2.0,C,0
C_0_012,0.15961620211601257,V1 Student CE-only,C,0.15961620211601257,0.0,C,0
C_0_013,0.19243298470973969,V1 Student CE-only,C,0.19243298470973969,0.0,C,0
C_0_014,0.001048248610459268,V1 Student CE-only,C,0.001048248610459268,0.0,C,0
C_0_015,0.05418386310338974,V1 Student CE-only,C,0.05418386310338974,0.0,C,0
C_0_016,0.001949808676727116,V1 Student CE-only,C,0.001949808676727116,0.0,C,0
C_0_017,0.043594859540462494,V1 Student CE-only,C,0.043594859540462494,0.0,C,0
C_0_018,0.0004571280733216554,V1 Student CE-only,C,0.0004571280733216554,1.0,C,0
C_0_019,0.001054340391419828,V1 Student CE-only,C,0.001054340391419828,0.0,C,0
C_0_020,0.00020853492605965585,V1 Student CE-only,C,0.00020853492605965585,0.0,C,0
C_0_021,0.22956226766109467,V1 Student CE-only,C,0.22956226766109467,0.0,C,0
C_0_022,0.0009315560455434024,V1 Student CE-only,C,0.0009315560455434024,1.0,C,0
C_0_023,0.002827470190823078,V1 Student CE-only,C,0.002827470190823078,1.0,C,0
C_0_024,0.009356065653264523,V1 Student CE-only,C,0.009356065653264523,0.0,C,0
C_0_025,0.00020058710651937872,V1 Student CE-only,C,0.00020058710651937872,0.0,C,0
C_0_026,0.5561246275901794,V1 Student CE-only,C,0.5561246275901794,2.0,C,0
C_0_027,8.329055162903387e-06,V1 Student CE-only,C,8.329055162903387e-06,1.0,C,0
C_0_028,0.08211682736873627,V1 Student CE-only,C,0.08211682736873627,0.0,C,0
C_0_029,0.632050633430481,V1 Student CE-only,C,0.632050633430481,2.0,C,0
C_0_030,0.018358301371335983,V1 Student CE-only,C,0.018358301371335983,0.0,C,0
C_0_031,0.7031577229499817,V1 Student CE-only,C,0.7031577229499817,2.0,C,0
C_0_032,0.0049642776139080524,V1 Student CE-only,C,0.0049642776139080524,0.0,C,0
C_0_033,0.016277093440294266,V1 Student CE-only,C,0.016277093440294266,0.0,C,0
C_0_034,5.954518201178871e-05,V1 Student CE-only,C,5.954518201178871e-05,0.0,C,0
C_0_035,0.011616777628660202,V1 Student CE-only,C,0.011616777628660202,0.0,C,0
C_0_036,0.04431280493736267,V1 Student CE-only,C,0.04431280493736267,0.0,C,0
C_0_037,0.0040244413539767265,V1 Student CE-only,C,0.0040244413539767265,0.0,C,0
C_0_038,0.035016387701034546,V1 Student CE-only,C,0.035016387701034546,0.0,C,0
C_0_039,0.8599355220794678,V1 Student CE-only,C,0.8599355220794678,2.0,C,0
C_0_040,0.014363100752234459,V1 Student CE-only,C,0.014363100752234459,0.0,C,0
C_0_041,0.024015437811613083,V1 Student CE-only,C,0.024015437811613083,0.0,C,0
C_0_042,0.007502795197069645,V1 Student CE-only,C,0.007502795197069645,0.0,C,0
C_0_043,0.001815916271880269,V1 Student CE-only,C,0.001815916271880269,0.0,C,0
C_0_044,0.18341419100761414,V1 Student CE-only,C,0.18341419100761414,0.0,C,0
C_0_045,0.0004866734379902482,V1 Student CE-only,C,0.0004866734379902482,0.0,C,0
C_0_046,0.18873238563537598,V1 Student CE-only,C,0.18873238563537598,0.0,C,0
C_0_047,0.4647051990032196,V1 Student CE-only,C,0.4647051990032196,0.0,C,0
C_0_048,0.04867403209209442,V1 Student CE-only,C,0.04867403209209442,0.0,C,0
C_0_049,0.0029233491513878107,V1 Student CE-only,C,0.0029233491513878107,0.0,C,0
C_2_000,1.0,V2 +logit KD,C,1.0,2.0,C,2
C_2_001,1.0,V2 +logit KD,C,1.0,2.0,C,2
C_2_002,1.0,V2 +logit KD,C,1.0,2.0,C,2
C_2_003,0.9999992847442627,V2 +logit KD,C,0.9999992847442627,2.0,C,2
C_2_004,1.0,V2 +logit KD,C,1.0,2.0,C,2
C_2_005,1.0,V2 +logit KD,C,1.0,2.0,C,2
C_2_006,1.0,V2 +logit KD,C,1.0,2.0,C,2
C_2_007,1.0,V2 +logit KD,C,1.0,2.0,C,2
C_2_008,1.0,V2 +logit KD,C,1.0,2.0,C,2
C_2_009,1.0,V2 +logit KD,C,1.0,2.0,C,2
C_2_010,0.9996860027313232,V2 +logit KD,C,0.9996860027313232,2.0,C,2
C_2_011,1.0,V2 +logit KD,C,1.0,2.0,C,2
C_2_012,1.0,V2 +logit KD,C,1.0,2.0,C,2
C_2_013,1.0,V2 +logit KD,C,1.0,2.0,C,2
C_2_014,1.0,V2 +logit KD,C,1.0,2.0,C,2
C_2_015,1.0,V2 +logit KD,C,1.0,2.0,C,2
C_2_016,1.0,V2 +logit KD,C,1.0,2.0,C,2
C_2_017,1.0,V2 +logit KD,C,1.0,2.0,C,2
C_2_018,1.0,V2 +logit KD,C,1.0,2.0,C,2
C_2_019,1.0,V2 +logit KD,C,1.0,2.0,C,2
C_2_020,1.0,V2 +logit KD,C,1.0,2.0,C,2
C_2_021,1.0,V2 +logit KD,C,1.0,2.0,C,2
C_2_022,1.0,V2 +logit KD,C,1.0,2.0,C,2
C_2_023,1.0,V2 +logit KD,C,1.0,2.0,C,2
C_2_024,1.0,V2 +logit KD,C,1.0,2.0,C,2
C_2_025,0.9997485280036926,V2 +logit KD,C,0.9997485280036926,2.0,C,2
C_2_026,1.0,V2 +logit KD,C,1.0,2.0,C,2
C_2_027,1.0,V2 +logit KD,C,1.0,2.0,C,2
C_2_028,1.0,V2 +logit KD,C,1.0,2.0,C,2
C_2_029,1.0,V2 +logit KD,C,1.0,2.0,C,2
C_2_030,1.0,V2 +logit KD,C,1.0,2.0,C,2
C_2_031,1.0,V2 +logit KD,C,1.0,2.0,C,2
C_2_032,1.0,V2 +logit KD,C,1.0,2.0,C,2
C_2_033,1.0,V2 +logit KD,C,1.0,2.0,C,2
C_2_034,0.9999998807907104,V2 +logit KD,C,0.9999998807907104,2.0,C,2
C_2_035,0.9999998807907104,V2 +logit KD,C,0.9999998807907104,2.0,C,2
C_2_036,1.0,V2 +logit KD,C,1.0,2.0,C,2
C_2_037,1.0,V2 +logit KD,C,1.0,2.0,C,2
C_2_038,1.0,V2 +logit KD,C,1.0,2.0,C,2
C_2_039,1.0,V2 +logit KD,C,1.0,2.0,C,2
C_2_040,1.0,V2 +logit KD,C,1.0,2.0,C,2
C_2_041,0.9999955892562866,V2 +logit KD,C,0.9999955892562866,2.0,C,2
C_2_042,1.0,V2 +logit KD,C,1.0,2.0,C,2
C_1_000,5.549450173988836e-16,V2 +logit KD,C,5.549450173988836e-16,1.0,C,1
C_1_001,5.244336664114771e-18,V2 +logit KD,C,5.244336664114771e-18,1.0,C,1
C_1_002,3.3124269410230286e-23,V2 +logit KD,C,3.3124269410230286e-23,1.0,C,1
C_1_003,1.470067161775088e-21,V2 +logit KD,C,1.470067161775088e-21,1.0,C,1
C_1_004,2.255765312843435e-20,V2 +logit KD,C,2.255765312843435e-20,1.0,C,1
C_1_005,7.659655733016528e-26,V2 +logit KD,C,7.659655733016528e-26,1.0,C,1
C_1_006,1.4571476143879363e-21,V2 +logit KD,C,1.4571476143879363e-21,1.0,C,1
C_1_007,7.789346368961796e-23,V2 +logit KD,C,7.789346368961796e-23,1.0,C,1
C_1_008,3.0777894559412175e-20,V2 +logit KD,C,3.0777894559412175e-20,1.0,C,1
C_1_009,3.832701300429675e-13,V2 +logit KD,C,3.832701300429675e-13,1.0,C,1
C_1_010,2.7282859233260497e-15,V2 +logit KD,C,2.7282859233260497e-15,1.0,C,1
C_1_011,4.056290210468275e-22,V2 +logit KD,C,4.056290210468275e-22,1.0,C,1
C_1_012,9.002442888372819e-12,V2 +logit KD,C,9.002442888372819e-12,1.0,C,1
C_1_013,1.5052844428288352e-14,V2 +logit KD,C,1.5052844428288352e-14,1.0,C,1
C_1_014,1.5456195588540219e-15,V2 +logit KD,C,1.5456195588540219e-15,1.0,C,1
C_1_015,2.697284314293229e-21,V2 +logit KD,C,2.697284314293229e-21,1.0,C,1
C_1_016,1.714890368923437e-14,V2 +logit KD,C,1.714890368923437e-14,1.0,C,1
C_1_017,3.410726901104978e-14,V2 +logit KD,C,3.410726901104978e-14,1.0,C,1
C_1_018,5.81470582061091e-17,V2 +logit KD,C,5.81470582061091e-17,1.0,C,1
C_1_019,5.460581645095056e-23,V2 +logit KD,C,5.460581645095056e-23,1.0,C,1
C_1_020,3.4637093625271504e-15,V2 +logit KD,C,3.4637093625271504e-15,1.0,C,1
C_1_021,3.864021414149548e-28,V2 +logit KD,C,3.864021414149548e-28,1.0,C,1
C_1_022,1.6688365071724988e-23,V2 +logit KD,C,1.6688365071724988e-23,1.0,C,1
C_1_023,1.5025348076846967e-08,V2 +logit KD,C,1.5025348076846967e-08,1.0,C,1
C_1_024,1.3427605364550315e-22,V2 +logit KD,C,1.3427605364550315e-22,1.0,C,1
C_1_025,1.767493198833027e-20,V2 +logit KD,C,1.767493198833027e-20,1.0,C,1
C_1_026,1.5620652325893198e-26,V2 +logit KD,C,1.5620652325893198e-26,1.0,C,1
C_1_027,3.08572644778912e-19,V2 +logit KD,C,3.08572644778912e-19,1.0,C,1
C_1_028,3.0592582272290072e-21,V2 +logit KD,C,3.0592582272290072e-21,1.0,C,1
C_1_029,2.425149803197968e-10,V2 +logit KD,C,2.425149803197968e-10,1.0,C,1
C_1_030,1.6742909464310415e-20,V2 +logit KD,C,1.6742909464310415e-20,1.0,C,1
C_1_031,1.0139879387527362e-11,V2 +logit KD,C,1.0139879387527362e-11,1.0,C,1
C_1_032,1.9046515666726327e-12,V2 +logit KD,C,1.9046515666726327e-12,1.0,C,1
C_1_033,6.862642327090559e-18,V2 +logit KD,C,6.862642327090559e-18,1.0,C,1
C_1_034,1.794453085763895e-25,V2 +logit KD,C,1.794453085763895e-25,1.0,C,1
C_1_035,1.1257865128948485e-20,V2 +logit KD,C,1.1257865128948485e-20,1.0,C,1
C_1_036,1.4032343368601107e-14,V2 +logit KD,C,1.4032343368601107e-14,1.0,C,1
C_1_037,2.138012224750292e-22,V2 +logit KD,C,2.138012224750292e-22,1.0,C,1
C_1_038,5.849336986996079e-11,V2 +logit KD,C,5.849336986996079e-11,1.0,C,1
C_1_039,3.5751963684403534e-17,V2 +logit KD,C,3.5751963684403534e-17,1.0,C,1
C_1_040,5.4910828488352603e-14,V2 +logit KD,C,5.4910828488352603e-14,1.0,C,1
C_1_041,1.9706386747092356e-27,V2 +logit KD,C,1.9706386747092356e-27,1.0,C,1
C_1_042,6.585846035569199e-21,V2 +logit KD,C,6.585846035569199e-21,1.0,C,1
C_1_043,4.781735509497796e-16,V2 +logit KD,C,4.781735509497796e-16,1.0,C,1
C_1_044,1.0328255078838592e-24,V2 +logit KD,C,1.0328255078838592e-24,1.0,C,1
C_1_045,5.1703797897149e-19,V2 +logit KD,C,5.1703797897149e-19,1.0,C,1
C_1_046,1.2449702226432593e-24,V2 +logit KD,C,1.2449702226432593e-24,1.0,C,1
C_1_047,4.551025721126407e-18,V2 +logit KD,C,4.551025721126407e-18,1.0,C,1
C_1_048,6.055667388646303e-23,V2 +logit KD,C,6.055667388646303e-23,1.0,C,1
C_1_049,1.4708618602974558e-16,V2 +logit KD,C,1.4708618602974558e-16,1.0,C,1
C_1_050,2.0780941203946135e-11,V2 +logit KD,C,2.0780941203946135e-11,1.0,C,1
C_1_051,2.1599649322010406e-15,V2 +logit KD,C,2.1599649322010406e-15,1.0,C,1
C_1_052,1.8828270539894554e-11,V2 +logit KD,C,1.8828270539894554e-11,1.0,C,1
C_1_053,7.68191778132457e-20,V2 +logit KD,C,7.68191778132457e-20,1.0,C,1
C_1_054,1.3844752464080355e-15,V2 +logit KD,C,1.3844752464080355e-15,1.0,C,1
C_1_055,3.364008307223011e-18,V2 +logit KD,C,3.364008307223011e-18,1.0,C,1
C_1_056,1.9985811279100606e-20,V2 +logit KD,C,1.9985811279100606e-20,1.0,C,1
C_1_057,9.157471403400705e-28,V2 +logit KD,C,9.157471403400705e-28,1.0,C,1
C_1_058,1.8254708857341083e-21,V2 +logit KD,C,1.8254708857341083e-21,1.0,C,1
C_1_059,1.1841176896297367e-24,V2 +logit KD,C,1.1841176896297367e-24,1.0,C,1
C_1_060,1.978124563620712e-20,V2 +logit KD,C,1.978124563620712e-20,1.0,C,1
C_1_061,3.476741444185413e-19,V2 +logit KD,C,3.476741444185413e-19,1.0,C,1
C_1_062,2.963506214822634e-21,V2 +logit KD,C,2.963506214822634e-21,1.0,C,1
C_1_063,9.183075625021715e-21,V2 +logit KD,C,9.183075625021715e-21,1.0,C,1
C_1_064,3.032916079010888e-21,V2 +logit KD,C,3.032916079010888e-21,1.0,C,1
C_1_065,9.453490101190079e-14,V2 +logit KD,C,9.453490101190079e-14,1.0,C,1
C_1_066,7.149511859473163e-24,V2 +logit KD,C,7.149511859473163e-24,1.0,C,1
C_1_067,2.2564250442343604e-15,V2 +logit KD,C,2.2564250442343604e-15,1.0,C,1
C_1_068,1.5591342785181971e-21,V2 +logit KD,C,1.5591342785181971e-21,1.0,C,1
C_1_069,4.226564980164618e-14,V2 +logit KD,C,4.226564980164618e-14,1.0,C,1
C_1_070,4.473542598393442e-22,V2 +logit KD,C,4.473542598393442e-22,1.0,C,1
C_1_071,3.536900222184863e-18,V2 +logit KD,C,3.536900222184863e-18,1.0,C,1
C_1_072,2.5212012437385095e-16,V2 +logit KD,C,2.5212012437385095e-16,1.0,C,1
C_1_073,6.827660554447517e-23,V2 +logit KD,C,6.827660554447517e-23,1.0,C,1
C_1_074,1.2434580441299884e-21,V2 +logit KD,C,1.2434580441299884e-21,1.0,C,1
C_1_075,2.4849442843049088e-14,V2 +logit KD,C,2.4849442843049088e-14,1.0,C,1
C_1_076,1.0404170580624594e-10,V2 +logit KD,C,1.0404170580624594e-10,1.0,C,1
C_1_077,8.702186107129029e-15,V2 +logit KD,C,8.702186107129029e-15,1.0,C,1
C_1_078,2.0985630903381028e-15,V2 +logit KD,C,2.0985630903381028e-15,1.0,C,1
C_1_079,1.2027248515683287e-22,V2 +logit KD,C,1.2027248515683287e-22,1.0,C,1
C_1_080,2.2427112250644754e-12,V2 +logit KD,C,2.2427112250644754e-12,1.0,C,1
C_1_081,5.5879574167366495e-18,V2 +logit KD,C,5.5879574167366495e-18,1.0,C,1
C_0_000,0.00036863103741779923,V2 +logit KD,C,0.00036863103741779923,0.0,C,0
C_0_001,0.786687433719635,V2 +logit KD,C,0.786687433719635,2.0,C,0
C_0_002,0.022384969517588615,V2 +logit KD,C,0.022384969517588615,0.0,C,0
C_0_003,0.003801170503720641,V2 +logit KD,C,0.003801170503720641,0.0,C,0
C_0_004,6.512401569125359e-07,V2 +logit KD,C,6.512401569125359e-07,0.0,C,0
C_0_005,0.005061098840087652,V2 +logit KD,C,0.005061098840087652,0.0,C,0
C_0_006,4.5228212286474445e-08,V2 +logit KD,C,4.5228212286474445e-08,0.0,C,0
C_0_007,0.008681272156536579,V2 +logit KD,C,0.008681272156536579,0.0,C,0
C_0_008,4.761135187436594e-06,V2 +logit KD,C,4.761135187436594e-06,0.0,C,0
C_0_009,0.011097927577793598,V2 +logit KD,C,0.011097927577793598,0.0,C,0
C_0_010,2.6873571812302544e-08,V2 +logit KD,C,2.6873571812302544e-08,1.0,C,0
C_0_011,0.9515399932861328,V2 +logit KD,C,0.9515399932861328,2.0,C,0
C_0_012,0.3466721177101135,V2 +logit KD,C,0.3466721177101135,0.0,C,0
C_0_013,0.7566010355949402,V2 +logit KD,C,0.7566010355949402,2.0,C,0
C_0_014,8.339141459146049e-06,V2 +logit KD,C,8.339141459146049e-06,0.0,C,0
C_0_015,0.006113273557275534,V2 +logit KD,C,0.006113273557275534,0.0,C,0
C_0_016,3.8867628404659627e-07,V2 +logit KD,C,3.8867628404659627e-07,0.0,C,0
C_0_017,0.0008192245149984956,V2 +logit KD,C,0.0008192245149984956,0.0,C,0
C_0_018,2.1416521178707626e-07,V2 +logit KD,C,2.1416521178707626e-07,1.0,C,0
C_0_019,1.391854084431543e-06,V2 +logit KD,C,1.391854084431543e-06,0.0,C,0
C_0_020,2.0025963110015255e-08,V2 +logit KD,C,2.0025963110015255e-08,0.0,C,0
C_0_021,0.014432438649237156,V2 +logit KD,C,0.014432438649237156,0.0,C,0
C_0_022,2.3367800139340034e-08,V2 +logit KD,C,2.3367800139340034e-08,1.0,C,0
C_0_023,0.00022115196043159813,V2 +logit KD,C,0.00022115196043159813,1.0,C,0
C_0_024,0.00010454234143253416,V2 +logit KD,C,0.00010454234143253416,0.0,C,0
C_0_025,2.8385690598042856e-07,V2 +logit KD,C,2.8385690598042856e-07,0.0,C,0
C_0_026,0.1748025119304657,V2 +logit KD,C,0.1748025119304657,0.0,C,0
C_0_027,1.3028557182756528e-12,V2 +logit KD,C,1.3028557182756528e-12,1.0,C,0
C_0_028,0.733669102191925,V2 +logit KD,C,0.733669102191925,2.0,C,0
C_0_029,0.99700528383255,V2 +logit KD,C,0.99700528383255,2.0,C,0
C_0_030,0.16555491089820862,V2 +logit KD,C,0.16555491089820862,0.0,C,0
C_0_031,0.6469102501869202,V2 +logit KD,C,0.6469102501869202,2.0,C,0
C_0_032,0.01376614160835743,V2 +logit KD,C,0.01376614160835743,0.0,C,0
C_0_033,0.0007740927976556122,V2 +logit KD,C,0.0007740927976556122,0.0,C,0
C_0_034,3.327905346850457e-07,V2 +logit KD,C,3.327905346850457e-07,0.0,C,0
C_0_035,0.062369901686906815,V2 +logit KD,C,0.062369901686906815,0.0,C,0
C_0_036,0.009410135447978973,V2 +logit KD,C,0.009410135447978973,0.0,C,0
C_0_037,1.8726537746260874e-05,V2 +logit KD,C,1.8726537746260874e-05,0.0,C,0
C_0_038,0.00010627743176883087,V2 +logit KD,C,0.00010627743176883087,0.0,C,0
C_0_039,0.9919435977935791,V2 +logit KD,C,0.9919435977935791,2.0,C,0
C_0_040,9.381352356285788e-06,V2 +logit KD,C,9.381352356285788e-06,1.0,C,0
C_0_041,0.010252824984490871,V2 +logit KD,C,0.010252824984490871,0.0,C,0
C_0_042,6.849738383607473e-06,V2 +logit KD,C,6.849738383607473e-06,0.0,C,0
C_0_043,3.993697646365035e-06,V2 +logit KD,C,3.993697646365035e-06,0.0,C,0
C_0_044,0.17221705615520477,V2 +logit KD,C,0.17221705615520477,0.0,C,0
C_0_045,1.616699734086069e-07,V2 +logit KD,C,1.616699734086069e-07,0.0,C,0
C_0_046,0.01751689985394478,V2 +logit KD,C,0.01751689985394478,0.0,C,0
C_0_047,0.2783791720867157,V2 +logit KD,C,0.2783791720867157,0.0,C,0
C_0_048,0.006697679404169321,V2 +logit KD,C,0.006697679404169321,0.0,C,0
C_0_049,0.00023498198424931616,V2 +logit KD,C,0.00023498198424931616,0.0,C,0
C_2_000,0.7918309569358826,V3 +utility KD,C,0.999900221824646,2.0,C,2
C_2_001,0.950650691986084,V3 +utility KD,C,0.9999994039535522,2.0,C,2
C_2_002,0.9568313956260681,V3 +utility KD,C,0.9999996423721313,2.0,C,2
C_2_003,0.8211193084716797,V3 +utility KD,C,0.9999293088912964,2.0,C,2
C_2_004,0.7753458619117737,V3 +utility KD,C,0.9999599456787109,2.0,C,2
C_2_005,0.911540150642395,V3 +utility KD,C,0.9997500777244568,2.0,C,2
C_2_006,0.9867776036262512,V3 +utility KD,C,0.9999998807907104,2.0,C,2
C_2_007,0.854884684085846,V3 +utility KD,C,0.9990748167037964,2.0,C,2
C_2_008,0.9114415049552917,V3 +utility KD,C,0.9986727237701416,2.0,C,2
C_2_009,0.888731837272644,V3 +utility KD,C,0.9999983310699463,2.0,C,2
C_2_010,0.7674704194068909,V3 +utility KD,C,0.9997970461845398,2.0,C,2
C_2_011,0.9266407489776611,V3 +utility KD,C,0.9999967813491821,2.0,C,2
C_2_012,0.9854236245155334,V3 +utility KD,C,0.9999998807907104,2.0,C,2
C_2_013,0.9139041900634766,V3 +utility KD,C,0.9999785423278809,2.0,C,2
C_2_014,0.9801809191703796,V3 +utility KD,C,1.0,2.0,C,2
C_2_015,0.9958989024162292,V3 +utility KD,C,1.0,2.0,C,2
C_2_016,0.8826795816421509,V3 +utility KD,C,0.9999979734420776,2.0,C,2
C_2_017,0.9825657606124878,V3 +utility KD,C,1.0,2.0,C,2
C_2_018,0.9555762410163879,V3 +utility KD,C,0.9999994039535522,2.0,C,2
C_2_019,0.9399600028991699,V3 +utility KD,C,0.9999992847442627,2.0,C,2
C_2_020,0.9960147142410278,V3 +utility KD,C,1.0,2.0,C,2
C_2_021,0.9305199980735779,V3 +utility KD,C,0.9999988079071045,2.0,C,2
C_2_022,0.9846940040588379,V3 +utility KD,C,1.0,2.0,C,2
C_2_023,0.9845191240310669,V3 +utility KD,C,1.0,2.0,C,2
C_2_024,0.9339585304260254,V3 +utility KD,C,0.9999985694885254,2.0,C,2
C_2_025,0.0006234825123101473,V3 +utility KD,C,0.00013957351620774716,0.0,C,2
C_2_026,0.961311399936676,V3 +utility KD,C,0.9999998807907104,2.0,C,2
C_2_027,0.9834651947021484,V3 +utility KD,C,1.0,2.0,C,2
C_2_028,0.9885860085487366,V3 +utility KD,C,1.0,2.0,C,2
C_2_029,0.9849323630332947,V3 +utility KD,C,1.0,2.0,C,2
C_2_030,0.9571118950843811,V3 +utility KD,C,0.9999997615814209,2.0,C,2
C_2_031,0.9804049134254456,V3 +utility KD,C,1.0,2.0,C,2
C_2_032,0.9641785621643066,V3 +utility KD,C,0.9999998807907104,2.0,C,2
C_2_033,0.9155367016792297,V3 +utility KD,C,0.9999872446060181,2.0,C,2
C_2_034,0.49002382159233093,V3 +utility KD,C,0.9740387797355652,2.0,C,2
C_2_035,0.5777164697647095,V3 +utility KD,C,0.9996656179428101,2.0,C,2
C_2_036,0.8564615249633789,V3 +utility KD,C,0.9998512268066406,2.0,C,2
C_2_037,0.992576539516449,V3 +utility KD,C,1.0,2.0,C,2
C_2_038,0.9715299010276794,V3 +utility KD,C,0.9999978542327881,2.0,C,2
C_2_039,0.9911953210830688,V3 +utility KD,C,1.0,2.0,C,2
C_2_040,0.9587748646736145,V3 +utility KD,C,0.9999990463256836,2.0,C,2
C_2_041,0.9078969359397888,V3 +utility KD,C,0.9999454021453857,2.0,C,2
C_2_042,0.9756591320037842,V3 +utility KD,C,1.0,2.0,C,2
C_1_000,0.0044995821081101894,V3 +utility KD,C,5.9308931668056175e-06,1.0,C,1
C_1_001,0.008394457399845123,V3 +utility KD,C,1.5057790733408183e-05,1.0,C,1
C_1_002,0.016975289210677147,V3 +utility KD,C,2.222081457148306e-05,1.0,C,1
C_1_003,0.0004425092483870685,V3 +utility KD,C,1.2605195109927081e-08,1.0,C,1
C_1_004,4.4445216190069914e-05,V3 +utility KD,C,4.4861624831638025e-11,1.0,C,1
C_1_005,5.011311714042677e-06,V3 +utility KD,C,1.1847755849309083e-12,1.0,C,1
C_1_006,0.0001395003346260637,V3 +utility KD,C,7.95884136373104e-10,1.0,C,1
C_1_007,0.014428507536649704,V3 +utility KD,C,4.43840617663227e-05,1.0,C,1
C_1_008,1.0049213415186387e-05,V3 +utility KD,C,2.9234739629124817e-12,1.0,C,1
C_1_009,0.5395761728286743,V3 +utility KD,C,0.8878400325775146,2.0,C,1
C_1_010,6.009456774336286e-05,V3 +utility KD,C,5.593533414227636e-10,1.0,C,1
C_1_011,0.001940007321536541,V3 +utility KD,C,4.1066252265409275e-07,1.0,C,1
C_1_012,0.1130155697464943,V3 +utility KD,C,0.07345922291278839,0.0,C,1
C_1_013,0.0018726821290329099,V3 +utility KD,C,2.462881639075931e-06,1.0,C,1
C_1_014,0.6097632646560669,V3 +utility KD,C,0.8341740965843201,2.0,C,1
C_1_015,0.0005415065679699183,V3 +utility KD,C,1.126257132000319e-08,1.0,C,1
C_1_016,0.00041092041647061706,V3 +utility KD,C,4.469979941745805e-08,1.0,C,1
C_1_017,0.000828578369691968,V3 +utility KD,C,1.6743737774049805e-07,1.0,C,1
C_1_018,0.3137063980102539,V3 +utility KD,C,0.10020530968904495,1.0,C,1
C_1_019,1.62546566571109e-05,V3 +utility KD,C,4.487854966123139e-12,1.0,C,1
C_1_020,0.07206359505653381,V3 +utility KD,C,0.003733520396053791,1.0,C,1
C_1_021,3.61649836122524e-06,V3 +utility KD,C,7.49683653914271e-14,1.0,C,1
C_1_022,0.0001547955471323803,V3 +utility KD,C,4.6192225044983104e-10,1.0,C,1
C_1_023,0.06277648359537125,V3 +utility KD,C,0.0007084900862537324,1.0,C,1
C_1_024,0.0015047193737700582,V3 +utility KD,C,2.854058323009667e-07,1.0,C,1
C_1_025,0.39716556668281555,V3 +utility KD,C,0.20397886633872986,1.0,C,1
C_1_026,0.0011914643691852689,V3 +utility KD,C,1.9938066486702155e-07,1.0,C,1
C_1_027,0.0001288303465116769,V3 +utility KD,C,8.435992460142927e-10,1.0,C,1
C_1_028,0.062158066779375076,V3 +utility KD,C,0.0006540589383803308,1.0,C,1
C_1_029,0.8146438002586365,V3 +utility KD,C,0.99985671043396,2.0,C,1
C_1_030,3.0581657483708113e-05,V3 +utility KD,C,3.07788586284552e-11,1.0,C,1
C_1_031,0.008530454710125923,V3 +utility KD,C,0.00026590077322907746,0.0,C,1
C_1_032,0.030093690380454063,V3 +utility KD,C,0.0008311289711855352,1.0,C,1
C_1_033,6.64949111524038e-05,V3 +utility KD,C,1.2101501134509363e-08,1.0,C,1
C_1_034,4.351158167992253e-06,V3 +utility KD,C,1.4326927231383957e-12,1.0,C,1
C_1_035,0.00040745348087511957,V3 +utility KD,C,1.6839670706758625e-06,1.0,C,1
C_1_036,0.056321531534194946,V3 +utility KD,C,0.004566774237900972,1.0,C,1
C_1_037,1.2992818483326118e-06,V3 +utility KD,C,1.635654502465944e-14,1.0,C,1
C_1_038,0.029485391452908516,V3 +utility KD,C,0.015472007915377617,0.0,C,1
C_1_039,0.0016516761388629675,V3 +utility KD,C,2.968161822991533e-07,1.0,C,1
C_1_040,0.00471758795902133,V3 +utility KD,C,5.53858535567997e-06,1.0,C,1
C_1_041,0.0006216819165274501,V3 +utility KD,C,1.230644670613401e-07,1.0,C,1
C_1_042,0.0018576309084892273,V3 +utility KD,C,4.3182473064007354e-07,1.0,C,1
C_1_043,4.015897502540611e-05,V3 +utility KD,C,1.6675605341021082e-10,1.0,C,1
C_1_044,8.07833748694975e-06,V3 +utility KD,C,7.65310557981902e-13,1.0,C,1
C_1_045,8.067592716543004e-05,V3 +utility KD,C,8.93788776323845e-09,1.0,C,1
C_1_046,0.0004243476432748139,V3 +utility KD,C,7.2867547551425105e-09,1.0,C,1
C_1_047,0.02663574367761612,V3 +utility KD,C,0.00019037749734707177,1.0,C,1
C_1_048,0.008760439231991768,V3 +utility KD,C,3.7592285480059218e-06,1.0,C,1
C_1_049,0.00210132310166955,V3 +utility KD,C,0.0002589712094049901,0.0,C,1
C_1_050,0.007763106841593981,V3 +utility KD,C,3.6504297895589843e-06,1.0,C,1
C_1_051,0.00022677142987959087,V3 +utility KD,C,1.0567054786747576e-08,1.0,C,1
C_1_052,0.001339319278486073,V3 +utility KD,C,2.0194357830405352e-07,1.0,C,1
C_1_053,0.0005397388595156372,V3 +utility KD,C,7.605532204024712e-09,1.0,C,1
C_1_054,1.5640518540749326e-05,V3 +utility KD,C,6.11144537754349e-11,1.0,C,1
C_1_055,0.0002544750168453902,V3 +utility KD,C,6.2170122383520265e-09,1.0,C,1
C_1_056,6.256931555981282e-06,V3 +utility KD,C,1.0649195969492098e-09,1.0,C,1
C_1_057,0.00013709503400605172,V3 +utility KD,C,3.9750214231304426e-10,1.0,C,1
C_1_058,0.0007077364134602249,V3 +utility KD,C,2.5955349869377642e-08,1.0,C,1
C_1_059,9.001230864669196e-06,V3 +utility KD,C,1.3644567246895445e-12,1.0,C,1
C_1_060,3.8556172512471676e-05,V3 +utility KD,C,1.5617946935719829e-09,1.0,C,1
C_1_061,0.05643641948699951,V3 +utility KD,C,0.0011887509608641267,1.0,C,1
C_1_062,9.427632221559179e-07,V3 +utility KD,C,3.9031223999369535e-14,1.0,C,1
C_1_063,0.00011082634591730312,V3 +utility KD,C,3.9647923832930587e-10,1.0,C,1
C_1_064,0.0005271009285934269,V3 +utility KD,C,1.3376923568841903e-08,1.0,C,1
C_1_065,0.026092831045389175,V3 +utility KD,C,0.0010762388119474053,1.0,C,1
C_1_066,4.650163646147121e-06,V3 +utility KD,C,2.6629691290622204e-13,1.0,C,1
C_1_067,0.3450681269168854,V3 +utility KD,C,0.18218432366847992,1.0,C,1
C_1_068,0.0015407856553792953,V3 +utility KD,C,2.784061507554725e-06,1.0,C,1
C_1_069,0.0004709184286184609,V3 +utility KD,C,6.756851234968053e-06,0.0,C,1
C_1_070,1.3135534118191572e-06,V3 +utility KD,C,5.207109632257394e-14,1.0,C,1
C_1_071,0.0009735682979226112,V3 +utility KD,C,4.161145028547253e-08,1.0,C,1
C_1_072,0.0013680174015462399,V3 +utility KD,C,2.0788246501979302e-07,1.0,C,1
C_1_073,0.0001817888260120526,V3 +utility KD,C,9.788149180067762e-10,1.0,C,1
C_1_074,0.0002627098001539707,V3 +utility KD,C,7.067753049483372e-09,1.0,C,1
C_1_075,0.1345573514699936,V3 +utility KD,C,0.010367817245423794,1.0,C,1
C_1_076,0.007947699166834354,V3 +utility KD,C,0.0014291777042672038,0.0,C,1
C_1_077,0.06193232908844948,V3 +utility KD,C,0.0008943627472035587,1.0,C,1
C_1_078,0.04094165936112404,V3 +utility KD,C,0.010555186308920383,0.0,C,1
C_1_079,0.00027421038248576224,V3 +utility KD,C,5.239156308789461e-08,1.0,C,1
C_1_080,0.2159983068704605,V3 +utility KD,C,0.021026261150836945,1.0,C,1
C_1_081,0.054743096232414246,V3 +utility KD,C,0.020642245188355446,0.0,C,1
C_0_000,0.0034142907243222,V3 +utility KD,C,0.0003685033298097551,0.0,C,0
C_0_001,0.043272703886032104,V3 +utility KD,C,0.07863972336053848,0.0,C,0
C_0_002,0.024059664458036423,V3 +utility KD,C,0.002655133605003357,0.0,C,0
C_0_003,0.025692911818623543,V3 +utility KD,C,0.018909072503447533,0.0,C,0
C_0_004,0.0005272388807497919,V3 +utility KD,C,1.8442891814629547e-05,0.0,C,0
C_0_005,0.013263730332255363,V3 +utility KD,C,0.008734934963285923,0.0,C,0
C_0_006,1.7498235820312402e-06,V3 +utility KD,C,5.21380139062444e-09,0.0,C,0
C_0_007,0.0033251368440687656,V3 +utility KD,C,0.0002342143707210198,0.0,C,0
C_0_008,0.00019804629846476018,V3 +utility KD,C,1.33089133669273e-06,0.0,C,0
C_0_009,4.736572736874223e-05,V3 +utility KD,C,9.812335122205695e-08,0.0,C,0
C_0_010,0.034928470849990845,V3 +utility KD,C,0.0014926608419045806,1.0,C,0
C_0_011,0.157753124833107,V3 +utility KD,C,0.6496551036834717,2.0,C,0
C_0_012,0.05301404371857643,V3 +utility KD,C,0.015384962782263756,0.0,C,0
C_0_013,0.05169367790222168,V3 +utility KD,C,0.017770932987332344,0.0,C,0
C_0_014,1.177584726974601e-05,V3 +utility KD,C,4.524123653482093e-08,0.0,C,0
C_0_015,1.8993619960383512e-05,V3 +utility KD,C,1.4154311145375686e-07,0.0,C,0
C_0_016,2.5050770346979334e-08,V3 +utility KD,C,1.202038902442526e-11,0.0,C,0
C_0_017,0.0004066804831381887,V3 +utility KD,C,2.4963184841908514e-05,0.0,C,0
C_0_018,0.0014362882357090712,V3 +utility KD,C,3.9960774302016944e-05,0.0,C,0
C_0_019,2.0351591956568882e-05,V3 +utility KD,C,3.490648481374592e-08,0.0,C,0
C_0_020,1.6771776856217002e-08,V3 +utility KD,C,3.3627210716501155e-13,0.0,C,0
C_0_021,0.033515896648168564,V3 +utility KD,C,0.014032425358891487,0.0,C,0
C_0_022,0.003463546745479107,V3 +utility KD,C,7.833902782294899e-05,0.0,C,0
C_0_023,0.0029680535662919283,V3 +utility KD,C,8.509841427439824e-05,1.0,C,0
C_0_024,0.014150504022836685,V3 +utility KD,C,0.0013520920183509588,0.0,C,0
C_0_025,0.0012887009652331471,V3 +utility KD,C,1.5045266081870068e-05,0.0,C,0
C_0_026,0.2393236756324768,V3 +utility KD,C,0.4264697730541229,0.0,C,0
C_0_027,0.0008782365475781262,V3 +utility KD,C,1.4955792721593753e-05,1.0,C,0
C_0_028,0.1777491271495819,V3 +utility KD,C,0.8394464254379272,2.0,C,0
C_0_029,0.00044113388867117465,V3 +utility KD,C,8.060994150582701e-05,0.0,C,0
C_0_030,1.5555775462416932e-05,V3 +utility KD,C,7.632322507333811e-08,0.0,C,0
C_0_031,0.002073602518066764,V3 +utility KD,C,0.00010828265658346936,0.0,C,0
C_0_032,0.0006770422332920134,V3 +utility KD,C,6.1303699112613685e-06,0.0,C,0
C_0_033,0.00037682123365812004,V3 +utility KD,C,4.851574885833543e-06,0.0,C,0
C_0_034,0.07199320197105408,V3 +utility KD,C,0.014079730026423931,0.0,C,0
C_0_035,8.756519491726067e-06,V3 +utility KD,C,1.4460382224967816e-08,0.0,C,0
C_0_036,0.4179960787296295,V3 +utility KD,C,0.9726150035858154,2.0,C,0
C_0_037,0.026558710262179375,V3 +utility KD,C,0.018361303955316544,0.0,C,0
C_0_038,0.007692724000662565,V3 +utility KD,C,0.0001531009329482913,0.0,C,0
C_0_039,0.5066123008728027,V3 +utility KD,C,0.6071279644966125,2.0,C,0
C_0_040,0.053732264786958694,V3 +utility KD,C,0.053307969123125076,0.0,C,0
C_0_041,2.342420657441835e-07,V3 +utility KD,C,4.036147110975108e-11,0.0,C,0
C_0_042,1.259953023691196e-05,V3 +utility KD,C,5.39054418879914e-08,0.0,C,0
C_0_043,0.47503861784935,V3 +utility KD,C,0.6597029566764832,2.0,C,0
C_0_044,5.430212013379787e-07,V3 +utility KD,C,1.2389196613060705e-10,0.0,C,0
C_0_045,2.1242263503751246e-09,V3 +utility KD,C,7.27468703765749e-13,0.0,C,0
C_0_046,0.025279344990849495,V3 +utility KD,C,0.03888126462697983,0.0,C,0
C_0_047,0.027008868753910065,V3 +utility KD,C,0.03163963928818703,0.0,C,0
C_0_048,0.030077973380684853,V3 +utility KD,C,0.009607804007828236,1.0,C,0
C_0_049,1.8620698028826155e-05,V3 +utility KD,C,1.303885426295892e-07,0.0,C,0
C_2_000,0.9999978542327881,V4 full Student,C,1.0,2.0,C,2
C_2_001,0.9999454021453857,V4 full Student,C,1.0,2.0,C,2
C_2_002,0.999997615814209,V4 full Student,C,1.0,2.0,C,2
C_2_003,0.9303951263427734,V4 full Student,C,0.9999994039535522,2.0,C,2
C_2_004,0.9993775486946106,V4 full Student,C,1.0,2.0,C,2
C_2_005,0.9999308586120605,V4 full Student,C,1.0,2.0,C,2
C_2_006,0.9999877214431763,V4 full Student,C,1.0,2.0,C,2
C_2_007,0.9997808337211609,V4 full Student,C,1.0,2.0,C,2
C_2_008,0.9996523857116699,V4 full Student,C,1.0,2.0,C,2
C_2_009,0.9999963045120239,V4 full Student,C,1.0,2.0,C,2
C_2_010,0.2613578140735626,V4 full Student,C,0.9999897480010986,2.0,C,2
C_2_011,0.9951522350311279,V4 full Student,C,1.0,2.0,C,2
C_2_012,0.9999948740005493,V4 full Student,C,1.0,2.0,C,2
C_2_013,0.9999442100524902,V4 full Student,C,1.0,2.0,C,2
C_2_014,0.9999957084655762,V4 full Student,C,1.0,2.0,C,2
C_2_015,0.9999985694885254,V4 full Student,C,1.0,2.0,C,2
C_2_016,0.9992365837097168,V4 full Student,C,1.0,2.0,C,2
C_2_017,0.9999431371688843,V4 full Student,C,1.0,2.0,C,2
C_2_018,0.9999654293060303,V4 full Student,C,1.0,2.0,C,2
C_2_019,0.9996170997619629,V4 full Student,C,1.0,2.0,C,2
C_2_020,0.9999995231628418,V4 full Student,C,1.0,2.0,C,2
C_2_021,0.9999959468841553,V4 full Student,C,1.0,2.0,C,2
C_2_022,0.9999819993972778,V4 full Student,C,1.0,2.0,C,2
C_2_023,0.999982476234436,V4 full Student,C,1.0,2.0,C,2
C_2_024,0.9999920129776001,V4 full Student,C,1.0,2.0,C,2
C_2_025,0.17361025512218475,V4 full Student,C,2.3225286440720083e-06,0.0,C,2
C_2_026,0.999994158744812,V4 full Student,C,1.0,2.0,C,2
C_2_027,0.999935507774353,V4 full Student,C,1.0,2.0,C,2
C_2_028,0.9999233484268188,V4 full Student,C,1.0,2.0,C,2
C_2_029,0.9999644756317139,V4 full Student,C,1.0,2.0,C,2
C_2_030,0.9995608925819397,V4 full Student,C,1.0,2.0,C,2
C_2_031,0.999967098236084,V4 full Student,C,1.0,2.0,C,2
C_2_032,0.9999691247940063,V4 full Student,C,1.0,2.0,C,2
C_2_033,0.999997615814209,V4 full Student,C,1.0,2.0,C,2
C_2_034,0.9999321699142456,V4 full Student,C,1.0,2.0,C,2
C_2_035,0.9954094290733337,V4 full Student,C,1.0,2.0,C,2
C_2_036,0.9957259893417358,V4 full Student,C,1.0,2.0,C,2
C_2_037,0.9999909400939941,V4 full Student,C,1.0,2.0,C,2
C_2_038,0.998134970664978,V4 full Student,C,1.0,2.0,C,2
C_2_039,0.9999210834503174,V4 full Student,C,1.0,2.0,C,2
C_2_040,0.999625563621521,V4 full Student,C,1.0,2.0,C,2
C_2_041,0.9632942080497742,V4 full Student,C,1.0,2.0,C,2
C_2_042,0.9999995231628418,V4 full Student,C,1.0,2.0,C,2
C_1_000,0.6563467979431152,V4 full Student,C,7.93927301830609e-14,1.0,C,1
C_1_001,0.4483066499233246,V4 full Student,C,2.705392507240667e-11,1.0,C,1
C_1_002,0.21797293424606323,V4 full Student,C,1.9316220443901105e-14,1.0,C,1
C_1_003,0.06413733214139938,V4 full Student,C,7.50988093123372e-16,1.0,C,1
C_1_004,0.3273197412490845,V4 full Student,C,2.4449535712143312e-18,1.0,C,1
C_1_005,0.19063007831573486,V4 full Student,C,3.882365139979368e-24,1.0,C,1
C_1_006,0.057413049042224884,V4 full Student,C,9.10789896294871e-20,1.0,C,1
C_1_007,0.1461828500032425,V4 full Student,C,9.968885115287136e-23,1.0,C,1
C_1_008,0.551960825920105,V4 full Student,C,9.550223423700536e-16,1.0,C,1
C_1_009,0.4531153440475464,V4 full Student,C,4.1308877976251046e-13,1.0,C,1
C_1_010,0.2847161293029785,V4 full Student,C,3.313963156380517e-19,1.0,C,1
C_1_011,0.18760034441947937,V4 full Student,C,2.2720118186205727e-18,1.0,C,1
C_1_012,0.2052098959684372,V4 full Student,C,8.034208298646206e-10,1.0,C,1
C_1_013,0.33123478293418884,V4 full Student,C,2.5277980422108443e-16,1.0,C,1
C_1_014,0.2479625791311264,V4 full Student,C,7.552670511570825e-13,1.0,C,1
C_1_015,0.1469108909368515,V4 full Student,C,5.166403501738472e-24,1.0,C,1
C_1_016,0.39400768280029297,V4 full Student,C,1.3746013800331697e-17,1.0,C,1
C_1_017,0.2683923840522766,V4 full Student,C,3.917864730557108e-12,1.0,C,1
C_1_018,0.37504616379737854,V4 full Student,C,2.6765107463688764e-08,1.0,C,1
C_1_019,0.06958962976932526,V4 full Student,C,3.240966250290353e-25,1.0,C,1
C_1_020,0.3113843500614166,V4 full Student,C,3.3679040069620582e-15,1.0,C,1
C_1_021,0.07400637865066528,V4 full Student,C,3.5500435208169946e-23,1.0,C,1
C_1_022,0.2811913788318634,V4 full Student,C,3.7257253687646106e-23,1.0,C,1
C_1_023,0.34644725918769836,V4 full Student,C,2.9703336679176573e-08,1.0,C,1
C_1_024,0.17017096281051636,V4 full Student,C,9.399299142724978e-22,1.0,C,1
C_1_025,0.1349981725215912,V4 full Student,C,2.6315942536607744e-16,1.0,C,1
C_1_026,0.5366966724395752,V4 full Student,C,1.9332092379704509e-19,1.0,C,1
C_1_027,0.18386654555797577,V4 full Student,C,3.6098271119654985e-17,1.0,C,1
C_1_028,0.1280878186225891,V4 full Student,C,5.693560670409151e-19,1.0,C,1
C_1_029,0.3982144892215729,V4 full Student,C,2.762527012700744e-11,1.0,C,1
C_1_030,0.10548051446676254,V4 full Student,C,2.073944868510822e-18,1.0,C,1
C_1_031,0.28719866275787354,V4 full Student,C,2.99382359181255e-11,1.0,C,1
C_1_032,0.5070278644561768,V4 full Student,C,6.545377087552318e-12,1.0,C,1
C_1_033,0.5968210101127625,V4 full Student,C,6.268161335503254e-16,1.0,C,1
C_1_034,0.15549176931381226,V4 full Student,C,1.3497726440487167e-19,1.0,C,1
C_1_035,0.7171570658683777,V4 full Student,C,9.78326440879464e-24,1.0,C,1
C_1_036,0.24958257377147675,V4 full Student,C,7.145308379263166e-14,1.0,C,1
C_1_037,0.26919063925743103,V4 full Student,C,2.0440804236857386e-20,1.0,C,1
C_1_038,0.06196761131286621,V4 full Student,C,9.91005237940823e-13,1.0,C,1
C_1_039,0.3848711848258972,V4 full Student,C,5.696312833317757e-14,1.0,C,1
C_1_040,0.39950302243232727,V4 full Student,C,6.501200809248472e-14,1.0,C,1
C_1_041,0.4211990535259247,V4 full Student,C,1.0000872347861711e-16,1.0,C,1
C_1_042,0.4671829342842102,V4 full Student,C,5.085407144302508e-19,1.0,C,1
C_1_043,0.38820821046829224,V4 full Student,C,3.5722765023837866e-11,1.0,C,1
C_1_044,0.3571476340293884,V4 full Student,C,1.3418886873825812e-24,1.0,C,1
C_1_045,0.3770952820777893,V4 full Student,C,1.0883033339625423e-18,1.0,C,1
C_1_046,0.23718765377998352,V4 full Student,C,1.4724606485919237e-25,1.0,C,1
C_1_047,0.6089767813682556,V4 full Student,C,1.5498333889479344e-17,1.0,C,1
C_1_048,0.3565034866333008,V4 full Student,C,2.520546215955041e-17,1.0,C,1
C_1_049,0.41733449697494507,V4 full Student,C,2.932403668845507e-12,1.0,C,1
C_1_050,0.2040291130542755,V4 full Student,C,1.2536419385228426e-12,1.0,C,1
C_1_051,0.489658385515213,V4 full Student,C,6.629801417058767e-15,1.0,C,1
C_1_052,0.4137125611305237,V4 full Student,C,6.190868130639959e-13,1.0,C,1
C_1_053,0.22181883454322815,V4 full Student,C,7.054860168276278e-14,1.0,C,1
C_1_054,0.25638848543167114,V4 full Student,C,9.184500981973542e-08,1.0,C,1
C_1_055,0.46415650844573975,V4 full Student,C,1.8419828279537006e-17,1.0,C,1
C_1_056,0.06116863712668419,V4 full Student,C,1.911133307365786e-17,1.0,C,1
C_1_057,0.2732256352901459,V4 full Student,C,3.711297497238571e-24,1.0,C,1
C_1_058,0.44002822041511536,V4 full Student,C,2.462388729069359e-20,1.0,C,1
C_1_059,0.17588584125041962,V4 full Student,C,3.5008044599994774e-26,1.0,C,1
C_1_060,0.1202547550201416,V4 full Student,C,3.853621061286517e-17,1.0,C,1
C_1_061,0.5519385933876038,V4 full Student,C,1.1684618502484223e-17,1.0,C,1
C_1_062,0.3599511384963989,V4 full Student,C,4.0860990350712034e-19,1.0,C,1
C_1_063,0.22098231315612793,V4 full Student,C,3.9958809916455074e-25,1.0,C,1
C_1_064,0.17872101068496704,V4 full Student,C,3.2525829428090555e-18,1.0,C,1
C_1_065,0.41344910860061646,V4 full Student,C,2.7859041462630074e-11,1.0,C,1
C_1_066,0.28574448823928833,V4 full Student,C,2.7881503778435967e-24,1.0,C,1
C_1_067,0.2467130869626999,V4 full Student,C,7.123723139157434e-11,1.0,C,1
C_1_068,0.3208751082420349,V4 full Student,C,8.983823206838368e-14,1.0,C,1
C_1_069,0.4058387875556946,V4 full Student,C,4.6547321552736776e-10,1.0,C,1
C_1_070,0.48628947138786316,V4 full Student,C,1.1712051585608026e-19,1.0,C,1
C_1_071,0.4492533802986145,V4 full Student,C,6.8028567068090435e-16,1.0,C,1
C_1_072,0.16523508727550507,V4 full Student,C,5.063659096925721e-15,1.0,C,1
C_1_073,0.15263937413692474,V4 full Student,C,5.204297815827347e-26,1.0,C,1
C_1_074,0.2925545871257782,V4 full Student,C,1.2206052894712644e-18,1.0,C,1
C_1_075,0.61429762840271,V4 full Student,C,6.491450155188261e-10,1.0,C,1
C_1_076,0.2158738374710083,V4 full Student,C,2.4806812853883642e-11,1.0,C,1
C_1_077,0.4310828149318695,V4 full Student,C,3.0822235240105956e-17,1.0,C,1
C_1_078,0.4973375201225281,V4 full Student,C,9.999395042992361e-15,1.0,C,1
C_1_079,0.3987606167793274,V4 full Student,C,1.1568259303501409e-14,1.0,C,1
C_1_080,0.2860182225704193,V4 full Student,C,8.115232932263267e-14,1.0,C,1
C_1_081,0.3175068199634552,V4 full Student,C,1.1802212852851657e-13,1.0,C,1
C_0_000,0.01860496774315834,V4 full Student,C,5.939126822340768e-06,0.0,C,0
C_0_001,0.006102314684540033,V4 full Student,C,5.206262017054542e-07,0.0,C,0
C_0_002,0.006062895990908146,V4 full Student,C,1.6485479648054024e-08,0.0,C,0
C_0_003,0.018026530742645264,V4 full Student,C,0.00010468446998856962,0.0,C,0
C_0_004,0.00012807668827008456,V4 full Student,C,6.289916233259002e-14,0.0,C,0
C_0_005,0.08192536234855652,V4 full Student,C,0.030848370864987373,0.0,C,0
C_0_006,2.3364098524325527e-05,V4 full Student,C,2.041744588420511e-18,0.0,C,0
C_0_007,0.03666142374277115,V4 full Student,C,1.0776015187730081e-05,0.0,C,0
C_0_008,0.0446091890335083,V4 full Student,C,5.102422619529534e-06,0.0,C,0
C_0_009,0.04308885335922241,V4 full Student,C,4.164531492278911e-05,0.0,C,0
C_0_010,0.02635485865175724,V4 full Student,C,3.012405795743689e-05,0.0,C,0
C_0_011,0.0038345849607139826,V4 full Student,C,3.414266302570468e-06,0.0,C,0
C_0_012,0.017092334106564522,V4 full Student,C,2.6486477509024553e-05,0.0,C,0
C_0_013,0.009854963049292564,V4 full Student,C,4.034990652712622e-08,0.0,C,0
C_0_014,0.0006906935013830662,V4 full Student,C,2.9578444728228792e-12,0.0,C,0
C_0_015,0.00020964267605450004,V4 full Student,C,1.5771123285362315e-14,0.0,C,0
C_0_016,4.230205831845524e-06,V4 full Student,C,2.3276017485171173e-20,0.0,C,0
C_0_017,0.0008105012821033597,V4 full Student,C,5.741250183599611e-11,0.0,C,0
C_0_018,0.044674620032310486,V4 full Student,C,1.176308728645381e-06,1.0,C,0
C_0_019,0.002433981280773878,V4 full Student,C,7.851745642550867e-11,0.0,C,0
C_0_020,5.4689418902853504e-05,V4 full Student,C,5.025261601192858e-18,0.0,C,0
C_0_021,0.003602348268032074,V4 full Student,C,4.3516745762417486e-10,0.0,C,0
C_0_022,0.01239421684294939,V4 full Student,C,2.827917677805658e-09,0.0,C,0
C_0_023,0.174130380153656,V4 full Student,C,0.0005264607025310397,1.0,C,0
C_0_024,0.01624099537730217,V4 full Student,C,2.974966264446266e-07,0.0,C,0
C_0_025,0.0006242593517526984,V4 full Student,C,4.411597226850611e-13,0.0,C,0
C_0_026,0.399977445602417,V4 full Student,C,0.9943320751190186,2.0,C,0
C_0_027,0.028919341042637825,V4 full Student,C,1.3945584270702582e-11,1.0,C,0
C_0_028,0.04381658136844635,V4 full Student,C,0.00022826519852969795,0.0,C,0
C_0_029,0.2975988984107971,V4 full Student,C,0.9996486902236938,2.0,C,0
C_0_030,0.005451207980513573,V4 full Student,C,5.0317845307290554e-05,0.0,C,0
C_0_031,0.12118159979581833,V4 full Student,C,0.0226120762526989,0.0,C,0
C_0_032,0.04315575212240219,V4 full Student,C,4.199609406896343e-07,0.0,C,0
C_0_033,0.001939459820277989,V4 full Student,C,1.3732776027453042e-10,0.0,C,0
C_0_034,0.006675529759377241,V4 full Student,C,3.062003761655774e-09,0.0,C,0
C_0_035,0.002736827591434121,V4 full Student,C,1.785031289447403e-10,0.0,C,0
C_0_036,0.00405431492254138,V4 full Student,C,8.750864033402195e-09,0.0,C,0
C_0_037,0.008344931527972221,V4 full Student,C,2.4294526390633564e-09,0.0,C,0
C_0_038,0.013872673735022545,V4 full Student,C,8.450160385109484e-05,0.0,C,0
C_0_039,0.9764692187309265,V4 full Student,C,0.9999998807907104,2.0,C,0
C_0_040,0.32823124527931213,V4 full Student,C,0.01986849680542946,0.0,C,0
C_0_041,0.000993163208477199,V4 full Student,C,2.198268820867064e-15,0.0,C,0
C_0_042,0.0004922993830405176,V4 full Student,C,2.993538576745447e-12,0.0,C,0
C_0_043,0.006628604605793953,V4 full Student,C,1.9357275782283523e-09,0.0,C,0
C_0_044,0.015254801139235497,V4 full Student,C,1.5753841580590233e-05,0.0,C,0
C_0_045,5.980540663585998e-05,V4 full Student,C,1.0789175339275849e-15,0.0,C,0
C_0_046,0.10086880624294281,V4 full Student,C,0.07070542126893997,0.0,C,0
C_0_047,0.5777419805526733,V4 full Student,C,0.999992847442627,2.0,C,0
C_0_048,0.013071947731077671,V4 full Student,C,6.965419288462726e-06,0.0,C,0
C_0_049,0.355044960975647,V4 full Student,C,0.0865345224738121,0.0,C,0
D_2_000,0.9999526739120483,Teacher (privileged),D,,,D,2
D_2_001,1.0,Teacher (privileged),D,,,D,2
D_2_002,1.0,Teacher (privileged),D,,,D,2
D_2_003,1.0,Teacher (privileged),D,,,D,2
D_2_004,1.0,Teacher (privileged),D,,,D,2
D_2_005,1.0,Teacher (privileged),D,,,D,2
D_2_006,1.0,Teacher (privileged),D,,,D,2
D_2_007,1.0,Teacher (privileged),D,,,D,2
D_2_008,1.0,Teacher (privileged),D,,,D,2
D_2_009,1.0,Teacher (privileged),D,,,D,2
D_2_010,0.9999998807907104,Teacher (privileged),D,,,D,2
D_2_011,1.0,Teacher (privileged),D,,,D,2
D_2_012,1.0,Teacher (privileged),D,,,D,2
D_2_013,1.0,Teacher (privileged),D,,,D,2
D_2_014,1.0,Teacher (privileged),D,,,D,2
D_2_015,1.0,Teacher (privileged),D,,,D,2
D_2_016,1.0,Teacher (privileged),D,,,D,2
D_2_017,1.0,Teacher (privileged),D,,,D,2
D_2_018,1.0,Teacher (privileged),D,,,D,2
D_2_019,1.0,Teacher (privileged),D,,,D,2
D_2_020,1.0,Teacher (privileged),D,,,D,2
D_2_021,1.0,Teacher (privileged),D,,,D,2
D_2_022,1.0,Teacher (privileged),D,,,D,2
D_2_023,1.0,Teacher (privileged),D,,,D,2
D_2_024,1.0,Teacher (privileged),D,,,D,2
D_2_025,1.0,Teacher (privileged),D,,,D,2
D_2_026,1.0,Teacher (privileged),D,,,D,2
D_2_027,1.0,Teacher (privileged),D,,,D,2
D_2_028,1.0,Teacher (privileged),D,,,D,2
D_2_029,1.0,Teacher (privileged),D,,,D,2
D_2_030,1.0,Teacher (privileged),D,,,D,2
D_2_031,1.0,Teacher (privileged),D,,,D,2
D_2_032,1.0,Teacher (privileged),D,,,D,2
D_2_033,0.9997265934944153,Teacher (privileged),D,,,D,2
D_2_034,1.0,Teacher (privileged),D,,,D,2
D_2_035,1.0,Teacher (privileged),D,,,D,2
D_2_036,1.0,Teacher (privileged),D,,,D,2
D_2_037,1.0,Teacher (privileged),D,,,D,2
D_2_038,1.0,Teacher (privileged),D,,,D,2
D_2_039,1.0,Teacher (privileged),D,,,D,2
D_2_040,1.0,Teacher (privileged),D,,,D,2
D_2_041,1.0,Teacher (privileged),D,,,D,2
D_2_042,1.0,Teacher (privileged),D,,,D,2
D_2_043,1.0,Teacher (privileged),D,,,D,2
D_2_044,1.0,Teacher (privileged),D,,,D,2
D_2_045,1.0,Teacher (privileged),D,,,D,2
D_2_046,1.0,Teacher (privileged),D,,,D,2
D_2_047,1.0,Teacher (privileged),D,,,D,2
D_2_048,1.0,Teacher (privileged),D,,,D,2
D_2_049,1.0,Teacher (privileged),D,,,D,2
D_2_050,1.0,Teacher (privileged),D,,,D,2
D_2_051,1.0,Teacher (privileged),D,,,D,2
D_2_052,1.0,Teacher (privileged),D,,,D,2
D_2_053,1.0,Teacher (privileged),D,,,D,2
D_2_054,1.0,Teacher (privileged),D,,,D,2
D_2_055,1.0,Teacher (privileged),D,,,D,2
D_2_056,1.0,Teacher (privileged),D,,,D,2
D_2_057,1.3424956932794885e-06,Teacher (privileged),D,,,D,2
D_2_058,1.0,Teacher (privileged),D,,,D,2
D_2_059,1.0,Teacher (privileged),D,,,D,2
D_2_060,1.0,Teacher (privileged),D,,,D,2
D_2_061,1.0,Teacher (privileged),D,,,D,2
D_1_000,7.710901361868139e-11,Teacher (privileged),D,,,D,1
D_1_001,2.0241428550016788e-16,Teacher (privileged),D,,,D,1
D_1_002,9.549023616273189e-08,Teacher (privileged),D,,,D,1
D_1_003,2.4201376579852107e-13,Teacher (privileged),D,,,D,1
D_1_004,1.1312881742497893e-09,Teacher (privileged),D,,,D,1
D_1_005,1.2995794761508361e-12,Teacher (privileged),D,,,D,1
D_1_006,2.8295776832720776e-10,Teacher (privileged),D,,,D,1
D_1_007,1.988218097104255e-11,Teacher (privileged),D,,,D,1
D_1_008,9.958989877342436e-18,Teacher (privileged),D,,,D,1
D_1_009,1.1749396594540329e-11,Teacher (privileged),D,,,D,1
D_1_010,5.801171826392784e-31,Teacher (privileged),D,,,D,1
D_1_011,2.020910372380058e-08,Teacher (privileged),D,,,D,1
D_1_012,6.363389632796046e-26,Teacher (privileged),D,,,D,1
D_1_013,1.029114432560263e-10,Teacher (privileged),D,,,D,1
D_1_014,6.157010457030765e-10,Teacher (privileged),D,,,D,1
D_1_015,6.227555262339997e-29,Teacher (privileged),D,,,D,1
D_1_016,3.5289766550771828e-25,Teacher (privileged),D,,,D,1
D_1_017,4.87495480994745e-14,Teacher (privileged),D,,,D,1
D_1_018,1.8253969467733386e-18,Teacher (privileged),D,,,D,1
D_1_019,0.00021546917560044676,Teacher (privileged),D,,,D,1
D_1_020,8.796512475908091e-21,Teacher (privileged),D,,,D,1
D_1_021,3.777599622001304e-10,Teacher (privileged),D,,,D,1
D_1_022,5.884429654656742e-08,Teacher (privileged),D,,,D,1
D_1_023,5.2350582535609647e-08,Teacher (privileged),D,,,D,1
D_1_024,1.8034754462395441e-12,Teacher (privileged),D,,,D,1
D_1_025,9.198763972761981e-10,Teacher (privileged),D,,,D,1
D_1_026,1.3230834207096989e-14,Teacher (privileged),D,,,D,1
D_1_027,1.4255417679631677e-10,Teacher (privileged),D,,,D,1
D_1_028,5.108271967397122e-19,Teacher (privileged),D,,,D,1
D_1_029,4.9856716029339024e-21,Teacher (privileged),D,,,D,1
D_1_030,1.9838143172461187e-13,Teacher (privileged),D,,,D,1
D_1_031,5.1218022878440905e-12,Teacher (privileged),D,,,D,1
D_1_032,1.6355321008632018e-07,Teacher (privileged),D,,,D,1
D_1_033,6.737913782473015e-09,Teacher (privileged),D,,,D,1
D_1_034,1.1303255728590481e-14,Teacher (privileged),D,,,D,1
D_1_035,1.2508715695906382e-19,Teacher (privileged),D,,,D,1
D_1_036,6.16782417637296e-05,Teacher (privileged),D,,,D,1
D_1_037,1.3965326968847294e-14,Teacher (privileged),D,,,D,1
D_1_038,2.1950626688968136e-27,Teacher (privileged),D,,,D,1
D_1_039,4.79804441511078e-07,Teacher (privileged),D,,,D,1
D_1_040,9.109770782202038e-21,Teacher (privileged),D,,,D,1
D_1_041,1.9330622172408773e-11,Teacher (privileged),D,,,D,1
D_1_042,6.810393529121939e-07,Teacher (privileged),D,,,D,1
D_1_043,1.227460507438767e-17,Teacher (privileged),D,,,D,1
D_1_044,3.075648243033857e-12,Teacher (privileged),D,,,D,1
D_1_045,4.5381307600678156e-09,Teacher (privileged),D,,,D,1
D_1_046,1.850435910455417e-05,Teacher (privileged),D,,,D,1
D_1_047,5.039445370553882e-19,Teacher (privileged),D,,,D,1
D_1_048,2.5941537130253293e-34,Teacher (privileged),D,,,D,1
D_1_049,4.3563240241138257e-33,Teacher (privileged),D,,,D,1
D_1_050,5.436158987897981e-16,Teacher (privileged),D,,,D,1
D_1_051,5.249664702944301e-09,Teacher (privileged),D,,,D,1
D_1_052,9.663154998396095e-11,Teacher (privileged),D,,,D,1
D_1_053,2.7340516897960755e-27,Teacher (privileged),D,,,D,1
D_1_054,6.823463165531169e-17,Teacher (privileged),D,,,D,1
D_1_055,1.1302254279144108e-06,Teacher (privileged),D,,,D,1
D_1_056,9.824452718021348e-06,Teacher (privileged),D,,,D,1
D_1_057,2.7703654925659293e-09,Teacher (privileged),D,,,D,1
D_1_058,8.154348236141112e-14,Teacher (privileged),D,,,D,1
D_1_059,4.38097197137232e-14,Teacher (privileged),D,,,D,1
D_1_060,1.1607852457018453e-09,Teacher (privileged),D,,,D,1
D_1_061,2.9138741410861257e-06,Teacher (privileged),D,,,D,1
D_1_062,5.037059214174633e-09,Teacher (privileged),D,,,D,1
D_1_063,1.4161892492037254e-10,Teacher (privileged),D,,,D,1
D_1_064,3.408499225629523e-16,Teacher (privileged),D,,,D,1
D_1_065,1.0714828326949525e-20,Teacher (privileged),D,,,D,1
D_1_066,1.331388818637258e-11,Teacher (privileged),D,,,D,1
D_1_067,1.8339684843610964e-25,Teacher (privileged),D,,,D,1
D_1_068,7.772679201656363e-12,Teacher (privileged),D,,,D,1
D_1_069,2.4057628706941614e-06,Teacher (privileged),D,,,D,1
D_1_070,7.281903413591806e-10,Teacher (privileged),D,,,D,1
D_1_071,1.6897809696886053e-19,Teacher (privileged),D,,,D,1
D_1_072,4.049315549536914e-08,Teacher (privileged),D,,,D,1
D_1_073,4.977846757014959e-08,Teacher (privileged),D,,,D,1
D_1_074,2.1996413579472573e-06,Teacher (privileged),D,,,D,1
D_1_075,3.1527446253676317e-07,Teacher (privileged),D,,,D,1
D_1_076,5.034381800328447e-08,Teacher (privileged),D,,,D,1
D_1_077,4.405614023280432e-15,Teacher (privileged),D,,,D,1
D_1_078,2.0961042623834913e-10,Teacher (privileged),D,,,D,1
D_1_079,2.06965123313642e-35,Teacher (privileged),D,,,D,1
D_1_080,3.7003410860610153e-13,Teacher (privileged),D,,,D,1
D_1_081,0.0015437065158039331,Teacher (privileged),D,,,D,1
D_1_082,1.3804700438324602e-11,Teacher (privileged),D,,,D,1
D_1_083,4.42776172349113e-06,Teacher (privileged),D,,,D,1
D_1_084,1.9024842812243037e-10,Teacher (privileged),D,,,D,1
D_1_085,2.6446624445952693e-08,Teacher (privileged),D,,,D,1
D_1_086,4.719483131963078e-25,Teacher (privileged),D,,,D,1
D_1_087,8.22507752011592e-14,Teacher (privileged),D,,,D,1
D_1_088,8.600844481065906e-09,Teacher (privileged),D,,,D,1
D_1_089,8.070005605986807e-07,Teacher (privileged),D,,,D,1
D_1_090,2.120355557799769e-10,Teacher (privileged),D,,,D,1
D_1_091,2.0481728812971056e-10,Teacher (privileged),D,,,D,1
D_1_092,5.071218445173997e-11,Teacher (privileged),D,,,D,1
D_0_000,3.600365223404745e-32,Teacher (privileged),D,,,D,0
D_0_001,4.906985567537365e-23,Teacher (privileged),D,,,D,0
D_0_002,4.3160780307010024e-26,Teacher (privileged),D,,,D,0
D_0_003,1.8352352224115583e-25,Teacher (privileged),D,,,D,0
D_0_004,1.3024221277556678e-21,Teacher (privileged),D,,,D,0
D_0_005,0.0,Teacher (privileged),D,,,D,0
D_0_006,8.843638967337945e-31,Teacher (privileged),D,,,D,0
D_0_007,0.0,Teacher (privileged),D,,,D,0
D_0_008,6.63057195459741e-34,Teacher (privileged),D,,,D,0
D_0_009,4.704768789830085e-37,Teacher (privileged),D,,,D,0
D_0_010,0.0,Teacher (privileged),D,,,D,0
D_0_011,4.548106289643801e-27,Teacher (privileged),D,,,D,0
D_0_012,2.3416009968719025e-28,Teacher (privileged),D,,,D,0
D_0_013,1.449877749964458e-22,Teacher (privileged),D,,,D,0
D_0_014,0.0,Teacher (privileged),D,,,D,0
D_0_015,2.2598298286911206e-13,Teacher (privileged),D,,,D,0
D_0_016,3.43277034402234e-12,Teacher (privileged),D,,,D,0
D_0_017,2.6866892252527848e-34,Teacher (privileged),D,,,D,0
D_0_018,7.006301409789855e-26,Teacher (privileged),D,,,D,0
D_0_019,5.970036791450908e-33,Teacher (privileged),D,,,D,0
D_0_020,1.514644495709174e-14,Teacher (privileged),D,,,D,0
D_0_021,1.8574687200611083e-27,Teacher (privileged),D,,,D,0
D_0_022,0.0,Teacher (privileged),D,,,D,0
D_0_023,3.3189612361383456e-26,Teacher (privileged),D,,,D,0
D_0_024,6.191063584348098e-26,Teacher (privileged),D,,,D,0
D_0_025,1.030292699478773e-29,Teacher (privileged),D,,,D,0
D_0_026,5.349529029292728e-32,Teacher (privileged),D,,,D,0
D_0_027,1.8235326314871064e-32,Teacher (privileged),D,,,D,0
D_0_028,3.5869355166333437e-37,Teacher (privileged),D,,,D,0
D_0_029,0.0,Teacher (privileged),D,,,D,0
D_0_030,6.625631383354243e-22,Teacher (privileged),D,,,D,0
D_0_031,3.7421352332785065e-15,Teacher (privileged),D,,,D,0
D_0_032,1.972596629304499e-32,Teacher (privileged),D,,,D,0
D_0_033,1.1115670700382385e-36,Teacher (privileged),D,,,D,0
D_0_034,6.933611528515465e-18,Teacher (privileged),D,,,D,0
D_0_035,7.903420055335564e-29,Teacher (privileged),D,,,D,0
D_0_036,2.197649969258838e-36,Teacher (privileged),D,,,D,0
D_0_037,3.2849189633728824e-31,Teacher (privileged),D,,,D,0
D_0_038,5.430743469514821e-18,Teacher (privileged),D,,,D,0
D_0_039,0.0,Teacher (privileged),D,,,D,0
D_0_040,4.314721641574594e-29,Teacher (privileged),D,,,D,0
D_0_041,4.743372860031323e-28,Teacher (privileged),D,,,D,0
D_0_042,5.659319261898265e-29,Teacher (privileged),D,,,D,0
D_0_043,2.896095221259936e-35,Teacher (privileged),D,,,D,0
D_0_044,2.5629223548891047e-35,Teacher (privileged),D,,,D,0
D_0_045,0.0,Teacher (privileged),D,,,D,0
D_0_046,2.1800292701395146e-31,Teacher (privileged),D,,,D,0
D_0_047,2.3583764999685008e-33,Teacher (privileged),D,,,D,0
D_0_048,1.5222710869622347e-09,Teacher (privileged),D,,,D,0
D_0_049,1.1979345883846827e-23,Teacher (privileged),D,,,D,0
D_2_000,0.9115537405014038,V0 Direct (single-scale),D,0.8636175394058228,2.0,D,2
D_2_001,0.9288162589073181,V0 Direct (single-scale),D,0.15419933199882507,1.0,D,2
D_2_002,0.5041514039039612,V0 Direct (single-scale),D,0.07012838870286942,1.0,D,2
D_2_003,0.8528122901916504,V0 Direct (single-scale),D,0.8921135663986206,2.0,D,2
D_2_004,0.5650551915168762,V0 Direct (single-scale),D,0.12079545855522156,1.0,D,2
D_2_005,0.01886816881597042,V0 Direct (single-scale),D,0.002594892168417573,0.0,D,2
D_2_006,0.7464000582695007,V0 Direct (single-scale),D,0.05376522243022919,1.0,D,2
D_2_007,0.07545337826013565,V0 Direct (single-scale),D,0.00025352882221341133,1.0,D,2
D_2_008,0.10526920109987259,V0 Direct (single-scale),D,0.09846774488687515,0.0,D,2
D_2_009,0.09495247155427933,V0 Direct (single-scale),D,0.36589333415031433,0.0,D,2
D_2_010,0.39189308881759644,V0 Direct (single-scale),D,0.7773502469062805,2.0,D,2
D_2_011,0.7731584310531616,V0 Direct (single-scale),D,0.08647862076759338,1.0,D,2
D_2_012,0.27551281452178955,V0 Direct (single-scale),D,0.32186198234558105,1.0,D,2
D_2_013,0.46606025099754333,V0 Direct (single-scale),D,5.611539017991163e-05,1.0,D,2
D_2_014,0.6716952323913574,V0 Direct (single-scale),D,0.00743208359926939,1.0,D,2
D_2_015,0.04203055426478386,V0 Direct (single-scale),D,0.009426592849195004,0.0,D,2
D_2_016,0.9026665091514587,V0 Direct (single-scale),D,0.9949053525924683,2.0,D,2
D_2_017,0.8278688788414001,V0 Direct (single-scale),D,0.8267729878425598,2.0,D,2
D_2_018,0.00018950572120957077,V0 Direct (single-scale),D,1.1461299891379895e-06,0.0,D,2
D_2_019,0.01367400772869587,V0 Direct (single-scale),D,0.00395057862624526,0.0,D,2
D_2_020,0.025286776944994926,V0 Direct (single-scale),D,0.0032016881741583347,0.0,D,2
D_2_021,0.9749264121055603,V0 Direct (single-scale),D,0.9905685782432556,2.0,D,2
D_2_022,0.13723869621753693,V0 Direct (single-scale),D,0.012615066953003407,0.0,D,2
D_2_023,0.2973572611808777,V0 Direct (single-scale),D,0.2614445984363556,0.0,D,2
D_2_024,0.19841530919075012,V0 Direct (single-scale),D,0.0027871751226484776,1.0,D,2
D_2_025,0.24401727318763733,V0 Direct (single-scale),D,0.017563238739967346,1.0,D,2
D_2_026,0.046049170196056366,V0 Direct (single-scale),D,0.017110319808125496,0.0,D,2
D_2_027,0.8894293904304504,V0 Direct (single-scale),D,0.9531250596046448,2.0,D,2
D_2_028,0.31137406826019287,V0 Direct (single-scale),D,0.012224558740854263,1.0,D,2
D_2_029,0.9717255234718323,V0 Direct (single-scale),D,0.9945645332336426,2.0,D,2
D_2_030,0.9949355721473694,V0 Direct (single-scale),D,0.9996381998062134,2.0,D,2
D_2_031,0.9046356678009033,V0 Direct (single-scale),D,0.8178620338439941,2.0,D,2
D_2_032,0.5361825823783875,V0 Direct (single-scale),D,0.0006006326293572783,1.0,D,2
D_2_033,0.003246062435209751,V0 Direct (single-scale),D,6.123304774519056e-05,0.0,D,2
D_2_034,0.021680571138858795,V0 Direct (single-scale),D,0.016754016280174255,0.0,D,2
D_2_035,0.04076118394732475,V0 Direct (single-scale),D,0.029130244627594948,0.0,D,2
D_2_036,0.42435023188591003,V0 Direct (single-scale),D,0.6243883967399597,2.0,D,2
D_2_037,0.9801633954048157,V0 Direct (single-scale),D,0.9989297986030579,2.0,D,2
D_2_038,0.3444795608520508,V0 Direct (single-scale),D,0.0006463364115916193,1.0,D,2
D_2_039,0.5957752466201782,V0 Direct (single-scale),D,0.762713611125946,2.0,D,2
D_2_040,0.9025914072990417,V0 Direct (single-scale),D,0.8640298843383789,2.0,D,2
D_2_041,0.9970036149024963,V0 Direct (single-scale),D,0.9995023012161255,2.0,D,2
D_2_042,0.04417929798364639,V0 Direct (single-scale),D,0.0027815832290798426,1.0,D,2
D_2_043,0.02861776016652584,V0 Direct (single-scale),D,0.008195308037102222,0.0,D,2
D_2_044,0.07159475237131119,V0 Direct (single-scale),D,0.0012418997939676046,1.0,D,2
D_2_045,0.05372539162635803,V0 Direct (single-scale),D,0.027484824880957603,1.0,D,2
D_2_046,0.17740948498249054,V0 Direct (single-scale),D,0.09732159972190857,0.0,D,2
D_2_047,0.23409585654735565,V0 Direct (single-scale),D,0.2329334020614624,0.0,D,2
D_2_048,0.019248727709054947,V0 Direct (single-scale),D,0.0042380220256745815,0.0,D,2
D_2_049,0.08004811406135559,V0 Direct (single-scale),D,0.16694994270801544,0.0,D,2
D_2_050,0.11278953403234482,V0 Direct (single-scale),D,0.00034554643207229674,1.0,D,2
D_2_051,0.6288968324661255,V0 Direct (single-scale),D,0.709473729133606,2.0,D,2
D_2_052,0.46817857027053833,V0 Direct (single-scale),D,0.0005741255590692163,1.0,D,2
D_2_053,0.2545768916606903,V0 Direct (single-scale),D,0.1265963613986969,0.0,D,2
D_2_054,0.5337625741958618,V0 Direct (single-scale),D,0.6923894882202148,2.0,D,2
D_2_055,0.26254671812057495,V0 Direct (single-scale),D,0.011874469928443432,1.0,D,2
D_2_056,0.7968540191650391,V0 Direct (single-scale),D,0.9309530854225159,2.0,D,2
D_2_057,0.36382535099983215,V0 Direct (single-scale),D,0.508275032043457,2.0,D,2
D_2_058,0.21511541306972504,V0 Direct (single-scale),D,0.015499604865908623,1.0,D,2
D_2_059,0.9452588558197021,V0 Direct (single-scale),D,0.8729894757270813,2.0,D,2
D_2_060,0.1820395439863205,V0 Direct (single-scale),D,0.13954465091228485,0.0,D,2
D_2_061,0.703457772731781,V0 Direct (single-scale),D,0.8688204884529114,2.0,D,2
D_1_000,0.2643682360649109,V0 Direct (single-scale),D,0.006805981043726206,1.0,D,1
D_1_001,0.01672663912177086,V0 Direct (single-scale),D,0.0016370329540222883,1.0,D,1
D_1_002,0.06867852061986923,V0 Direct (single-scale),D,0.0008657058933749795,1.0,D,1
D_1_003,0.6503003835678101,V0 Direct (single-scale),D,0.003341296687722206,1.0,D,1
D_1_004,0.3434814512729645,V0 Direct (single-scale),D,2.23464368787063e-07,1.0,D,1
D_1_005,0.4178619086742401,V0 Direct (single-scale),D,0.06925395131111145,1.0,D,1
D_1_006,0.1650763750076294,V0 Direct (single-scale),D,5.011530447518453e-05,1.0,D,1
D_1_007,0.9700374007225037,V0 Direct (single-scale),D,0.9444556832313538,2.0,D,1
D_1_008,0.38158151507377625,V0 Direct (single-scale),D,0.0027580284513533115,1.0,D,1
D_1_009,0.279405802488327,V0 Direct (single-scale),D,0.00012559052265714854,1.0,D,1
D_1_010,0.38280969858169556,V0 Direct (single-scale),D,0.0001757835561875254,1.0,D,1
D_1_011,0.13790707290172577,V0 Direct (single-scale),D,0.11198117583990097,0.0,D,1
D_1_012,0.17867818474769592,V0 Direct (single-scale),D,3.595923044485971e-05,1.0,D,1
D_1_013,0.6603248119354248,V0 Direct (single-scale),D,0.001589920837432146,1.0,D,1
D_1_014,0.5370248556137085,V0 Direct (single-scale),D,0.00023426748521160334,1.0,D,1
D_1_015,0.12768469750881195,V0 Direct (single-scale),D,9.828318434301764e-05,1.0,D,1
D_1_016,0.21969783306121826,V0 Direct (single-scale),D,2.5797311536734924e-05,1.0,D,1
D_1_017,0.5051520466804504,V0 Direct (single-scale),D,2.5714516596053727e-05,1.0,D,1
D_1_018,0.1152956485748291,V0 Direct (single-scale),D,2.2416604679165175e-06,1.0,D,1
D_1_019,0.49602335691452026,V0 Direct (single-scale),D,3.893043685820885e-05,1.0,D,1
D_1_020,0.4229760468006134,V0 Direct (single-scale),D,0.009048553183674812,1.0,D,1
D_1_021,0.3522047996520996,V0 Direct (single-scale),D,9.064384357770905e-05,1.0,D,1
D_1_022,0.4290856719017029,V0 Direct (single-scale),D,0.0010916015598922968,1.0,D,1
D_1_023,0.5165228843688965,V0 Direct (single-scale),D,7.041559729259461e-05,1.0,D,1
D_1_024,0.5298833250999451,V0 Direct (single-scale),D,3.3940763387363404e-05,1.0,D,1
D_1_025,0.29971203207969666,V0 Direct (single-scale),D,5.27790916748927e-06,1.0,D,1
D_1_026,0.6114548444747925,V0 Direct (single-scale),D,0.00018188287504017353,1.0,D,1
D_1_027,0.13557378947734833,V0 Direct (single-scale),D,0.001692626508884132,1.0,D,1
D_1_028,0.1103862076997757,V0 Direct (single-scale),D,0.0021354560740292072,1.0,D,1
D_1_029,0.013794093392789364,V0 Direct (single-scale),D,0.00013955692702438682,1.0,D,1
D_1_030,0.1387084424495697,V0 Direct (single-scale),D,8.905719732865691e-05,1.0,D,1
D_1_031,0.7390620708465576,V0 Direct (single-scale),D,0.9465910792350769,2.0,D,1
D_1_032,0.13368479907512665,V0 Direct (single-scale),D,0.007482809480279684,1.0,D,1
D_1_033,0.03284293785691261,V0 Direct (single-scale),D,4.985052783013089e-06,1.0,D,1
D_1_034,0.22819706797599792,V0 Direct (single-scale),D,0.00023747712839394808,1.0,D,1
D_1_035,0.7448568940162659,V0 Direct (single-scale),D,0.7199890613555908,2.0,D,1
D_1_036,0.6421292424201965,V0 Direct (single-scale),D,0.00330299767665565,1.0,D,1
D_1_037,0.3936777114868164,V0 Direct (single-scale),D,7.797473955406531e-08,1.0,D,1
D_1_038,0.4804074764251709,V0 Direct (single-scale),D,0.0001648515317356214,1.0,D,1
D_1_039,0.4059801995754242,V0 Direct (single-scale),D,0.0013448367826640606,1.0,D,1
D_1_040,0.8924127221107483,V0 Direct (single-scale),D,0.5552477240562439,2.0,D,1
D_1_041,0.5294961333274841,V0 Direct (single-scale),D,0.0006094500422477722,1.0,D,1
D_1_042,0.057698145508766174,V0 Direct (single-scale),D,0.003940038848668337,1.0,D,1
D_1_043,0.6461676359176636,V0 Direct (single-scale),D,0.0001458373008063063,1.0,D,1
D_1_044,0.3397873640060425,V0 Direct (single-scale),D,0.013432731851935387,1.0,D,1
D_1_045,0.06942708790302277,V0 Direct (single-scale),D,1.8146289221476763e-05,1.0,D,1
D_1_046,0.1712285876274109,V0 Direct (single-scale),D,0.11187068372964859,0.0,D,1
D_1_047,0.06352642923593521,V0 Direct (single-scale),D,1.4282676374932635e-08,1.0,D,1
D_1_048,0.6888614892959595,V0 Direct (single-scale),D,0.6018559336662292,2.0,D,1
D_1_049,0.3300560712814331,V0 Direct (single-scale),D,7.208833352478905e-08,1.0,D,1
D_1_050,0.35309910774230957,V0 Direct (single-scale),D,0.0007494412129744887,1.0,D,1
D_1_051,0.8290517330169678,V0 Direct (single-scale),D,0.21573184430599213,1.0,D,1
D_1_052,0.4980345368385315,V0 Direct (single-scale),D,5.591902663582005e-06,1.0,D,1
D_1_053,0.20150083303451538,V0 Direct (single-scale),D,3.6129677027929574e-06,1.0,D,1
D_1_054,0.03218194097280502,V0 Direct (single-scale),D,0.0034934980794787407,1.0,D,1
D_1_055,0.5034370422363281,V0 Direct (single-scale),D,0.00571894645690918,1.0,D,1
D_1_056,0.9474037289619446,V0 Direct (single-scale),D,0.9492518901824951,2.0,D,1
D_1_057,0.4593154191970825,V0 Direct (single-scale),D,4.105280095245689e-05,1.0,D,1
D_1_058,0.8327829837799072,V0 Direct (single-scale),D,0.0005477048689499497,1.0,D,1
D_1_059,0.362907737493515,V0 Direct (single-scale),D,4.400654142955318e-05,1.0,D,1
D_1_060,0.13186225295066833,V0 Direct (single-scale),D,0.006301278248429298,1.0,D,1
D_1_061,0.2469329833984375,V0 Direct (single-scale),D,3.549987752649031e-07,1.0,D,1
D_1_062,0.21394546329975128,V0 Direct (single-scale),D,0.00029672609525732696,1.0,D,1
D_1_063,0.4935062825679779,V0 Direct (single-scale),D,0.6182646751403809,2.0,D,1
D_1_064,0.007695130072534084,V0 Direct (single-scale),D,2.9049886506982148e-05,1.0,D,1
D_1_065,0.456000953912735,V0 Direct (single-scale),D,1.932822215167107e-06,1.0,D,1
D_1_066,0.5788226127624512,V0 Direct (single-scale),D,0.0059433323331177235,1.0,D,1
D_1_067,0.2751680016517639,V0 Direct (single-scale),D,7.460911729140207e-05,1.0,D,1
D_1_068,0.24348726868629456,V0 Direct (single-scale),D,0.0010859065223485231,1.0,D,1
D_1_069,0.38898974657058716,V0 Direct (single-scale),D,0.0001377938751829788,1.0,D,1
D_1_070,0.1083676815032959,V0 Direct (single-scale),D,0.0008916903752833605,1.0,D,1
D_1_071,0.35923200845718384,V0 Direct (single-scale),D,0.0011076693190261722,1.0,D,1
D_1_072,0.7812204957008362,V0 Direct (single-scale),D,0.004352796357125044,1.0,D,1
D_1_073,0.8051450848579407,V0 Direct (single-scale),D,0.013621700927615166,1.0,D,1
D_1_074,0.44474175572395325,V0 Direct (single-scale),D,6.460974691435695e-05,1.0,D,1
D_1_075,0.12298253178596497,V0 Direct (single-scale),D,0.0020637474954128265,1.0,D,1
D_1_076,0.5111660957336426,V0 Direct (single-scale),D,0.005497987847775221,1.0,D,1
D_1_077,0.24843448400497437,V0 Direct (single-scale),D,0.0002065276785288006,1.0,D,1
D_1_078,0.4497331380844116,V0 Direct (single-scale),D,0.00353920622728765,1.0,D,1
D_1_079,0.7548856735229492,V0 Direct (single-scale),D,0.01535617932677269,1.0,D,1
D_1_080,0.19155099987983704,V0 Direct (single-scale),D,1.8563092680778936e-06,1.0,D,1
D_1_081,0.3652785122394562,V0 Direct (single-scale),D,0.4584117531776428,2.0,D,1
D_1_082,0.44931843876838684,V0 Direct (single-scale),D,0.0011825932888314128,1.0,D,1
D_1_083,0.3690282702445984,V0 Direct (single-scale),D,0.0008656682330183685,1.0,D,1
D_1_084,0.004784456919878721,V0 Direct (single-scale),D,3.0040137062314898e-06,1.0,D,1
D_1_085,0.3411574363708496,V0 Direct (single-scale),D,2.197720903041045e-07,1.0,D,1
D_1_086,0.3153507113456726,V0 Direct (single-scale),D,0.0029417306650429964,1.0,D,1
D_1_087,0.09560484439134598,V0 Direct (single-scale),D,0.0012068686774000525,1.0,D,1
D_1_088,0.04143168032169342,V0 Direct (single-scale),D,0.00030441366834565997,1.0,D,1
D_1_089,0.42250242829322815,V0 Direct (single-scale),D,3.046664824069012e-05,1.0,D,1
D_1_090,0.580427885055542,V0 Direct (single-scale),D,1.1986104254901875e-05,1.0,D,1
D_1_091,0.36140745878219604,V0 Direct (single-scale),D,0.21859325468540192,1.0,D,1
D_1_092,0.4087294042110443,V0 Direct (single-scale),D,0.0014038810040801764,1.0,D,1
D_0_000,0.013525517657399178,V0 Direct (single-scale),D,0.002150322310626507,0.0,D,0
D_0_001,0.35784712433815,V0 Direct (single-scale),D,0.00017421063967049122,1.0,D,0
D_0_002,0.027451545000076294,V0 Direct (single-scale),D,0.004767109639942646,0.0,D,0
D_0_003,0.13266147673130035,V0 Direct (single-scale),D,0.05802158638834953,0.0,D,0
D_0_004,0.003657230641692877,V0 Direct (single-scale),D,0.00020380175556056201,0.0,D,0
D_0_005,0.6999973058700562,V0 Direct (single-scale),D,0.8597022891044617,2.0,D,0
D_0_006,0.10531073063611984,V0 Direct (single-scale),D,0.03922738507390022,0.0,D,0
D_0_007,0.6184050440788269,V0 Direct (single-scale),D,0.7866110801696777,2.0,D,0
D_0_008,0.00036164021003060043,V0 Direct (single-scale),D,4.411072495713597e-06,0.0,D,0
D_0_009,0.0015076538547873497,V0 Direct (single-scale),D,4.5095282985130325e-05,0.0,D,0
D_0_010,0.17766527831554413,V0 Direct (single-scale),D,0.006940382998436689,1.0,D,0
D_0_011,0.08430582284927368,V0 Direct (single-scale),D,0.03464583307504654,0.0,D,0
D_0_012,0.03985851630568504,V0 Direct (single-scale),D,0.018090352416038513,0.0,D,0
D_0_013,0.13448834419250488,V0 Direct (single-scale),D,0.00010815040877787396,1.0,D,0
D_0_014,0.00013272350770421326,V0 Direct (single-scale),D,4.89122749058879e-06,0.0,D,0
D_0_015,0.005292580928653479,V0 Direct (single-scale),D,0.00029627798357978463,0.0,D,0
D_0_016,0.3179435133934021,V0 Direct (single-scale),D,0.5109517574310303,2.0,D,0
D_0_017,0.0038683966267853975,V0 Direct (single-scale),D,0.0011701385956257582,0.0,D,0
D_0_018,0.16629281640052795,V0 Direct (single-scale),D,0.04852013662457466,1.0,D,0
D_0_019,0.0013380380114540458,V0 Direct (single-scale),D,0.0003793941286858171,0.0,D,0
D_0_020,0.6316601037979126,V0 Direct (single-scale),D,0.016547463834285736,1.0,D,0
D_0_021,0.01821391098201275,V0 Direct (single-scale),D,0.002795638283714652,0.0,D,0
D_0_022,0.07590460777282715,V0 Direct (single-scale),D,0.11563552916049957,0.0,D,0
D_0_023,0.6002708673477173,V0 Direct (single-scale),D,0.5686523914337158,2.0,D,0
D_0_024,0.000811364792753011,V0 Direct (single-scale),D,4.3139662011526525e-05,0.0,D,0
D_0_025,0.0024420551490038633,V0 Direct (single-scale),D,0.00017392322479281574,0.0,D,0
D_0_026,0.2131221741437912,V0 Direct (single-scale),D,0.14547640085220337,0.0,D,0
D_0_027,0.943450927734375,V0 Direct (single-scale),D,0.984893262386322,2.0,D,0
D_0_028,0.10800781846046448,V0 Direct (single-scale),D,0.0023695051204413176,1.0,D,0
D_0_029,0.6363511681556702,V0 Direct (single-scale),D,0.8408902883529663,2.0,D,0
D_0_030,0.030420107766985893,V0 Direct (single-scale),D,0.009255299344658852,0.0,D,0
D_0_031,0.31373080611228943,V0 Direct (single-scale),D,0.003689100267365575,1.0,D,0
D_0_032,0.010871293023228645,V0 Direct (single-scale),D,0.0017436497146263719,0.0,D,0
D_0_033,0.3216410279273987,V0 Direct (single-scale),D,0.5467387437820435,2.0,D,0
D_0_034,0.6344873309135437,V0 Direct (single-scale),D,0.0427154004573822,1.0,D,0
D_0_035,0.028182735666632652,V0 Direct (single-scale),D,0.0001119852313422598,1.0,D,0
D_0_036,0.2721189558506012,V0 Direct (single-scale),D,4.885105954599567e-05,1.0,D,0
D_0_037,0.0024201355408877134,V0 Direct (single-scale),D,0.0001909637067001313,0.0,D,0
D_0_038,0.43942227959632874,V0 Direct (single-scale),D,9.57413503783755e-05,1.0,D,0
D_0_039,0.002290920587256551,V0 Direct (single-scale),D,0.00011768097465392202,0.0,D,0
D_0_040,0.5233767628669739,V0 Direct (single-scale),D,0.7253077626228333,2.0,D,0
D_0_041,0.49376359581947327,V0 Direct (single-scale),D,0.003392451675608754,1.0,D,0
D_0_042,0.5329190492630005,V0 Direct (single-scale),D,0.6681747436523438,2.0,D,0
D_0_043,0.015972036868333817,V0 Direct (single-scale),D,0.0031686858274042606,0.0,D,0
D_0_044,0.7880988717079163,V0 Direct (single-scale),D,0.30235856771469116,1.0,D,0
D_0_045,0.14902010560035706,V0 Direct (single-scale),D,0.06313612312078476,0.0,D,0
D_0_046,0.33076685667037964,V0 Direct (single-scale),D,5.6954999308800325e-05,1.0,D,0
D_0_047,0.19493569433689117,V0 Direct (single-scale),D,0.11176009476184845,0.0,D,0
D_0_048,0.15527942776679993,V0 Direct (single-scale),D,0.0006944478373043239,1.0,D,0
D_0_049,0.9677388668060303,V0 Direct (single-scale),D,0.9976917505264282,2.0,D,0
D_2_000,0.992720365524292,V1 Student CE-only,D,0.992720365524292,2.0,D,2
D_2_001,1.0,V1 Student CE-only,D,1.0,2.0,D,2
D_2_002,0.9995169639587402,V1 Student CE-only,D,0.9995169639587402,2.0,D,2
D_2_003,0.9999998807907104,V1 Student CE-only,D,0.9999998807907104,2.0,D,2
D_2_004,0.9999940395355225,V1 Student CE-only,D,0.9999940395355225,2.0,D,2
D_2_005,0.9999972581863403,V1 Student CE-only,D,0.9999972581863403,2.0,D,2
D_2_006,1.0,V1 Student CE-only,D,1.0,2.0,D,2
D_2_007,0.9999998807907104,V1 Student CE-only,D,0.9999998807907104,2.0,D,2
D_2_008,0.9999996423721313,V1 Student CE-only,D,0.9999996423721313,2.0,D,2
D_2_009,0.9999953508377075,V1 Student CE-only,D,0.9999953508377075,2.0,D,2
D_2_010,0.9999960660934448,V1 Student CE-only,D,0.9999960660934448,2.0,D,2
D_2_011,0.999998927116394,V1 Student CE-only,D,0.999998927116394,2.0,D,2
D_2_012,0.9999995231628418,V1 Student CE-only,D,0.9999995231628418,2.0,D,2
D_2_013,0.9999922513961792,V1 Student CE-only,D,0.9999922513961792,2.0,D,2
D_2_014,0.9999998807907104,V1 Student CE-only,D,0.9999998807907104,2.0,D,2
D_2_015,1.0,V1 Student CE-only,D,1.0,2.0,D,2
D_2_016,0.9999942779541016,V1 Student CE-only,D,0.9999942779541016,2.0,D,2
D_2_017,0.9999998807907104,V1 Student CE-only,D,0.9999998807907104,2.0,D,2
D_2_018,0.997978150844574,V1 Student CE-only,D,0.997978150844574,2.0,D,2
D_2_019,0.9999997615814209,V1 Student CE-only,D,0.9999997615814209,2.0,D,2
D_2_020,0.999631404876709,V1 Student CE-only,D,0.999631404876709,2.0,D,2
D_2_021,0.9999998807907104,V1 Student CE-only,D,0.9999998807907104,2.0,D,2
D_2_022,0.9999827146530151,V1 Student CE-only,D,0.9999827146530151,2.0,D,2
D_2_023,0.9999996423721313,V1 Student CE-only,D,0.9999996423721313,2.0,D,2
D_2_024,0.9999994039535522,V1 Student CE-only,D,0.9999994039535522,2.0,D,2
D_2_025,1.0,V1 Student CE-only,D,1.0,2.0,D,2
D_2_026,0.9999998807907104,V1 Student CE-only,D,0.9999998807907104,2.0,D,2
D_2_027,0.9999994039535522,V1 Student CE-only,D,0.9999994039535522,2.0,D,2
D_2_028,0.9998370409011841,V1 Student CE-only,D,0.9998370409011841,2.0,D,2
D_2_029,0.9986280202865601,V1 Student CE-only,D,0.9986280202865601,2.0,D,2
D_2_030,0.9999998807907104,V1 Student CE-only,D,0.9999998807907104,2.0,D,2
D_2_031,0.9999998807907104,V1 Student CE-only,D,0.9999998807907104,2.0,D,2
D_2_032,0.9999997615814209,V1 Student CE-only,D,0.9999997615814209,2.0,D,2
D_2_033,0.9999914169311523,V1 Student CE-only,D,0.9999914169311523,2.0,D,2
D_2_034,0.9999998807907104,V1 Student CE-only,D,0.9999998807907104,2.0,D,2
D_2_035,0.9999978542327881,V1 Student CE-only,D,0.9999978542327881,2.0,D,2
D_2_036,0.9999991655349731,V1 Student CE-only,D,0.9999991655349731,2.0,D,2
D_2_037,0.9999990463256836,V1 Student CE-only,D,0.9999990463256836,2.0,D,2
D_2_038,0.9998751878738403,V1 Student CE-only,D,0.9998751878738403,2.0,D,2
D_2_039,1.0,V1 Student CE-only,D,1.0,2.0,D,2
D_2_040,0.9999996423721313,V1 Student CE-only,D,0.9999996423721313,2.0,D,2
D_2_041,0.9999997615814209,V1 Student CE-only,D,0.9999997615814209,2.0,D,2
D_2_042,0.9999997615814209,V1 Student CE-only,D,0.9999997615814209,2.0,D,2
D_2_043,0.9999998807907104,V1 Student CE-only,D,0.9999998807907104,2.0,D,2
D_2_044,0.9999982118606567,V1 Student CE-only,D,0.9999982118606567,2.0,D,2
D_2_045,0.9999799728393555,V1 Student CE-only,D,0.9999799728393555,2.0,D,2
D_2_046,0.9999996423721313,V1 Student CE-only,D,0.9999996423721313,2.0,D,2
D_2_047,0.9999430179595947,V1 Student CE-only,D,0.9999430179595947,2.0,D,2
D_2_048,0.9999998807907104,V1 Student CE-only,D,0.9999998807907104,2.0,D,2
D_2_049,0.9999997615814209,V1 Student CE-only,D,0.9999997615814209,2.0,D,2
D_2_050,0.9999697208404541,V1 Student CE-only,D,0.9999697208404541,2.0,D,2
D_2_051,0.9999991655349731,V1 Student CE-only,D,0.9999991655349731,2.0,D,2
D_2_052,0.9884089231491089,V1 Student CE-only,D,0.9884089231491089,2.0,D,2
D_2_053,0.9999995231628418,V1 Student CE-only,D,0.9999995231628418,2.0,D,2
D_2_054,1.0,V1 Student CE-only,D,1.0,2.0,D,2
D_2_055,1.0,V1 Student CE-only,D,1.0,2.0,D,2
D_2_056,0.9999964237213135,V1 Student CE-only,D,0.9999964237213135,2.0,D,2
D_2_057,0.9999802112579346,V1 Student CE-only,D,0.9999802112579346,2.0,D,2
D_2_058,0.9999953508377075,V1 Student CE-only,D,0.9999953508377075,2.0,D,2
D_2_059,0.9999995231628418,V1 Student CE-only,D,0.9999995231628418,2.0,D,2
D_2_060,0.9998713731765747,V1 Student CE-only,D,0.9998713731765747,2.0,D,2
D_2_061,1.0,V1 Student CE-only,D,1.0,2.0,D,2
D_1_000,3.244878143959795e-08,V1 Student CE-only,D,3.244878143959795e-08,1.0,D,1
D_1_001,6.17243423040037e-10,V1 Student CE-only,D,6.17243423040037e-10,1.0,D,1
D_1_002,2.563500800523144e-11,V1 Student CE-only,D,2.563500800523144e-11,1.0,D,1
D_1_003,1.0539474182280628e-08,V1 Student CE-only,D,1.0539474182280628e-08,1.0,D,1
D_1_004,8.747522151075771e-10,V1 Student CE-only,D,8.747522151075771e-10,1.0,D,1
D_1_005,0.0012583836214616895,V1 Student CE-only,D,0.0012583836214616895,1.0,D,1
D_1_006,2.1516013930522604e-06,V1 Student CE-only,D,2.1516013930522604e-06,1.0,D,1
D_1_007,1.0774948294711706e-10,V1 Student CE-only,D,1.0774948294711706e-10,1.0,D,1
D_1_008,7.261106702571851e-07,V1 Student CE-only,D,7.261106702571851e-07,1.0,D,1
D_1_009,1.7014187392305757e-07,V1 Student CE-only,D,1.7014187392305757e-07,1.0,D,1
D_1_010,5.923333787904994e-07,V1 Student CE-only,D,5.923333787904994e-07,1.0,D,1
D_1_011,7.057794704223852e-08,V1 Student CE-only,D,7.057794704223852e-08,1.0,D,1
D_1_012,3.462928077624383e-08,V1 Student CE-only,D,3.462928077624383e-08,1.0,D,1
D_1_013,1.5860995850047743e-09,V1 Student CE-only,D,1.5860995850047743e-09,1.0,D,1
D_1_014,2.399679544378303e-16,V1 Student CE-only,D,2.399679544378303e-16,1.0,D,1
D_1_015,5.668421287907677e-09,V1 Student CE-only,D,5.668421287907677e-09,1.0,D,1
D_1_016,5.328679164584571e-10,V1 Student CE-only,D,5.328679164584571e-10,1.0,D,1
D_1_017,7.240095190041984e-09,V1 Student CE-only,D,7.240095190041984e-09,1.0,D,1
D_1_018,2.8664633600766765e-12,V1 Student CE-only,D,2.8664633600766765e-12,1.0,D,1
D_1_019,3.730182551731076e-10,V1 Student CE-only,D,3.730182551731076e-10,1.0,D,1
D_1_020,1.0149597828856827e-10,V1 Student CE-only,D,1.0149597828856827e-10,1.0,D,1
D_1_021,1.7043412514627931e-10,V1 Student CE-only,D,1.7043412514627931e-10,1.0,D,1
D_1_022,9.079020912849955e-08,V1 Student CE-only,D,9.079020912849955e-08,1.0,D,1
D_1_023,1.0166361086305642e-08,V1 Student CE-only,D,1.0166361086305642e-08,1.0,D,1
D_1_024,1.3930908293255384e-13,V1 Student CE-only,D,1.3930908293255384e-13,1.0,D,1
D_1_025,4.293398969679174e-11,V1 Student CE-only,D,4.293398969679174e-11,1.0,D,1
D_1_026,5.39600170101906e-11,V1 Student CE-only,D,5.39600170101906e-11,1.0,D,1
D_1_027,5.955370738774945e-07,V1 Student CE-only,D,5.955370738774945e-07,1.0,D,1
D_1_028,9.070733497651418e-09,V1 Student CE-only,D,9.070733497651418e-09,1.0,D,1
D_1_029,3.147801130864991e-09,V1 Student CE-only,D,3.147801130864991e-09,1.0,D,1
D_1_030,2.8968618615010655e-09,V1 Student CE-only,D,2.8968618615010655e-09,1.0,D,1
D_1_031,0.0012421844294294715,V1 Student CE-only,D,0.0012421844294294715,1.0,D,1
D_1_032,2.60673660434918e-09,V1 Student CE-only,D,2.60673660434918e-09,1.0,D,1
D_1_033,6.071931579754164e-07,V1 Student CE-only,D,6.071931579754164e-07,1.0,D,1
D_1_034,9.091611730127624e-08,V1 Student CE-only,D,9.091611730127624e-08,1.0,D,1
D_1_035,5.631744670608896e-07,V1 Student CE-only,D,5.631744670608896e-07,1.0,D,1
D_1_036,1.9799506478790363e-09,V1 Student CE-only,D,1.9799506478790363e-09,1.0,D,1
D_1_037,1.6298400407066538e-09,V1 Student CE-only,D,1.6298400407066538e-09,1.0,D,1
D_1_038,7.710159767582159e-12,V1 Student CE-only,D,7.710159767582159e-12,1.0,D,1
D_1_039,4.045494161886154e-09,V1 Student CE-only,D,4.045494161886154e-09,1.0,D,1
D_1_040,3.133067139060586e-08,V1 Student CE-only,D,3.133067139060586e-08,1.0,D,1
D_1_041,1.322700349248862e-08,V1 Student CE-only,D,1.322700349248862e-08,1.0,D,1
D_1_042,5.47686285212734e-10,V1 Student CE-only,D,5.47686285212734e-10,1.0,D,1
D_1_043,2.5743749354489864e-09,V1 Student CE-only,D,2.5743749354489864e-09,1.0,D,1
D_1_044,2.2376271668900216e-10,V1 Student CE-only,D,2.2376271668900216e-10,1.0,D,1
D_1_045,2.7840080241148257e-10,V1 Student CE-only,D,2.7840080241148257e-10,1.0,D,1
D_1_046,1.8445467730998644e-06,V1 Student CE-only,D,1.8445467730998644e-06,1.0,D,1
D_1_047,5.034803685077804e-10,V1 Student CE-only,D,5.034803685077804e-10,1.0,D,1
D_1_048,0.007356655318289995,V1 Student CE-only,D,0.007356655318289995,1.0,D,1
D_1_049,9.62917315328049e-11,V1 Student CE-only,D,9.62917315328049e-11,1.0,D,1
D_1_050,1.0697882579790985e-09,V1 Student CE-only,D,1.0697882579790985e-09,1.0,D,1
D_1_051,1.333745025533517e-08,V1 Student CE-only,D,1.333745025533517e-08,1.0,D,1
D_1_052,2.989017744425837e-08,V1 Student CE-only,D,2.989017744425837e-08,1.0,D,1
D_1_053,1.167072688490478e-10,V1 Student CE-only,D,1.167072688490478e-10,1.0,D,1
D_1_054,7.093495213439382e-08,V1 Student CE-only,D,7.093495213439382e-08,1.0,D,1
D_1_055,2.524440787965432e-06,V1 Student CE-only,D,2.524440787965432e-06,1.0,D,1
D_1_056,6.519927865156205e-06,V1 Student CE-only,D,6.519927865156205e-06,1.0,D,1
D_1_057,2.7505027144769656e-09,V1 Student CE-only,D,2.7505027144769656e-09,1.0,D,1
D_1_058,4.3453479037225407e-08,V1 Student CE-only,D,4.3453479037225407e-08,1.0,D,1
D_1_059,8.789808703113522e-07,V1 Student CE-only,D,8.789808703113522e-07,1.0,D,1
D_1_060,1.0825101232070367e-11,V1 Student CE-only,D,1.0825101232070367e-11,1.0,D,1
D_1_061,5.398138824830312e-09,V1 Student CE-only,D,5.398138824830312e-09,1.0,D,1
D_1_062,1.200901245113073e-08,V1 Student CE-only,D,1.200901245113073e-08,1.0,D,1
D_1_063,9.303025194640213e-08,V1 Student CE-only,D,9.303025194640213e-08,1.0,D,1
D_1_064,3.9003884921839926e-07,V1 Student CE-only,D,3.9003884921839926e-07,1.0,D,1
D_1_065,9.500026633413317e-12,V1 Student CE-only,D,9.500026633413317e-12,1.0,D,1
D_1_066,6.404206054355654e-10,V1 Student CE-only,D,6.404206054355654e-10,1.0,D,1
D_1_067,3.90025789442916e-10,V1 Student CE-only,D,3.90025789442916e-10,1.0,D,1
D_1_068,1.5209530301873997e-09,V1 Student CE-only,D,1.5209530301873997e-09,1.0,D,1
D_1_069,6.222144110709649e-13,V1 Student CE-only,D,6.222144110709649e-13,1.0,D,1
D_1_070,8.493613279370038e-08,V1 Student CE-only,D,8.493613279370038e-08,1.0,D,1
D_1_071,4.376953466334044e-09,V1 Student CE-only,D,4.376953466334044e-09,1.0,D,1
D_1_072,3.978089125472595e-12,V1 Student CE-only,D,3.978089125472595e-12,1.0,D,1
D_1_073,6.160580142022809e-06,V1 Student CE-only,D,6.160580142022809e-06,1.0,D,1
D_1_074,5.996092511395545e-11,V1 Student CE-only,D,5.996092511395545e-11,1.0,D,1
D_1_075,1.9728352285142137e-09,V1 Student CE-only,D,1.9728352285142137e-09,1.0,D,1
D_1_076,1.2346524844164541e-11,V1 Student CE-only,D,1.2346524844164541e-11,1.0,D,1
D_1_077,6.676657924448159e-13,V1 Student CE-only,D,6.676657924448159e-13,1.0,D,1
D_1_078,5.369336975036276e-09,V1 Student CE-only,D,5.369336975036276e-09,1.0,D,1
D_1_079,2.3353248224111667e-09,V1 Student CE-only,D,2.3353248224111667e-09,1.0,D,1
D_1_080,3.121052429833071e-07,V1 Student CE-only,D,3.121052429833071e-07,1.0,D,1
D_1_081,2.8369446791742803e-09,V1 Student CE-only,D,2.8369446791742803e-09,1.0,D,1
D_1_082,1.043655259991283e-07,V1 Student CE-only,D,1.043655259991283e-07,1.0,D,1
D_1_083,2.9296101100584337e-09,V1 Student CE-only,D,2.9296101100584337e-09,1.0,D,1
D_1_084,1.2943872640391874e-08,V1 Student CE-only,D,1.2943872640391874e-08,1.0,D,1
D_1_085,7.278712138222843e-13,V1 Student CE-only,D,7.278712138222843e-13,1.0,D,1
D_1_086,2.937759018095676e-05,V1 Student CE-only,D,2.937759018095676e-05,1.0,D,1
D_1_087,2.6728317337187946e-08,V1 Student CE-only,D,2.6728317337187946e-08,1.0,D,1
D_1_088,3.6018874993715144e-08,V1 Student CE-only,D,3.6018874993715144e-08,1.0,D,1
D_1_089,2.914971736212024e-11,V1 Student CE-only,D,2.914971736212024e-11,1.0,D,1
D_1_090,6.886632323427344e-12,V1 Student CE-only,D,6.886632323427344e-12,1.0,D,1
D_1_091,1.65396463885914e-11,V1 Student CE-only,D,1.65396463885914e-11,1.0,D,1
D_1_092,2.2558350742940547e-09,V1 Student CE-only,D,2.2558350742940547e-09,1.0,D,1
D_0_000,0.013587634079158306,V1 Student CE-only,D,0.013587634079158306,0.0,D,0
D_0_001,0.007480056025087833,V1 Student CE-only,D,0.007480056025087833,0.0,D,0
D_0_002,0.035040486603975296,V1 Student CE-only,D,0.035040486603975296,0.0,D,0
D_0_003,0.00022278251708485186,V1 Student CE-only,D,0.00022278251708485186,0.0,D,0
D_0_004,0.0878487378358841,V1 Student CE-only,D,0.0878487378358841,0.0,D,0
D_0_005,0.13981659710407257,V1 Student CE-only,D,0.13981659710407257,0.0,D,0
D_0_006,0.11926890164613724,V1 Student CE-only,D,0.11926890164613724,0.0,D,0
D_0_007,0.5558506846427917,V1 Student CE-only,D,0.5558506846427917,2.0,D,0
D_0_008,0.0002889687893912196,V1 Student CE-only,D,0.0002889687893912196,0.0,D,0
D_0_009,0.2773200273513794,V1 Student CE-only,D,0.2773200273513794,0.0,D,0
D_0_010,0.5507980585098267,V1 Student CE-only,D,0.5507980585098267,2.0,D,0
D_0_011,0.6854824423789978,V1 Student CE-only,D,0.6854824423789978,2.0,D,0
D_0_012,0.09250178188085556,V1 Student CE-only,D,0.09250178188085556,0.0,D,0
D_0_013,0.0063918824307620525,V1 Student CE-only,D,0.0063918824307620525,0.0,D,0
D_0_014,0.03179866448044777,V1 Student CE-only,D,0.03179866448044777,0.0,D,0
D_0_015,0.9487197995185852,V1 Student CE-only,D,0.9487197995185852,2.0,D,0
D_0_016,0.03250930458307266,V1 Student CE-only,D,0.03250930458307266,0.0,D,0
D_0_017,0.0020870433654636145,V1 Student CE-only,D,0.0020870433654636145,0.0,D,0
D_0_018,0.0010703494772315025,V1 Student CE-only,D,0.0010703494772315025,0.0,D,0
D_0_019,0.015446929261088371,V1 Student CE-only,D,0.015446929261088371,0.0,D,0
D_0_020,0.08554822951555252,V1 Student CE-only,D,0.08554822951555252,0.0,D,0
D_0_021,0.20649175345897675,V1 Student CE-only,D,0.20649175345897675,0.0,D,0
D_0_022,0.26112958788871765,V1 Student CE-only,D,0.26112958788871765,0.0,D,0
D_0_023,0.12000937759876251,V1 Student CE-only,D,0.12000937759876251,0.0,D,0
D_0_024,0.012388499453663826,V1 Student CE-only,D,0.012388499453663826,0.0,D,0
D_0_025,0.02958657592535019,V1 Student CE-only,D,0.02958657592535019,0.0,D,0
D_0_026,0.04861565679311752,V1 Student CE-only,D,0.04861565679311752,0.0,D,0
D_0_027,0.02197575941681862,V1 Student CE-only,D,0.02197575941681862,0.0,D,0
D_0_028,0.008320285938680172,V1 Student CE-only,D,0.008320285938680172,0.0,D,0
D_0_029,0.24516791105270386,V1 Student CE-only,D,0.24516791105270386,0.0,D,0
D_0_030,0.0004806930082850158,V1 Student CE-only,D,0.0004806930082850158,1.0,D,0
D_0_031,0.016471970826387405,V1 Student CE-only,D,0.016471970826387405,0.0,D,0
D_0_032,0.6210289001464844,V1 Student CE-only,D,0.6210289001464844,2.0,D,0
D_0_033,0.023098720237612724,V1 Student CE-only,D,0.023098720237612724,0.0,D,0
D_0_034,0.0838611051440239,V1 Student CE-only,D,0.0838611051440239,0.0,D,0
D_0_035,0.019692229107022285,V1 Student CE-only,D,0.019692229107022285,0.0,D,0
D_0_036,0.1302809715270996,V1 Student CE-only,D,0.1302809715270996,0.0,D,0
D_0_037,0.03313206136226654,V1 Student CE-only,D,0.03313206136226654,0.0,D,0
D_0_038,0.11503759026527405,V1 Student CE-only,D,0.11503759026527405,1.0,D,0
D_0_039,0.0015470054931938648,V1 Student CE-only,D,0.0015470054931938648,0.0,D,0
D_0_040,0.011553483083844185,V1 Student CE-only,D,0.011553483083844185,0.0,D,0
D_0_041,0.9903841018676758,V1 Student CE-only,D,0.9903841018676758,2.0,D,0
D_0_042,0.7912591099739075,V1 Student CE-only,D,0.7912591099739075,2.0,D,0
D_0_043,3.686851778184064e-05,V1 Student CE-only,D,3.686851778184064e-05,0.0,D,0
D_0_044,1.067952598532429e-05,V1 Student CE-only,D,1.067952598532429e-05,1.0,D,0
D_0_045,0.030700698494911194,V1 Student CE-only,D,0.030700698494911194,0.0,D,0
D_0_046,0.02578355371952057,V1 Student CE-only,D,0.02578355371952057,1.0,D,0
D_0_047,0.666719913482666,V1 Student CE-only,D,0.666719913482666,2.0,D,0
D_0_048,0.0019017523154616356,V1 Student CE-only,D,0.0019017523154616356,1.0,D,0
D_0_049,0.06355345249176025,V1 Student CE-only,D,0.06355345249176025,0.0,D,0
D_2_000,0.9999197721481323,V2 +logit KD,D,0.9999197721481323,2.0,D,2
D_2_001,1.0,V2 +logit KD,D,1.0,2.0,D,2
D_2_002,0.9999988079071045,V2 +logit KD,D,0.9999988079071045,2.0,D,2
D_2_003,1.0,V2 +logit KD,D,1.0,2.0,D,2
D_2_004,1.0,V2 +logit KD,D,1.0,2.0,D,2
D_2_005,1.0,V2 +logit KD,D,1.0,2.0,D,2
D_2_006,1.0,V2 +logit KD,D,1.0,2.0,D,2
D_2_007,1.0,V2 +logit KD,D,1.0,2.0,D,2
D_2_008,1.0,V2 +logit KD,D,1.0,2.0,D,2
D_2_009,1.0,V2 +logit KD,D,1.0,2.0,D,2
D_2_010,1.0,V2 +logit KD,D,1.0,2.0,D,2
D_2_011,1.0,V2 +logit KD,D,1.0,2.0,D,2
D_2_012,1.0,V2 +logit KD,D,1.0,2.0,D,2
D_2_013,1.0,V2 +logit KD,D,1.0,2.0,D,2
D_2_014,1.0,V2 +logit KD,D,1.0,2.0,D,2
D_2_015,1.0,V2 +logit KD,D,1.0,2.0,D,2
D_2_016,1.0,V2 +logit KD,D,1.0,2.0,D,2
D_2_017,1.0,V2 +logit KD,D,1.0,2.0,D,2
D_2_018,0.9999996423721313,V2 +logit KD,D,0.9999996423721313,2.0,D,2
D_2_019,1.0,V2 +logit KD,D,1.0,2.0,D,2
D_2_020,1.0,V2 +logit KD,D,1.0,2.0,D,2
D_2_021,1.0,V2 +logit KD,D,1.0,2.0,D,2
D_2_022,1.0,V2 +logit KD,D,1.0,2.0,D,2
D_2_023,1.0,V2 +logit KD,D,1.0,2.0,D,2
D_2_024,1.0,V2 +logit KD,D,1.0,2.0,D,2
D_2_025,1.0,V2 +logit KD,D,1.0,2.0,D,2
D_2_026,1.0,V2 +logit KD,D,1.0,2.0,D,2
D_2_027,1.0,V2 +logit KD,D,1.0,2.0,D,2
D_2_028,0.9999966621398926,V2 +logit KD,D,0.9999966621398926,2.0,D,2
D_2_029,0.9999067783355713,V2 +logit KD,D,0.9999067783355713,2.0,D,2
D_2_030,1.0,V2 +logit KD,D,1.0,2.0,D,2
D_2_031,1.0,V2 +logit KD,D,1.0,2.0,D,2
D_2_032,1.0,V2 +logit KD,D,1.0,2.0,D,2
D_2_033,1.0,V2 +logit KD,D,1.0,2.0,D,2
D_2_034,1.0,V2 +logit KD,D,1.0,2.0,D,2
D_2_035,1.0,V2 +logit KD,D,1.0,2.0,D,2
D_2_036,1.0,V2 +logit KD,D,1.0,2.0,D,2
D_2_037,1.0,V2 +logit KD,D,1.0,2.0,D,2
D_2_038,0.9999923706054688,V2 +logit KD,D,0.9999923706054688,2.0,D,2
D_2_039,1.0,V2 +logit KD,D,1.0,2.0,D,2
D_2_040,1.0,V2 +logit KD,D,1.0,2.0,D,2
D_2_041,1.0,V2 +logit KD,D,1.0,2.0,D,2
D_2_042,1.0,V2 +logit KD,D,1.0,2.0,D,2
D_2_043,1.0,V2 +logit KD,D,1.0,2.0,D,2
D_2_044,1.0,V2 +logit KD,D,1.0,2.0,D,2
D_2_045,0.9999997615814209,V2 +logit KD,D,0.9999997615814209,2.0,D,2
D_2_046,1.0,V2 +logit KD,D,1.0,2.0,D,2
D_2_047,0.9999998807907104,V2 +logit KD,D,0.9999998807907104,2.0,D,2
D_2_048,1.0,V2 +logit KD,D,1.0,2.0,D,2
D_2_049,1.0,V2 +logit KD,D,1.0,2.0,D,2
D_2_050,1.0,V2 +logit KD,D,1.0,2.0,D,2
D_2_051,1.0,V2 +logit KD,D,1.0,2.0,D,2
D_2_052,0.9993584752082825,V2 +logit KD,D,0.9993584752082825,2.0,D,2
D_2_053,1.0,V2 +logit KD,D,1.0,2.0,D,2
D_2_054,1.0,V2 +logit KD,D,1.0,2.0,D,2
D_2_055,1.0,V2 +logit KD,D,1.0,2.0,D,2
D_2_056,1.0,V2 +logit KD,D,1.0,2.0,D,2
D_2_057,1.0,V2 +logit KD,D,1.0,2.0,D,2
D_2_058,1.0,V2 +logit KD,D,1.0,2.0,D,2
D_2_059,1.0,V2 +logit KD,D,1.0,2.0,D,2
D_2_060,0.9999998807907104,V2 +logit KD,D,0.9999998807907104,2.0,D,2
D_2_061,1.0,V2 +logit KD,D,1.0,2.0,D,2
D_1_000,1.2562673340835162e-12,V2 +logit KD,D,1.2562673340835162e-12,1.0,D,1
D_1_001,4.341494833548253e-17,V2 +logit KD,D,4.341494833548253e-17,1.0,D,1
D_1_002,1.0853302400458736e-19,V2 +logit KD,D,1.0853302400458736e-19,1.0,D,1
D_1_003,6.672877912866095e-17,V2 +logit KD,D,6.672877912866095e-17,1.0,D,1
D_1_004,3.491229926204586e-18,V2 +logit KD,D,3.491229926204586e-18,1.0,D,1
D_1_005,2.3325225084747103e-10,V2 +logit KD,D,2.3325225084747103e-10,1.0,D,1
D_1_006,1.0240042185504991e-13,V2 +logit KD,D,1.0240042185504991e-13,1.0,D,1
D_1_007,1.8156724305464062e-20,V2 +logit KD,D,1.8156724305464062e-20,1.0,D,1
D_1_008,1.5256798103525926e-14,V2 +logit KD,D,1.5256798103525926e-14,1.0,D,1
D_1_009,2.1654104561969617e-13,V2 +logit KD,D,2.1654104561969617e-13,1.0,D,1
D_1_010,1.5604578740280317e-10,V2 +logit KD,D,1.5604578740280317e-10,1.0,D,1
D_1_011,1.4946194509899563e-13,V2 +logit KD,D,1.4946194509899563e-13,1.0,D,1
D_1_012,1.4865508184223192e-13,V2 +logit KD,D,1.4865508184223192e-13,1.0,D,1
D_1_013,5.649560865675924e-17,V2 +logit KD,D,5.649560865675924e-17,1.0,D,1
D_1_014,2.290120400272226e-25,V2 +logit KD,D,2.290120400272226e-25,1.0,D,1
D_1_015,3.458637488057669e-16,V2 +logit KD,D,3.458637488057669e-16,1.0,D,1
D_1_016,3.4343526564131944e-17,V2 +logit KD,D,3.4343526564131944e-17,1.0,D,1
D_1_017,1.1766575127442058e-15,V2 +logit KD,D,1.1766575127442058e-15,1.0,D,1
D_1_018,4.030028468002326e-20,V2 +logit KD,D,4.030028468002326e-20,1.0,D,1
D_1_019,8.51146086306608e-17,V2 +logit KD,D,8.51146086306608e-17,1.0,D,1
D_1_020,1.347412697761103e-17,V2 +logit KD,D,1.347412697761103e-17,1.0,D,1
D_1_021,1.7914167807999665e-17,V2 +logit KD,D,1.7914167807999665e-17,1.0,D,1
D_1_022,2.7078401573419307e-14,V2 +logit KD,D,2.7078401573419307e-14,1.0,D,1
D_1_023,3.642902755939044e-17,V2 +logit KD,D,3.642902755939044e-17,1.0,D,1
D_1_024,5.306202197032028e-23,V2 +logit KD,D,5.306202197032028e-23,1.0,D,1
D_1_025,1.376022497005051e-18,V2 +logit KD,D,1.376022497005051e-18,1.0,D,1
D_1_026,1.41405466924756e-17,V2 +logit KD,D,1.41405466924756e-17,1.0,D,1
D_1_027,4.563632891724234e-12,V2 +logit KD,D,4.563632891724234e-12,1.0,D,1
D_1_028,6.216865655492244e-15,V2 +logit KD,D,6.216865655492244e-15,1.0,D,1
D_1_029,2.8565586870341097e-15,V2 +logit KD,D,2.8565586870341097e-15,1.0,D,1
D_1_030,6.35537163599432e-15,V2 +logit KD,D,6.35537163599432e-15,1.0,D,1
D_1_031,2.083710626266111e-08,V2 +logit KD,D,2.083710626266111e-08,1.0,D,1
D_1_032,1.6724240703573553e-16,V2 +logit KD,D,1.6724240703573553e-16,1.0,D,1
D_1_033,7.605311779651514e-13,V2 +logit KD,D,7.605311779651514e-13,1.0,D,1
D_1_034,8.739440310215167e-16,V2 +logit KD,D,8.739440310215167e-16,1.0,D,1
D_1_035,2.2712578345851497e-12,V2 +logit KD,D,2.2712578345851497e-12,1.0,D,1
D_1_036,1.5994042451805386e-15,V2 +logit KD,D,1.5994042451805386e-15,1.0,D,1
D_1_037,3.4974202150366875e-15,V2 +logit KD,D,3.4974202150366875e-15,1.0,D,1
D_1_038,2.761271056369789e-20,V2 +logit KD,D,2.761271056369789e-20,1.0,D,1
D_1_039,5.490113927846896e-16,V2 +logit KD,D,5.490113927846896e-16,1.0,D,1
D_1_040,1.758228301449935e-14,V2 +logit KD,D,1.758228301449935e-14,1.0,D,1
D_1_041,4.556485096625644e-16,V2 +logit KD,D,4.556485096625644e-16,1.0,D,1
D_1_042,1.8469503784043266e-17,V2 +logit KD,D,1.8469503784043266e-17,1.0,D,1
D_1_043,1.9543157087613004e-15,V2 +logit KD,D,1.9543157087613004e-15,1.0,D,1
D_1_044,1.2389442393392284e-16,V2 +logit KD,D,1.2389442393392284e-16,1.0,D,1
D_1_045,1.1977875536330197e-17,V2 +logit KD,D,1.1977875536330197e-17,1.0,D,1
D_1_046,2.3306912498057e-13,V2 +logit KD,D,2.3306912498057e-13,1.0,D,1
D_1_047,8.782113036004451e-17,V2 +logit KD,D,8.782113036004451e-17,1.0,D,1
D_1_048,9.318148386228131e-08,V2 +logit KD,D,9.318148386228131e-08,1.0,D,1
D_1_049,1.7828744866141314e-17,V2 +logit KD,D,1.7828744866141314e-17,1.0,D,1
D_1_050,1.6270542381392923e-14,V2 +logit KD,D,1.6270542381392923e-14,1.0,D,1
D_1_051,4.802980895759947e-15,V2 +logit KD,D,4.802980895759947e-15,1.0,D,1
D_1_052,2.367944766795151e-15,V2 +logit KD,D,2.367944766795151e-15,1.0,D,1
D_1_053,8.326119580032333e-20,V2 +logit KD,D,8.326119580032333e-20,1.0,D,1
D_1_054,8.629163396746235e-15,V2 +logit KD,D,8.629163396746235e-15,1.0,D,1
D_1_055,1.6075345265001428e-12,V2 +logit KD,D,1.6075345265001428e-12,1.0,D,1
D_1_056,2.82457043865314e-11,V2 +logit KD,D,2.82457043865314e-11,1.0,D,1
D_1_057,1.403467915459739e-17,V2 +logit KD,D,1.403467915459739e-17,1.0,D,1
D_1_058,6.65600099315029e-15,V2 +logit KD,D,6.65600099315029e-15,1.0,D,1
D_1_059,6.3358610790872644e-15,V2 +logit KD,D,6.3358610790872644e-15,1.0,D,1
D_1_060,5.284094893461979e-19,V2 +logit KD,D,5.284094893461979e-19,1.0,D,1
D_1_061,9.80508134384837e-17,V2 +logit KD,D,9.80508134384837e-17,1.0,D,1
D_1_062,6.923472398553043e-15,V2 +logit KD,D,6.923472398553043e-15,1.0,D,1
D_1_063,1.6731790107062106e-13,V2 +logit KD,D,1.6731790107062106e-13,1.0,D,1
D_1_064,4.4843610162020875e-13,V2 +logit KD,D,4.4843610162020875e-13,1.0,D,1
D_1_065,6.608477228608381e-19,V2 +logit KD,D,6.608477228608381e-19,1.0,D,1
D_1_066,6.659821750946225e-20,V2 +logit KD,D,6.659821750946225e-20,1.0,D,1
D_1_067,1.9650647686201943e-14,V2 +logit KD,D,1.9650647686201943e-14,1.0,D,1
D_1_068,2.8692137298430033e-16,V2 +logit KD,D,2.8692137298430033e-16,1.0,D,1
D_1_069,7.109997027869738e-23,V2 +logit KD,D,7.109997027869738e-23,1.0,D,1
D_1_070,4.699709588509848e-13,V2 +logit KD,D,4.699709588509848e-13,1.0,D,1
D_1_071,2.43946785828439e-16,V2 +logit KD,D,2.43946785828439e-16,1.0,D,1
D_1_072,6.400312816906536e-21,V2 +logit KD,D,6.400312816906536e-21,1.0,D,1
D_1_073,2.877479851615128e-11,V2 +logit KD,D,2.877479851615128e-11,1.0,D,1
D_1_074,8.879864525866476e-19,V2 +logit KD,D,8.879864525866476e-19,1.0,D,1
D_1_075,2.1519392103225114e-14,V2 +logit KD,D,2.1519392103225114e-14,1.0,D,1
D_1_076,6.982050398005957e-18,V2 +logit KD,D,6.982050398005957e-18,1.0,D,1
D_1_077,4.147879733306111e-20,V2 +logit KD,D,4.147879733306111e-20,1.0,D,1
D_1_078,1.599087031341792e-15,V2 +logit KD,D,1.599087031341792e-15,1.0,D,1
D_1_079,4.7516758322120684e-17,V2 +logit KD,D,4.7516758322120684e-17,1.0,D,1
D_1_080,2.461288280391355e-13,V2 +logit KD,D,2.461288280391355e-13,1.0,D,1
D_1_081,2.3166588276630345e-15,V2 +logit KD,D,2.3166588276630345e-15,1.0,D,1
D_1_082,1.952192197162534e-15,V2 +logit KD,D,1.952192197162534e-15,1.0,D,1
D_1_083,5.448535198048551e-15,V2 +logit KD,D,5.448535198048551e-15,1.0,D,1
D_1_084,1.0731578554700434e-16,V2 +logit KD,D,1.0731578554700434e-16,1.0,D,1
D_1_085,1.0371458505705695e-22,V2 +logit KD,D,1.0371458505705695e-22,1.0,D,1
D_1_086,3.0927427285831754e-09,V2 +logit KD,D,3.0927427285831754e-09,1.0,D,1
D_1_087,2.9802938952437283e-15,V2 +logit KD,D,2.9802938952437283e-15,1.0,D,1
D_1_088,1.0147866974923814e-16,V2 +logit KD,D,1.0147866974923814e-16,1.0,D,1
D_1_089,7.763942872021707e-18,V2 +logit KD,D,7.763942872021707e-18,1.0,D,1
D_1_090,1.2436246919428495e-20,V2 +logit KD,D,1.2436246919428495e-20,1.0,D,1
D_1_091,9.294938878172441e-21,V2 +logit KD,D,9.294938878172441e-21,1.0,D,1
D_1_092,2.8578993284313764e-15,V2 +logit KD,D,2.8578993284313764e-15,1.0,D,1
D_0_000,0.007519551087170839,V2 +logit KD,D,0.007519551087170839,0.0,D,0
D_0_001,5.5300488384091295e-06,V2 +logit KD,D,5.5300488384091295e-06,1.0,D,0
D_0_002,0.0006231133011169732,V2 +logit KD,D,0.0006231133011169732,1.0,D,0
D_0_003,1.53005976244458e-06,V2 +logit KD,D,1.53005976244458e-06,0.0,D,0
D_0_004,0.1736728549003601,V2 +logit KD,D,0.1736728549003601,0.0,D,0
D_0_005,0.16886866092681885,V2 +logit KD,D,0.16886866092681885,0.0,D,0
D_0_006,0.006675424985587597,V2 +logit KD,D,0.006675424985587597,0.0,D,0
D_0_007,0.7177983522415161,V2 +logit KD,D,0.7177983522415161,2.0,D,0
D_0_008,4.006236849818379e-06,V2 +logit KD,D,4.006236849818379e-06,0.0,D,0
D_0_009,0.005013835616409779,V2 +logit KD,D,0.005013835616409779,0.0,D,0
D_0_010,0.21278616786003113,V2 +logit KD,D,0.21278616786003113,0.0,D,0
D_0_011,0.6365441083908081,V2 +logit KD,D,0.6365441083908081,2.0,D,0
D_0_012,0.04050099477171898,V2 +logit KD,D,0.04050099477171898,0.0,D,0
D_0_013,0.0003268819709774107,V2 +logit KD,D,0.0003268819709774107,0.0,D,0
D_0_014,0.01781517267227173,V2 +logit KD,D,0.01781517267227173,0.0,D,0
D_0_015,0.9978277087211609,V2 +logit KD,D,0.9978277087211609,2.0,D,0
D_0_016,0.17940351366996765,V2 +logit KD,D,0.17940351366996765,0.0,D,0
D_0_017,0.00031881729955784976,V2 +logit KD,D,0.00031881729955784976,0.0,D,0
D_0_018,0.0001306440681219101,V2 +logit KD,D,0.0001306440681219101,0.0,D,0
D_0_019,0.019812988117337227,V2 +logit KD,D,0.019812988117337227,0.0,D,0
D_0_020,0.5413762927055359,V2 +logit KD,D,0.5413762927055359,2.0,D,0
D_0_021,0.0013311627553775907,V2 +logit KD,D,0.0013311627553775907,0.0,D,0
D_0_022,0.11833423376083374,V2 +logit KD,D,0.11833423376083374,0.0,D,0
D_0_023,0.12512624263763428,V2 +logit KD,D,0.12512624263763428,0.0,D,0
D_0_024,0.0027993139810860157,V2 +logit KD,D,0.0027993139810860157,0.0,D,0
D_0_025,0.0017988504841923714,V2 +logit KD,D,0.0017988504841923714,0.0,D,0
D_0_026,0.0128652174025774,V2 +logit KD,D,0.0128652174025774,0.0,D,0
D_0_027,0.060284100472927094,V2 +logit KD,D,0.060284100472927094,0.0,D,0
D_0_028,0.0002269087271997705,V2 +logit KD,D,0.0002269087271997705,0.0,D,0
D_0_029,0.020651251077651978,V2 +logit KD,D,0.020651251077651978,0.0,D,0
D_0_030,2.0575202142936178e-05,V2 +logit KD,D,2.0575202142936178e-05,1.0,D,0
D_0_031,0.008311573415994644,V2 +logit KD,D,0.008311573415994644,0.0,D,0
D_0_032,0.7739019393920898,V2 +logit KD,D,0.7739019393920898,2.0,D,0
D_0_033,0.004644821397960186,V2 +logit KD,D,0.004644821397960186,0.0,D,0
D_0_034,0.004561944864690304,V2 +logit KD,D,0.004561944864690304,0.0,D,0
D_0_035,0.008070185780525208,V2 +logit KD,D,0.008070185780525208,0.0,D,0
D_0_036,0.05917075276374817,V2 +logit KD,D,0.05917075276374817,0.0,D,0
D_0_037,0.0072081731632351875,V2 +logit KD,D,0.0072081731632351875,0.0,D,0
D_0_038,0.005140753462910652,V2 +logit KD,D,0.005140753462910652,1.0,D,0
D_0_039,0.0004187345621176064,V2 +logit KD,D,0.0004187345621176064,0.0,D,0
D_0_040,0.0018479881109669805,V2 +logit KD,D,0.0018479881109669805,0.0,D,0
D_0_041,0.9953824877738953,V2 +logit KD,D,0.9953824877738953,2.0,D,0
D_0_042,0.9402456283569336,V2 +logit KD,D,0.9402456283569336,2.0,D,0
D_0_043,5.157215241524682e-07,V2 +logit KD,D,5.157215241524682e-07,0.0,D,0
D_0_044,2.3695455320105197e-13,V2 +logit KD,D,2.3695455320105197e-13,1.0,D,0
D_0_045,0.00028306423337198794,V2 +logit KD,D,0.00028306423337198794,0.0,D,0
D_0_046,0.00015806086594238877,V2 +logit KD,D,0.00015806086594238877,1.0,D,0
D_0_047,0.9485853910446167,V2 +logit KD,D,0.9485853910446167,2.0,D,0
D_0_048,0.0020893809851258993,V2 +logit KD,D,0.0020893809851258993,0.0,D,0
D_0_049,0.009965000674128532,V2 +logit KD,D,0.009965000674128532,0.0,D,0
D_2_000,0.9671716094017029,V3 +utility KD,D,0.9999793767929077,2.0,D,2
D_2_001,0.9995446801185608,V3 +utility KD,D,1.0,2.0,D,2
D_2_002,0.9765617847442627,V3 +utility KD,D,0.999984622001648,2.0,D,2
D_2_003,0.9978457689285278,V3 +utility KD,D,1.0,2.0,D,2
D_2_004,0.9968276619911194,V3 +utility KD,D,1.0,2.0,D,2
D_2_005,0.9950428009033203,V3 +utility KD,D,0.9999998807907104,2.0,D,2
D_2_006,0.9997844099998474,V3 +utility KD,D,1.0,2.0,D,2
D_2_007,0.9965988993644714,V3 +utility KD,D,1.0,2.0,D,2
D_2_008,0.9979797005653381,V3 +utility KD,D,1.0,2.0,D,2
D_2_009,0.9815409183502197,V3 +utility KD,D,0.9999920129776001,2.0,D,2
D_2_010,0.9822593927383423,V3 +utility KD,D,0.9999954700469971,2.0,D,2
D_2_011,0.9991208910942078,V3 +utility KD,D,1.0,2.0,D,2
D_2_012,0.9985966086387634,V3 +utility KD,D,1.0,2.0,D,2
D_2_013,0.996787428855896,V3 +utility KD,D,1.0,2.0,D,2
D_2_014,0.9976369142532349,V3 +utility KD,D,1.0,2.0,D,2
D_2_015,0.9993797540664673,V3 +utility KD,D,1.0,2.0,D,2
D_2_016,0.9385573863983154,V3 +utility KD,D,0.9998862743377686,2.0,D,2
D_2_017,0.9968987703323364,V3 +utility KD,D,1.0,2.0,D,2
D_2_018,0.8866353631019592,V3 +utility KD,D,0.9992252588272095,2.0,D,2
D_2_019,0.9987157583236694,V3 +utility KD,D,1.0,2.0,D,2
D_2_020,0.9886171221733093,V3 +utility KD,D,0.9999990463256836,2.0,D,2
D_2_021,0.9994338154792786,V3 +utility KD,D,1.0,2.0,D,2
D_2_022,0.9976996779441833,V3 +utility KD,D,1.0,2.0,D,2
D_2_023,0.9984093308448792,V3 +utility KD,D,1.0,2.0,D,2
D_2_024,0.995028555393219,V3 +utility KD,D,0.9999998807907104,2.0,D,2
D_2_025,0.999542236328125,V3 +utility KD,D,1.0,2.0,D,2
D_2_026,0.9981246590614319,V3 +utility KD,D,1.0,2.0,D,2
D_2_027,0.9978882670402527,V3 +utility KD,D,1.0,2.0,D,2
D_2_028,0.9366653561592102,V3 +utility KD,D,0.9996291399002075,2.0,D,2
D_2_029,0.9309705495834351,V3 +utility KD,D,0.999119222164154,2.0,D,2
D_2_030,0.9996711015701294,V3 +utility KD,D,1.0,2.0,D,2
D_2_031,0.9994791150093079,V3 +utility KD,D,1.0,2.0,D,2
D_2_032,0.9994545578956604,V3 +utility KD,D,1.0,2.0,D,2
D_2_033,0.9929961562156677,V3 +utility KD,D,0.9999998807907104,2.0,D,2
D_2_034,0.9990872144699097,V3 +utility KD,D,1.0,2.0,D,2
D_2_035,0.9972636699676514,V3 +utility KD,D,1.0,2.0,D,2
D_2_036,0.9977415800094604,V3 +utility KD,D,1.0,2.0,D,2
D_2_037,0.9983110427856445,V3 +utility KD,D,1.0,2.0,D,2
D_2_038,0.885595440864563,V3 +utility KD,D,0.9997839331626892,2.0,D,2
D_2_039,0.9993163347244263,V3 +utility KD,D,1.0,2.0,D,2
D_2_040,0.9992396831512451,V3 +utility KD,D,1.0,2.0,D,2
D_2_041,0.9963976740837097,V3 +utility KD,D,1.0,2.0,D,2
D_2_042,0.9769489169120789,V3 +utility KD,D,0.9999985694885254,2.0,D,2
D_2_043,0.9975255131721497,V3 +utility KD,D,1.0,2.0,D,2
D_2_044,0.9868795275688171,V3 +utility KD,D,0.9999995231628418,2.0,D,2
D_2_045,0.9938892126083374,V3 +utility KD,D,1.0,2.0,D,2
D_2_046,0.9973347783088684,V3 +utility KD,D,1.0,2.0,D,2
D_2_047,0.9863407611846924,V3 +utility KD,D,0.9999955892562866,2.0,D,2
D_2_048,0.9988468885421753,V3 +utility KD,D,1.0,2.0,D,2
D_2_049,0.9971060156822205,V3 +utility KD,D,0.9999998807907104,2.0,D,2
D_2_050,0.9761301875114441,V3 +utility KD,D,0.9999480247497559,2.0,D,2
D_2_051,0.9994158744812012,V3 +utility KD,D,1.0,2.0,D,2
D_2_052,0.929476797580719,V3 +utility KD,D,0.9995638728141785,2.0,D,2
D_2_053,0.9993647933006287,V3 +utility KD,D,1.0,2.0,D,2
D_2_054,0.9997499585151672,V3 +utility KD,D,1.0,2.0,D,2
D_2_055,0.9994605183601379,V3 +utility KD,D,1.0,2.0,D,2
D_2_056,0.9989796280860901,V3 +utility KD,D,1.0,2.0,D,2
D_2_057,0.9814179539680481,V3 +utility KD,D,0.999998927116394,2.0,D,2
D_2_058,0.9972209930419922,V3 +utility KD,D,1.0,2.0,D,2
D_2_059,0.9928295016288757,V3 +utility KD,D,0.9999998807907104,2.0,D,2
D_2_060,0.9145479798316956,V3 +utility KD,D,0.9991716146469116,2.0,D,2
D_2_061,0.9996201992034912,V3 +utility KD,D,1.0,2.0,D,2
D_1_000,0.02081580087542534,V3 +utility KD,D,7.10327685737866e-06,1.0,D,1
D_1_001,0.003555634757503867,V3 +utility KD,D,4.187965316759801e-07,1.0,D,1
D_1_002,0.00947737880051136,V3 +utility KD,D,6.6054772105417214e-06,1.0,D,1
D_1_003,0.0024672457948327065,V3 +utility KD,D,1.0934571292864348e-07,1.0,D,1
D_1_004,6.397394827217795e-07,V3 +utility KD,D,4.0732567600960945e-13,1.0,D,1
D_1_005,0.002961348742246628,V3 +utility KD,D,2.00422164198244e-06,1.0,D,1
D_1_006,0.0007815179997123778,V3 +utility KD,D,6.891757919902375e-08,1.0,D,1
D_1_007,0.0006525260396301746,V3 +utility KD,D,5.49212320066772e-09,1.0,D,1
D_1_008,0.002923744497820735,V3 +utility KD,D,1.124273936170539e-07,1.0,D,1
D_1_009,7.2234615799970925e-06,V3 +utility KD,D,6.489844772694653e-11,1.0,D,1
D_1_010,0.613634467124939,V3 +utility KD,D,0.5960361957550049,2.0,D,1
D_1_011,0.014312705025076866,V3 +utility KD,D,6.183137429616181e-06,1.0,D,1
D_1_012,0.00042411108734086156,V3 +utility KD,D,3.7158860433095242e-09,1.0,D,1
D_1_013,0.002642033388838172,V3 +utility KD,D,1.4651962487732817e-07,1.0,D,1
D_1_014,6.893321369716432e-06,V3 +utility KD,D,1.0495323685653923e-13,1.0,D,1
D_1_015,3.866541737806983e-05,V3 +utility KD,D,1.0982826870176154e-09,1.0,D,1
D_1_016,0.0002769779530353844,V3 +utility KD,D,3.2322382548244377e-09,1.0,D,1
D_1_017,0.001018498558551073,V3 +utility KD,D,3.753918775828424e-08,1.0,D,1
D_1_018,2.5103412326643593e-07,V3 +utility KD,D,4.35220503841767e-14,1.0,D,1
D_1_019,1.881973548734095e-05,V3 +utility KD,D,1.7228758350529283e-11,1.0,D,1
D_1_020,5.478326556840329e-07,V3 +utility KD,D,1.9740902434863677e-14,1.0,D,1
D_1_021,0.0006660075159743428,V3 +utility KD,D,2.4957946820336474e-09,1.0,D,1
D_1_022,0.02169783040881157,V3 +utility KD,D,0.0002957515243906528,1.0,D,1
D_1_023,0.004715754650533199,V3 +utility KD,D,2.5450844987062737e-07,1.0,D,1
D_1_024,2.468647153364145e-07,V3 +utility KD,D,3.420991373414748e-16,1.0,D,1
D_1_025,8.448155131191015e-05,V3 +utility KD,D,5.1095398745371057e-11,1.0,D,1
D_1_026,0.0008841315284371376,V3 +utility KD,D,1.1340730132758381e-08,1.0,D,1
D_1_027,1.911049366754014e-06,V3 +utility KD,D,9.988542215566554e-10,1.0,D,1
D_1_028,0.0004985261475667357,V3 +utility KD,D,5.224508186074672e-07,1.0,D,1
D_1_029,0.00042128225322812796,V3 +utility KD,D,1.4348723098578375e-08,1.0,D,1
D_1_030,8.30256103654392e-05,V3 +utility KD,D,1.7238302452149412e-10,1.0,D,1
D_1_031,0.00013010884867981076,V3 +utility KD,D,1.5905878569810739e-07,1.0,D,1
D_1_032,0.0008121498976834118,V3 +utility KD,D,6.800116381100452e-08,1.0,D,1
D_1_033,5.521409320863313e-07,V3 +utility KD,D,2.982586183239433e-12,1.0,D,1
D_1_034,0.05995010957121849,V3 +utility KD,D,0.0003969978424720466,1.0,D,1
D_1_035,2.1378436940722167e-06,V3 +utility KD,D,6.150131792725944e-11,1.0,D,1
D_1_036,3.294120006103185e-06,V3 +utility KD,D,2.802674758939361e-12,1.0,D,1
D_1_037,0.0005728905089199543,V3 +utility KD,D,1.373676505878052e-09,1.0,D,1
D_1_038,6.34924823827987e-09,V3 +utility KD,D,4.0546318396628644e-16,1.0,D,1
D_1_039,3.305036807432771e-05,V3 +utility KD,D,1.5290735344564155e-10,1.0,D,1
D_1_040,0.0008761649369262159,V3 +utility KD,D,4.98781780322588e-08,1.0,D,1
D_1_041,1.3995580957271159e-05,V3 +utility KD,D,3.28416772943374e-11,1.0,D,1
D_1_042,0.0002980777935590595,V3 +utility KD,D,1.0178258236237525e-09,1.0,D,1
D_1_043,0.0009008148335851729,V3 +utility KD,D,7.591418160757257e-09,1.0,D,1
D_1_044,9.401388751939521e-07,V3 +utility KD,D,3.72787694810639e-12,1.0,D,1
D_1_045,2.326096364413388e-05,V3 +utility KD,D,1.3077556398899404e-11,1.0,D,1
D_1_046,0.1443115621805191,V3 +utility KD,D,0.002808914752677083,1.0,D,1
D_1_047,2.2980023004492978e-06,V3 +utility KD,D,1.8510071947419604e-12,1.0,D,1
D_1_048,0.00036595281562767923,V3 +utility KD,D,4.803517299478699e-07,1.0,D,1
D_1_049,1.1191340215654932e-10,V3 +utility KD,D,5.174702945788832e-18,1.0,D,1
D_1_050,0.00034540495835244656,V3 +utility KD,D,1.7630180648708915e-09,1.0,D,1
D_1_051,7.65671138651669e-05,V3 +utility KD,D,4.0615153601430976e-11,1.0,D,1
D_1_052,0.0031351891811937094,V3 +utility KD,D,5.133342284580067e-08,1.0,D,1
D_1_053,6.38048413748038e-06,V3 +utility KD,D,1.3223808983595098e-12,1.0,D,1
D_1_054,0.0013430900871753693,V3 +utility KD,D,7.08040062136206e-08,1.0,D,1
D_1_055,2.5826537239481695e-05,V3 +utility KD,D,6.118593409709661e-10,1.0,D,1
D_1_056,0.01237033773213625,V3 +utility KD,D,9.890412911772728e-06,1.0,D,1
D_1_057,0.0024211418349295855,V3 +utility KD,D,5.255917656654674e-08,1.0,D,1
D_1_058,0.009116324596107006,V3 +utility KD,D,6.259570363909006e-05,1.0,D,1
D_1_059,0.021402139216661453,V3 +utility KD,D,1.1389847713871859e-05,1.0,D,1
D_1_060,1.7268664578296011e-06,V3 +utility KD,D,4.55205317884122e-13,1.0,D,1
D_1_061,0.00011428715515648946,V3 +utility KD,D,2.3355650746736956e-10,1.0,D,1
D_1_062,0.0007477282197214663,V3 +utility KD,D,1.3087278816215075e-08,1.0,D,1
D_1_063,0.0006875296821817756,V3 +utility KD,D,8.365795167719625e-09,1.0,D,1
D_1_064,0.12896697223186493,V3 +utility KD,D,0.05491085723042488,1.0,D,1
D_1_065,2.979819691972807e-05,V3 +utility KD,D,6.8196555173816176e-12,1.0,D,1
D_1_066,0.0027350217569619417,V3 +utility KD,D,6.291974585792559e-08,1.0,D,1
D_1_067,8.34451263642677e-09,V3 +utility KD,D,2.861029115171481e-15,1.0,D,1
D_1_068,3.509843736537732e-06,V3 +utility KD,D,3.432724590690661e-11,1.0,D,1
D_1_069,2.4375092834816314e-05,V3 +utility KD,D,1.1500050044188637e-12,1.0,D,1
D_1_070,0.00015369642642326653,V3 +utility KD,D,2.4077664306787483e-09,1.0,D,1
D_1_071,3.930231487481173e-11,V3 +utility KD,D,6.17627639252519e-17,1.0,D,1
D_1_072,0.00044784494093619287,V3 +utility KD,D,2.1370476943616268e-08,1.0,D,1
D_1_073,6.652301090070978e-05,V3 +utility KD,D,7.716299599280774e-09,1.0,D,1
D_1_074,1.0868298261357268e-08,V3 +utility KD,D,6.493361985189755e-16,1.0,D,1
D_1_075,0.00154590280726552,V3 +utility KD,D,1.6263360436141738e-08,1.0,D,1
D_1_076,4.160378921369556e-06,V3 +utility KD,D,5.2154413600347116e-12,1.0,D,1
D_1_077,1.8013695529260805e-14,V3 +utility KD,D,8.464319740840412e-24,1.0,D,1
D_1_078,0.14463213086128235,V3 +utility KD,D,0.0020903439726680517,1.0,D,1
D_1_079,4.360685124993324e-05,V3 +utility KD,D,7.447112371217202e-10,1.0,D,1
D_1_080,0.00017042367835529149,V3 +utility KD,D,2.6523959917312823e-08,1.0,D,1
D_1_081,0.0029150473419576883,V3 +utility KD,D,1.4926672520232387e-07,1.0,D,1
D_1_082,0.0003476431011222303,V3 +utility KD,D,1.0864065203008977e-08,1.0,D,1
D_1_083,0.00044684449676424265,V3 +utility KD,D,4.230721106779356e-09,1.0,D,1
D_1_084,8.086593879852444e-05,V3 +utility KD,D,1.4905822132149638e-09,1.0,D,1
D_1_085,2.255772596981842e-05,V3 +utility KD,D,3.397757119064093e-12,1.0,D,1
D_1_086,0.01816176436841488,V3 +utility KD,D,0.00016659316315781325,1.0,D,1
D_1_087,4.6005839976714924e-05,V3 +utility KD,D,1.4058304520503384e-10,1.0,D,1
D_1_088,3.210899990335747e-08,V3 +utility KD,D,3.296997142529859e-14,1.0,D,1
D_1_089,3.3986536891461583e-06,V3 +utility KD,D,1.1185076302655528e-12,1.0,D,1
D_1_090,0.0005839566001668572,V3 +utility KD,D,1.7853557521263497e-09,1.0,D,1
D_1_091,2.909382734728183e-09,V3 +utility KD,D,2.1829574297960218e-17,1.0,D,1
D_1_092,2.0866286476461937e-08,V3 +utility KD,D,2.6876136881878558e-14,1.0,D,1
D_0_000,0.05134064704179764,V3 +utility KD,D,0.005612540058791637,0.0,D,0
D_0_001,8.26870837045135e-06,V3 +utility KD,D,4.886043925012018e-08,0.0,D,0
D_0_002,0.0010660014813765883,V3 +utility KD,D,2.1352776457206346e-05,0.0,D,0
D_0_003,7.606206781929359e-05,V3 +utility KD,D,3.350165798110538e-07,0.0,D,0
D_0_004,0.008621267974376678,V3 +utility KD,D,0.0001623013085918501,0.0,D,0
D_0_005,0.571133017539978,V3 +utility KD,D,0.9242078065872192,2.0,D,0
D_0_006,6.237785044049815e-08,V3 +utility KD,D,2.0200693548466653e-11,0.0,D,0
D_0_007,0.3717615604400635,V3 +utility KD,D,0.39176446199417114,0.0,D,0
D_0_008,6.95169364917092e-05,V3 +utility KD,D,5.261208571027964e-07,0.0,D,0
D_0_009,0.004042187239974737,V3 +utility KD,D,0.00022398158034775406,0.0,D,0
D_0_010,0.009623058140277863,V3 +utility KD,D,0.000477816560305655,0.0,D,0
D_0_011,0.8225551843643188,V3 +utility KD,D,0.9932082295417786,2.0,D,0
D_0_012,0.1136498749256134,V3 +utility KD,D,0.3168357014656067,0.0,D,0
D_0_013,4.569825250655413e-06,V3 +utility KD,D,7.49541495537187e-09,0.0,D,0
D_0_014,0.00020345821394585073,V3 +utility KD,D,4.1384936366739566e-07,0.0,D,0
D_0_015,0.24343176186084747,V3 +utility KD,D,0.2678869962692261,0.0,D,0
D_0_016,0.245728999376297,V3 +utility KD,D,0.24994327127933502,0.0,D,0
D_0_017,0.0021286720875650644,V3 +utility KD,D,0.00012241190415807068,0.0,D,0
D_0_018,3.283764726802474e-07,V3 +utility KD,D,1.299907403939926e-09,0.0,D,0
D_0_019,0.008593850769102573,V3 +utility KD,D,0.00024742685491219163,0.0,D,0
D_0_020,0.3520622253417969,V3 +utility KD,D,0.7980347871780396,2.0,D,0
D_0_021,0.05132758244872093,V3 +utility KD,D,0.006251809187233448,0.0,D,0
D_0_022,0.7626698017120361,V3 +utility KD,D,0.9446135759353638,2.0,D,0
D_0_023,0.4065394401550293,V3 +utility KD,D,0.4225586950778961,0.0,D,0
D_0_024,0.0007775642443448305,V3 +utility KD,D,1.0461185411259066e-05,0.0,D,0
D_0_025,0.0006060797604732215,V3 +utility KD,D,1.5215452549455222e-05,0.0,D,0
D_0_026,0.0018401369452476501,V3 +utility KD,D,0.00014524970902130008,0.0,D,0
D_0_027,0.0056265052407979965,V3 +utility KD,D,0.00013063341611996293,0.0,D,0
D_0_028,0.002408548491075635,V3 +utility KD,D,0.00025362661108374596,0.0,D,0
D_0_029,0.03567635267972946,V3 +utility KD,D,0.006868193857371807,0.0,D,0
D_0_030,0.03602790832519531,V3 +utility KD,D,0.0020082208793610334,1.0,D,0
D_0_031,0.0077089169062674046,V3 +utility KD,D,0.000820870220195502,0.0,D,0
D_0_032,0.4230833947658539,V3 +utility KD,D,0.5756106972694397,2.0,D,0
D_0_033,0.006595329847186804,V3 +utility KD,D,0.00031270988984033465,0.0,D,0
D_0_034,0.20941975712776184,V3 +utility KD,D,0.4733792543411255,2.0,D,0
D_0_035,0.44129711389541626,V3 +utility KD,D,0.8888116478919983,2.0,D,0
D_0_036,9.362198761664331e-05,V3 +utility KD,D,1.881904040601512e-06,0.0,D,0
D_0_037,0.0007967614219523966,V3 +utility KD,D,2.3161290300777182e-05,0.0,D,0
D_0_038,0.7671852111816406,V3 +utility KD,D,0.9938645958900452,2.0,D,0
D_0_039,0.03187068924307823,V3 +utility KD,D,0.009703068993985653,0.0,D,0
D_0_040,0.2771055996417999,V3 +utility KD,D,0.45964518189430237,0.0,D,0
D_0_041,0.6292300224304199,V3 +utility KD,D,0.8372485041618347,2.0,D,0
D_0_042,0.7071980834007263,V3 +utility KD,D,0.9568272829055786,2.0,D,0
D_0_043,3.973896127718035e-06,V3 +utility KD,D,2.9610094376408824e-09,0.0,D,0
D_0_044,0.0003039275179617107,V3 +utility KD,D,4.092204974881497e-08,1.0,D,0
D_0_045,0.007958399131894112,V3 +utility KD,D,0.00031146800029091537,0.0,D,0
D_0_046,0.009045795537531376,V3 +utility KD,D,0.0015278534265235066,1.0,D,0
D_0_047,0.9336376190185547,V3 +utility KD,D,0.9996256828308105,2.0,D,0
D_0_048,0.0005869594751857221,V3 +utility KD,D,4.727094710688107e-05,0.0,D,0
D_0_049,0.002973221242427826,V3 +utility KD,D,4.716674447990954e-05,0.0,D,0
D_2_000,0.9987519979476929,V4 full Student,D,1.0,2.0,D,2
D_2_001,0.9999953508377075,V4 full Student,D,1.0,2.0,D,2
D_2_002,0.9965605139732361,V4 full Student,D,1.0,2.0,D,2
D_2_003,0.9999985694885254,V4 full Student,D,1.0,2.0,D,2
D_2_004,0.999935507774353,V4 full Student,D,1.0,2.0,D,2
D_2_005,0.999984860420227,V4 full Student,D,1.0,2.0,D,2
D_2_006,0.9999998807907104,V4 full Student,D,1.0,2.0,D,2
D_2_007,0.9999973773956299,V4 full Student,D,1.0,2.0,D,2
D_2_008,0.9999887943267822,V4 full Student,D,1.0,2.0,D,2
D_2_009,0.9977559447288513,V4 full Student,D,1.0,2.0,D,2
D_2_010,0.9993748068809509,V4 full Student,D,1.0,2.0,D,2
D_2_011,0.9999901056289673,V4 full Student,D,1.0,2.0,D,2
D_2_012,0.9999880790710449,V4 full Student,D,1.0,2.0,D,2
D_2_013,0.9998884201049805,V4 full Student,D,1.0,2.0,D,2
D_2_014,0.9999979734420776,V4 full Student,D,1.0,2.0,D,2
D_2_015,0.9999966621398926,V4 full Student,D,1.0,2.0,D,2
D_2_016,0.9998125433921814,V4 full Student,D,1.0,2.0,D,2
D_2_017,0.999995231628418,V4 full Student,D,1.0,2.0,D,2
D_2_018,0.9949965476989746,V4 full Student,D,1.0,2.0,D,2
D_2_019,0.9999822378158569,V4 full Student,D,1.0,2.0,D,2
D_2_020,0.9885419607162476,V4 full Student,D,1.0,2.0,D,2
D_2_021,0.9999964237213135,V4 full Student,D,1.0,2.0,D,2
D_2_022,0.9999279975891113,V4 full Student,D,1.0,2.0,D,2
D_2_023,0.9997192025184631,V4 full Student,D,1.0,2.0,D,2
D_2_024,0.9999393224716187,V4 full Student,D,1.0,2.0,D,2
D_2_025,0.9999980926513672,V4 full Student,D,1.0,2.0,D,2
D_2_026,0.9999662637710571,V4 full Student,D,1.0,2.0,D,2
D_2_027,0.9999991655349731,V4 full Student,D,1.0,2.0,D,2
D_2_028,0.9943549633026123,V4 full Student,D,1.0,2.0,D,2
D_2_029,0.9954296350479126,V4 full Student,D,0.9999998807907104,2.0,D,2
D_2_030,0.9999924898147583,V4 full Student,D,1.0,2.0,D,2
D_2_031,0.9999910593032837,V4 full Student,D,1.0,2.0,D,2
D_2_032,0.999993085861206,V4 full Student,D,1.0,2.0,D,2
D_2_033,0.9997052550315857,V4 full Student,D,1.0,2.0,D,2
D_2_034,0.9999943971633911,V4 full Student,D,1.0,2.0,D,2
D_2_035,0.9999805688858032,V4 full Student,D,1.0,2.0,D,2
D_2_036,0.9999061822891235,V4 full Student,D,1.0,2.0,D,2
D_2_037,0.9999948740005493,V4 full Student,D,1.0,2.0,D,2
D_2_038,0.9772408604621887,V4 full Student,D,1.0,2.0,D,2
D_2_039,0.9999947547912598,V4 full Student,D,1.0,2.0,D,2
D_2_040,0.9999960660934448,V4 full Student,D,1.0,2.0,D,2
D_2_041,0.9999880790710449,V4 full Student,D,1.0,2.0,D,2
D_2_042,0.9999346733093262,V4 full Student,D,1.0,2.0,D,2
D_2_043,0.9999924898147583,V4 full Student,D,1.0,2.0,D,2
D_2_044,0.9999427795410156,V4 full Student,D,1.0,2.0,D,2
D_2_045,0.9986693859100342,V4 full Student,D,1.0,2.0,D,2
D_2_046,0.9999884366989136,V4 full Student,D,1.0,2.0,D,2
D_2_047,0.9950571060180664,V4 full Student,D,1.0,2.0,D,2
D_2_048,0.9999957084655762,V4 full Student,D,1.0,2.0,D,2
D_2_049,0.9999474287033081,V4 full Student,D,1.0,2.0,D,2
D_2_050,0.999332845211029,V4 full Student,D,1.0,2.0,D,2
D_2_051,0.9998573064804077,V4 full Student,D,1.0,2.0,D,2
D_2_052,0.9965356588363647,V4 full Student,D,0.9999997615814209,2.0,D,2
D_2_053,0.9999895095825195,V4 full Student,D,1.0,2.0,D,2
D_2_054,0.9999998807907104,V4 full Student,D,1.0,2.0,D,2
D_2_055,0.9999991655349731,V4 full Student,D,1.0,2.0,D,2
D_2_056,0.9970792531967163,V4 full Student,D,1.0,2.0,D,2
D_2_057,0.9931235909461975,V4 full Student,D,1.0,2.0,D,2
D_2_058,0.9968603849411011,V4 full Student,D,0.9999998807907104,2.0,D,2
D_2_059,0.9999595880508423,V4 full Student,D,1.0,2.0,D,2
D_2_060,0.9993323683738708,V4 full Student,D,1.0,2.0,D,2
D_2_061,0.9999997615814209,V4 full Student,D,1.0,2.0,D,2
D_1_000,0.3375283181667328,V4 full Student,D,4.7666117097833194e-07,1.0,D,1
D_1_001,0.18833869695663452,V4 full Student,D,7.656493217211846e-09,1.0,D,1
D_1_002,0.19944851100444794,V4 full Student,D,3.3794033543754765e-11,1.0,D,1
D_1_003,0.12542153894901276,V4 full Student,D,1.18866777532034e-10,1.0,D,1
D_1_004,0.19536192715168,V4 full Student,D,2.742350879714195e-08,1.0,D,1
D_1_005,0.34512412548065186,V4 full Student,D,7.633719434352315e-08,1.0,D,1
D_1_006,0.26632484793663025,V4 full Student,D,1.2214090849838044e-10,1.0,D,1
D_1_007,0.1368815004825592,V4 full Student,D,1.503690401361002e-12,1.0,D,1
D_1_008,0.23921753466129303,V4 full Student,D,5.123148572039327e-09,1.0,D,1
D_1_009,0.2757100462913513,V4 full Student,D,6.185123879731691e-08,1.0,D,1
D_1_010,0.21141749620437622,V4 full Student,D,1.6549172032753745e-09,1.0,D,1
D_1_011,0.20786593854427338,V4 full Student,D,2.965426801893045e-07,1.0,D,1
D_1_012,0.2579813003540039,V4 full Student,D,7.340800038946327e-07,1.0,D,1
D_1_013,0.42867109179496765,V4 full Student,D,9.890131380529965e-09,1.0,D,1
D_1_014,0.29990893602371216,V4 full Student,D,1.7233951514611097e-15,1.0,D,1
D_1_015,0.2896488904953003,V4 full Student,D,1.0609736733613317e-07,1.0,D,1
D_1_016,0.12699320912361145,V4 full Student,D,2.7227716541361295e-14,1.0,D,1
D_1_017,0.30915722250938416,V4 full Student,D,1.5352752402719716e-10,1.0,D,1
D_1_018,0.32011890411376953,V4 full Student,D,1.7054178300677028e-14,1.0,D,1
D_1_019,0.34702569246292114,V4 full Student,D,3.111190992333146e-12,1.0,D,1
D_1_020,0.3743882477283478,V4 full Student,D,1.6600005332996493e-13,1.0,D,1
D_1_021,0.13026896119117737,V4 full Student,D,1.787600015928925e-14,1.0,D,1
D_1_022,0.26517805457115173,V4 full Student,D,2.1830548035950414e-08,1.0,D,1
D_1_023,0.3254968822002411,V4 full Student,D,5.5056584291612864e-11,1.0,D,1
D_1_024,0.27561989426612854,V4 full Student,D,6.067583501606633e-13,1.0,D,1
D_1_025,0.41529619693756104,V4 full Student,D,1.3387684190402371e-11,1.0,D,1
D_1_026,0.6576002836227417,V4 full Student,D,6.341973387419264e-13,1.0,D,1
D_1_027,0.02764783427119255,V4 full Student,D,4.179035589801927e-11,1.0,D,1
D_1_028,0.1221669465303421,V4 full Student,D,1.9177792864866205e-07,1.0,D,1
D_1_029,0.1664249449968338,V4 full Student,D,1.2979318171346677e-06,1.0,D,1
D_1_030,0.22396351397037506,V4 full Student,D,4.896540062304666e-09,1.0,D,1
D_1_031,0.349488228559494,V4 full Student,D,0.0001936510088853538,1.0,D,1
D_1_032,0.24789206683635712,V4 full Student,D,5.843845962694161e-10,1.0,D,1
D_1_033,0.07189711928367615,V4 full Student,D,7.1493344577788775e-09,1.0,D,1
D_1_034,0.3570976257324219,V4 full Student,D,6.687328024668204e-09,1.0,D,1
D_1_035,0.5199181437492371,V4 full Student,D,1.0997064370243947e-11,1.0,D,1
D_1_036,0.234124556183815,V4 full Student,D,1.7608247304679026e-08,1.0,D,1
D_1_037,0.22548037767410278,V4 full Student,D,6.414870262587413e-13,1.0,D,1
D_1_038,0.242725670337677,V4 full Student,D,6.7245995438725e-09,1.0,D,1
D_1_039,0.2908545136451721,V4 full Student,D,2.294475026642928e-10,1.0,D,1
D_1_040,0.5051306486129761,V4 full Student,D,5.054427987261079e-10,1.0,D,1
D_1_041,0.6864120960235596,V4 full Student,D,1.6698128340111862e-13,1.0,D,1
D_1_042,0.3123182952404022,V4 full Student,D,1.5024055333157094e-09,1.0,D,1
D_1_043,0.5019071102142334,V4 full Student,D,2.0540548428815697e-12,1.0,D,1
D_1_044,0.2739383578300476,V4 full Student,D,5.1189042588051237e-11,1.0,D,1
D_1_045,0.29554831981658936,V4 full Student,D,7.154717898867624e-14,1.0,D,1
D_1_046,0.21529391407966614,V4 full Student,D,1.5880917771937675e-06,1.0,D,1
D_1_047,0.19716084003448486,V4 full Student,D,1.353754608413027e-10,1.0,D,1
D_1_048,0.3702522814273834,V4 full Student,D,7.795622991579876e-07,1.0,D,1
D_1_049,0.2948128581047058,V4 full Student,D,2.5267813015539264e-12,1.0,D,1
D_1_050,0.4850623309612274,V4 full Student,D,1.0787988558025319e-10,1.0,D,1
D_1_051,0.30239513516426086,V4 full Student,D,2.744043325897394e-10,1.0,D,1
D_1_052,0.1613779366016388,V4 full Student,D,4.255207852743581e-10,1.0,D,1
D_1_053,0.24053955078125,V4 full Student,D,6.348823376745028e-13,1.0,D,1
D_1_054,0.3561352491378784,V4 full Student,D,2.9551886200351873e-06,1.0,D,1
D_1_055,0.20233215391635895,V4 full Student,D,1.4364923139886798e-10,1.0,D,1
D_1_056,0.5137601494789124,V4 full Student,D,5.034775796275426e-08,1.0,D,1
D_1_057,0.44338300824165344,V4 full Student,D,4.710975498589676e-10,1.0,D,1
D_1_058,0.31825289130210876,V4 full Student,D,1.2676147775891877e-07,1.0,D,1
D_1_059,0.2294805496931076,V4 full Student,D,3.6574894224372656e-09,1.0,D,1
D_1_060,0.1761416792869568,V4 full Student,D,1.85667518685928e-12,1.0,D,1
D_1_061,0.24649901688098907,V4 full Student,D,8.456533390210907e-11,1.0,D,1
D_1_062,0.17398421466350555,V4 full Student,D,1.1923524667611929e-11,1.0,D,1
D_1_063,0.333307683467865,V4 full Student,D,1.3250490704663775e-09,1.0,D,1
D_1_064,0.175760418176651,V4 full Student,D,2.131916744474438e-06,1.0,D,1
D_1_065,0.30529481172561646,V4 full Student,D,2.975809702820964e-13,1.0,D,1
D_1_066,0.4336431920528412,V4 full Student,D,2.429705877682667e-14,1.0,D,1
D_1_067,0.1513165533542633,V4 full Student,D,3.966113895637058e-11,1.0,D,1
D_1_068,0.3711891770362854,V4 full Student,D,1.6539232206014276e-09,1.0,D,1
D_1_069,0.31391119956970215,V4 full Student,D,1.8773199479877635e-14,1.0,D,1
D_1_070,0.5354464054107666,V4 full Student,D,1.0468454991752196e-09,1.0,D,1
D_1_071,0.0784185454249382,V4 full Student,D,2.211322271128413e-11,1.0,D,1
D_1_072,0.3849771320819855,V4 full Student,D,1.385974007680731e-14,1.0,D,1
D_1_073,0.3585169017314911,V4 full Student,D,3.351210864366294e-08,1.0,D,1
D_1_074,0.40334054827690125,V4 full Student,D,2.4701476974975378e-11,1.0,D,1
D_1_075,0.1423148214817047,V4 full Student,D,5.846418488220095e-11,1.0,D,1
D_1_076,0.17098939418792725,V4 full Student,D,3.4178220149894134e-12,1.0,D,1
D_1_077,0.31116750836372375,V4 full Student,D,7.594996680182486e-13,1.0,D,1
D_1_078,0.26340556144714355,V4 full Student,D,2.793254960664626e-09,1.0,D,1
D_1_079,0.2891662120819092,V4 full Student,D,1.3966154621680715e-10,1.0,D,1
D_1_080,0.2418573647737503,V4 full Student,D,1.1235361530026466e-09,1.0,D,1
D_1_081,0.2885863482952118,V4 full Student,D,1.590811260498981e-09,1.0,D,1
D_1_082,0.20252765715122223,V4 full Student,D,6.340129116155779e-11,1.0,D,1
D_1_083,0.2113332897424698,V4 full Student,D,3.5604390546950526e-08,1.0,D,1
D_1_084,0.13403107225894928,V4 full Student,D,1.9324458477854023e-08,1.0,D,1
D_1_085,0.2660711109638214,V4 full Student,D,3.190822917844248e-14,1.0,D,1
D_1_086,0.28562381863594055,V4 full Student,D,9.251259314169147e-08,1.0,D,1
D_1_087,0.4125463366508484,V4 full Student,D,2.9630536912961247e-10,1.0,D,1
D_1_088,0.21485751867294312,V4 full Student,D,8.482825109012992e-09,1.0,D,1
D_1_089,0.21703612804412842,V4 full Student,D,1.954044981378189e-10,1.0,D,1
D_1_090,0.4020434617996216,V4 full Student,D,1.2563311258288398e-14,1.0,D,1
D_1_091,0.17912255227565765,V4 full Student,D,1.4017287330858608e-10,1.0,D,1
D_1_092,0.27632397413253784,V4 full Student,D,3.532112486936967e-07,1.0,D,1
D_0_000,0.3386446237564087,V4 full Student,D,0.0012561853509396315,1.0,D,0
D_0_001,0.006400436162948608,V4 full Student,D,2.2091908249421977e-06,0.0,D,0
D_0_002,0.05135701969265938,V4 full Student,D,0.0022160925436764956,0.0,D,0
D_0_003,0.020200215280056,V4 full Student,D,8.312408681376837e-07,0.0,D,0
D_0_004,0.039878591895103455,V4 full Student,D,2.0119875898672035e-06,0.0,D,0
D_0_005,0.21738581359386444,V4 full Student,D,0.02677769400179386,0.0,D,0
D_0_006,0.09131652116775513,V4 full Student,D,3.254920375184156e-05,0.0,D,0
D_0_007,0.0034121593926101923,V4 full Student,D,2.4296289780068037e-07,0.0,D,0
D_0_008,0.012870531529188156,V4 full Student,D,3.821991612085185e-08,0.0,D,0
D_0_009,0.1727309674024582,V4 full Student,D,0.005603444296866655,0.0,D,0
D_0_010,0.04452229291200638,V4 full Student,D,6.084498454583809e-05,0.0,D,0
D_0_011,0.6324760913848877,V4 full Student,D,0.8867914080619812,2.0,D,0
D_0_012,0.0004989173612557352,V4 full Student,D,3.094022815730568e-10,0.0,D,0
D_0_013,0.003165317000821233,V4 full Student,D,1.7695359844083214e-08,0.0,D,0
D_0_014,0.0012642394285649061,V4 full Student,D,2.310305502462029e-09,0.0,D,0
D_0_015,0.09269415587186813,V4 full Student,D,0.0854475274682045,0.0,D,0
D_0_016,0.015506057068705559,V4 full Student,D,1.984936352528166e-05,0.0,D,0
D_0_017,0.008948981761932373,V4 full Student,D,3.959250079788035e-06,0.0,D,0
D_0_018,0.00987809244543314,V4 full Student,D,3.393868297507652e-08,1.0,D,0
D_0_019,0.002179538831114769,V4 full Student,D,3.455843966548855e-07,0.0,D,0
D_0_020,0.034813739359378815,V4 full Student,D,5.081595008959994e-05,0.0,D,0
D_0_021,0.003213034011423588,V4 full Student,D,1.400593276912332e-07,0.0,D,0
D_0_022,0.051173340529203415,V4 full Student,D,1.1344903214194346e-05,0.0,D,0
D_0_023,0.007185265421867371,V4 full Student,D,3.478502605958056e-07,0.0,D,0
D_0_024,0.0004328092618379742,V4 full Student,D,2.8673432985598657e-12,0.0,D,0
D_0_025,0.02013409696519375,V4 full Student,D,7.632218330400065e-05,0.0,D,0
D_0_026,0.042312439531087875,V4 full Student,D,7.771035598125309e-06,0.0,D,0
D_0_027,0.002466607606038451,V4 full Student,D,9.526700539552735e-10,0.0,D,0
D_0_028,0.02633470669388771,V4 full Student,D,0.0008251527906395495,0.0,D,0
D_0_029,0.455095112323761,V4 full Student,D,0.8533210158348083,2.0,D,0
D_0_030,0.05967080593109131,V4 full Student,D,2.961804420920089e-05,1.0,D,0
D_0_031,0.027770815417170525,V4 full Student,D,5.247842409517034e-07,0.0,D,0
D_0_032,0.06527547538280487,V4 full Student,D,0.000620941398665309,0.0,D,0
D_0_033,0.01733660325407982,V4 full Student,D,4.091721621080069e-06,0.0,D,0
D_0_034,0.23117539286613464,V4 full Student,D,0.4262486398220062,2.0,D,0
D_0_035,0.005449016112834215,V4 full Student,D,1.0694002128275315e-08,0.0,D,0
D_0_036,0.008513255044817924,V4 full Student,D,2.395013964928694e-08,0.0,D,0
D_0_037,0.05120139569044113,V4 full Student,D,0.001197779318317771,0.0,D,0
D_0_038,0.3052976429462433,V4 full Student,D,0.7104195356369019,2.0,D,0
D_0_039,0.11414016038179398,V4 full Student,D,0.0001483259111410007,1.0,D,0
D_0_040,0.01979326643049717,V4 full Student,D,1.993886507989373e-05,0.0,D,0
D_0_041,0.9683799743652344,V4 full Student,D,0.9999963045120239,2.0,D,0
D_0_042,0.49131831526756287,V4 full Student,D,0.9824631214141846,2.0,D,0
D_0_043,1.8048006040771725e-06,V4 full Student,D,2.7099092795613547e-20,0.0,D,0
D_0_044,0.259964257478714,V4 full Student,D,1.699999430115895e-08,1.0,D,0
D_0_045,0.007872370071709156,V4 full Student,D,7.47068042983301e-08,0.0,D,0
D_0_046,0.2360568791627884,V4 full Student,D,1.5007621811946592e-08,1.0,D,0
D_0_047,0.6018110513687134,V4 full Student,D,0.9978067278862,2.0,D,0
D_0_048,0.15077422559261322,V4 full Student,D,1.6076435713330284e-05,1.0,D,0
D_0_049,0.07688553631305695,V4 full Student,D,0.00660040695220232,0.0,D,0
E_2_000,0.034494172781705856,Teacher (privileged),E,,,E,2
E_2_001,0.9999988079071045,Teacher (privileged),E,,,E,2
E_2_002,1.0,Teacher (privileged),E,,,E,2
E_2_003,1.0,Teacher (privileged),E,,,E,2
E_2_004,0.9999996423721313,Teacher (privileged),E,,,E,2
E_2_005,0.9999964237213135,Teacher (privileged),E,,,E,2
E_2_006,1.0,Teacher (privileged),E,,,E,2
E_2_007,1.0,Teacher (privileged),E,,,E,2
E_2_008,0.9704623818397522,Teacher (privileged),E,,,E,2
E_2_009,1.0,Teacher (privileged),E,,,E,2
E_2_010,0.9961252808570862,Teacher (privileged),E,,,E,2
E_2_011,4.8475278163095936e-05,Teacher (privileged),E,,,E,2
E_2_012,0.9988130331039429,Teacher (privileged),E,,,E,2
E_2_013,0.14746923744678497,Teacher (privileged),E,,,E,2
E_2_014,0.999998927116394,Teacher (privileged),E,,,E,2
E_2_015,1.0,Teacher (privileged),E,,,E,2
E_2_016,0.9998719692230225,Teacher (privileged),E,,,E,2
E_2_017,0.65491783618927,Teacher (privileged),E,,,E,2
E_2_018,1.0,Teacher (privileged),E,,,E,2
E_2_019,1.0,Teacher (privileged),E,,,E,2
E_2_020,0.9998849630355835,Teacher (privileged),E,,,E,2
E_2_021,1.0,Teacher (privileged),E,,,E,2
E_2_022,1.0,Teacher (privileged),E,,,E,2
E_2_023,0.9999039173126221,Teacher (privileged),E,,,E,2
E_2_024,0.9999998807907104,Teacher (privileged),E,,,E,2
E_2_025,0.17328834533691406,Teacher (privileged),E,,,E,2
E_2_026,0.9999738931655884,Teacher (privileged),E,,,E,2
E_2_027,0.9984928369522095,Teacher (privileged),E,,,E,2
E_2_028,1.0,Teacher (privileged),E,,,E,2
E_2_029,0.0016079931519925594,Teacher (privileged),E,,,E,2
E_2_030,0.9999998807907104,Teacher (privileged),E,,,E,2
E_2_031,1.0,Teacher (privileged),E,,,E,2
E_2_032,0.9937599301338196,Teacher (privileged),E,,,E,2
E_2_033,1.0,Teacher (privileged),E,,,E,2
E_2_034,1.0,Teacher (privileged),E,,,E,2
E_2_035,0.9999986886978149,Teacher (privileged),E,,,E,2
E_2_036,0.9107707738876343,Teacher (privileged),E,,,E,2
E_2_037,1.0,Teacher (privileged),E,,,E,2
E_2_038,0.9999998807907104,Teacher (privileged),E,,,E,2
E_2_039,1.0,Teacher (privileged),E,,,E,2
E_2_040,1.0,Teacher (privileged),E,,,E,2
E_2_041,0.9688416719436646,Teacher (privileged),E,,,E,2
E_2_042,0.9997043013572693,Teacher (privileged),E,,,E,2
E_2_043,0.9999998807907104,Teacher (privileged),E,,,E,2
E_2_044,1.0,Teacher (privileged),E,,,E,2
E_2_045,0.9999978542327881,Teacher (privileged),E,,,E,2
E_2_046,1.0,Teacher (privileged),E,,,E,2
E_2_047,1.0,Teacher (privileged),E,,,E,2
E_2_048,0.9778119921684265,Teacher (privileged),E,,,E,2
E_2_049,1.0,Teacher (privileged),E,,,E,2
E_2_050,0.9999995231628418,Teacher (privileged),E,,,E,2
E_2_051,0.999889612197876,Teacher (privileged),E,,,E,2
E_2_052,0.1373191773891449,Teacher (privileged),E,,,E,2
E_2_053,0.6269340515136719,Teacher (privileged),E,,,E,2
E_2_054,1.0,Teacher (privileged),E,,,E,2
E_2_055,1.0,Teacher (privileged),E,,,E,2
E_2_056,0.9999985694885254,Teacher (privileged),E,,,E,2
E_2_057,1.0,Teacher (privileged),E,,,E,2
E_2_058,1.0,Teacher (privileged),E,,,E,2
E_2_059,3.344549440953415e-06,Teacher (privileged),E,,,E,2
E_2_060,1.0,Teacher (privileged),E,,,E,2
E_2_061,1.0,Teacher (privileged),E,,,E,2
E_2_062,1.0,Teacher (privileged),E,,,E,2
E_2_063,1.0,Teacher (privileged),E,,,E,2
E_2_064,1.0,Teacher (privileged),E,,,E,2
E_2_065,0.3069254755973816,Teacher (privileged),E,,,E,2
E_2_066,0.9999947547912598,Teacher (privileged),E,,,E,2
E_2_067,0.9877333641052246,Teacher (privileged),E,,,E,2
E_2_068,1.0,Teacher (privileged),E,,,E,2
E_2_069,1.0,Teacher (privileged),E,,,E,2
E_2_070,1.0,Teacher (privileged),E,,,E,2
E_1_000,7.826848706909278e-15,Teacher (privileged),E,,,E,1
E_1_001,4.050308044721156e-21,Teacher (privileged),E,,,E,1
E_1_002,1.629666995968393e-13,Teacher (privileged),E,,,E,1
E_1_003,1.6067400236510713e-18,Teacher (privileged),E,,,E,1
E_1_004,3.987661179688203e-16,Teacher (privileged),E,,,E,1
E_1_005,4.2125238981771303e-20,Teacher (privileged),E,,,E,1
E_1_006,1.2312197292526817e-20,Teacher (privileged),E,,,E,1
E_1_007,1.321949647142649e-27,Teacher (privileged),E,,,E,1
E_1_008,4.3133394398526745e-14,Teacher (privileged),E,,,E,1
E_1_009,3.133487215292957e-16,Teacher (privileged),E,,,E,1
E_1_010,1.2321105671537537e-23,Teacher (privileged),E,,,E,1
E_1_011,2.1039565196901853e-16,Teacher (privileged),E,,,E,1
E_1_012,6.021292947751278e-14,Teacher (privileged),E,,,E,1
E_1_013,1.3666912338150598e-16,Teacher (privileged),E,,,E,1
E_1_014,1.8635676097299043e-17,Teacher (privileged),E,,,E,1
E_1_015,2.9455454935482537e-18,Teacher (privileged),E,,,E,1
E_1_016,4.725920802834066e-15,Teacher (privileged),E,,,E,1
E_1_017,1.4107318913443795e-15,Teacher (privileged),E,,,E,1
E_1_018,4.430742034902026e-23,Teacher (privileged),E,,,E,1
E_1_019,4.869747844310794e-15,Teacher (privileged),E,,,E,1
E_1_020,5.776645292229262e-21,Teacher (privileged),E,,,E,1
E_1_021,1.7389083269560117e-14,Teacher (privileged),E,,,E,1
E_1_022,4.959589160347556e-21,Teacher (privileged),E,,,E,1
E_1_023,5.049795692713133e-09,Teacher (privileged),E,,,E,1
E_1_024,3.164251451937233e-15,Teacher (privileged),E,,,E,1
E_1_025,1.3308674311488173e-16,Teacher (privileged),E,,,E,1
E_1_026,1.1757230071015353e-17,Teacher (privileged),E,,,E,1
E_1_027,1.0869203350945614e-13,Teacher (privileged),E,,,E,1
E_1_028,4.822799530295884e-19,Teacher (privileged),E,,,E,1
E_1_029,1.8741983033518643e-16,Teacher (privileged),E,,,E,1
E_1_030,6.995075074733847e-10,Teacher (privileged),E,,,E,1
E_1_031,3.2790222987078227e-16,Teacher (privileged),E,,,E,1
E_1_032,2.908847216524897e-22,Teacher (privileged),E,,,E,1
E_1_033,6.25894308618757e-22,Teacher (privileged),E,,,E,1
E_1_034,1.0065330513508997e-11,Teacher (privileged),E,,,E,1
E_1_035,7.855770011618566e-16,Teacher (privileged),E,,,E,1
E_1_036,6.312372289461569e-20,Teacher (privileged),E,,,E,1
E_1_037,5.561346092314978e-21,Teacher (privileged),E,,,E,1
E_1_038,3.0388547886015752e-15,Teacher (privileged),E,,,E,1
E_1_039,6.972184289905075e-23,Teacher (privileged),E,,,E,1
E_1_040,8.474538077026794e-22,Teacher (privileged),E,,,E,1
E_1_041,1.1688853667220494e-17,Teacher (privileged),E,,,E,1
E_1_042,2.263975634892528e-17,Teacher (privileged),E,,,E,1
E_1_043,2.0359826021290606e-13,Teacher (privileged),E,,,E,1
E_1_044,3.5820226450787584e-13,Teacher (privileged),E,,,E,1
E_1_045,7.800521625889414e-17,Teacher (privileged),E,,,E,1
E_1_046,4.69113248247055e-10,Teacher (privileged),E,,,E,1
E_1_047,4.6250893739885335e-12,Teacher (privileged),E,,,E,1
E_1_048,2.445909067392226e-15,Teacher (privileged),E,,,E,1
E_1_049,1.1079069974921663e-18,Teacher (privileged),E,,,E,1
E_1_050,7.592764351838833e-21,Teacher (privileged),E,,,E,1
E_1_051,6.260651296547436e-18,Teacher (privileged),E,,,E,1
E_1_052,3.035037078345812e-19,Teacher (privileged),E,,,E,1
E_1_053,2.585533426489843e-23,Teacher (privileged),E,,,E,1
E_1_054,1.0411077307943834e-26,Teacher (privileged),E,,,E,1
E_1_055,2.788608753634403e-12,Teacher (privileged),E,,,E,1
E_1_056,3.717508343260151e-14,Teacher (privileged),E,,,E,1
E_1_057,2.327499896475824e-16,Teacher (privileged),E,,,E,1
E_1_058,3.3873400220746233e-19,Teacher (privileged),E,,,E,1
E_1_059,9.379556872740635e-16,Teacher (privileged),E,,,E,1
E_1_060,5.205376391089075e-16,Teacher (privileged),E,,,E,1
E_1_061,1.4324903821865927e-20,Teacher (privileged),E,,,E,1
E_1_062,8.847625052304381e-15,Teacher (privileged),E,,,E,1
E_1_063,6.668984483572393e-13,Teacher (privileged),E,,,E,1
E_1_064,6.661381425840588e-17,Teacher (privileged),E,,,E,1
E_1_065,3.7262591834923267e-19,Teacher (privileged),E,,,E,1
E_1_066,1.1081352993412309e-18,Teacher (privileged),E,,,E,1
E_1_067,1.3117432221817444e-18,Teacher (privileged),E,,,E,1
E_1_068,1.3199041861051926e-19,Teacher (privileged),E,,,E,1
E_1_069,2.467720250365346e-09,Teacher (privileged),E,,,E,1
E_1_070,6.983230866933066e-23,Teacher (privileged),E,,,E,1
E_1_071,1.8284280339786463e-11,Teacher (privileged),E,,,E,1
E_1_072,1.8273649849437547e-22,Teacher (privileged),E,,,E,1
E_1_073,8.734940977078471e-16,Teacher (privileged),E,,,E,1
E_1_074,4.7840296783831e-18,Teacher (privileged),E,,,E,1
E_1_075,2.3408759475724173e-22,Teacher (privileged),E,,,E,1
E_1_076,1.745532675174956e-16,Teacher (privileged),E,,,E,1
E_1_077,2.235346375232053e-14,Teacher (privileged),E,,,E,1
E_1_078,2.6318451871713985e-16,Teacher (privileged),E,,,E,1
E_1_079,1.477145210567385e-20,Teacher (privileged),E,,,E,1
E_1_080,5.4488095432262024e-21,Teacher (privileged),E,,,E,1
E_1_081,1.3976650573470416e-18,Teacher (privileged),E,,,E,1
E_1_082,6.805763618004902e-16,Teacher (privileged),E,,,E,1
E_1_083,1.5858734497135228e-16,Teacher (privileged),E,,,E,1
E_1_084,5.413579140932101e-17,Teacher (privileged),E,,,E,1
E_1_085,1.0876578134004469e-22,Teacher (privileged),E,,,E,1
E_1_086,1.3443516405511735e-26,Teacher (privileged),E,,,E,1
E_1_087,2.742481372206007e-12,Teacher (privileged),E,,,E,1
E_0_000,1.8791779296054578e-19,Teacher (privileged),E,,,E,0
E_0_001,6.156357788844025e-31,Teacher (privileged),E,,,E,0
E_0_002,1.800908301134653e-15,Teacher (privileged),E,,,E,0
E_0_003,2.5466202723516925e-18,Teacher (privileged),E,,,E,0
E_0_004,7.448121302653862e-14,Teacher (privileged),E,,,E,0
E_0_005,1.2977164071107788e-20,Teacher (privileged),E,,,E,0
E_0_006,2.0966910499464753e-11,Teacher (privileged),E,,,E,0
E_0_007,4.814941470007691e-30,Teacher (privileged),E,,,E,0
E_0_008,1.9923974630369065e-15,Teacher (privileged),E,,,E,0
E_0_009,2.262612672853612e-16,Teacher (privileged),E,,,E,0
E_0_010,1.691465900407224e-17,Teacher (privileged),E,,,E,0
E_0_011,1.645996748902525e-19,Teacher (privileged),E,,,E,0
E_0_012,2.4129018411298073e-20,Teacher (privileged),E,,,E,0
E_0_013,3.5397916422649234e-24,Teacher (privileged),E,,,E,0
E_0_014,1.952956262239988e-18,Teacher (privileged),E,,,E,0
E_0_015,8.175714208131217e-18,Teacher (privileged),E,,,E,0
E_0_016,2.391819362097187e-24,Teacher (privileged),E,,,E,0
E_0_017,7.959739811713717e-11,Teacher (privileged),E,,,E,0
E_0_018,9.196736457778819e-16,Teacher (privileged),E,,,E,0
E_0_019,9.911952508767641e-11,Teacher (privileged),E,,,E,0
E_0_020,5.876829979745787e-18,Teacher (privileged),E,,,E,0
E_0_021,2.156612397381264e-24,Teacher (privileged),E,,,E,0
E_0_022,8.183780936992305e-14,Teacher (privileged),E,,,E,0
E_0_023,5.40486843277355e-18,Teacher (privileged),E,,,E,0
E_0_024,5.6354379974874996e-18,Teacher (privileged),E,,,E,0
E_0_025,2.842981172406097e-15,Teacher (privileged),E,,,E,0
E_0_026,5.41156775562992e-20,Teacher (privileged),E,,,E,0
E_0_027,5.680194336439089e-20,Teacher (privileged),E,,,E,0
E_0_028,2.1396978633347885e-10,Teacher (privileged),E,,,E,0
E_0_029,2.865337162894922e-20,Teacher (privileged),E,,,E,0
E_0_030,2.9926517750719235e-17,Teacher (privileged),E,,,E,0
E_0_031,6.831597538344421e-22,Teacher (privileged),E,,,E,0
E_0_032,1.537549956312162e-24,Teacher (privileged),E,,,E,0
E_0_033,1.0828959550366097e-16,Teacher (privileged),E,,,E,0
E_0_034,4.057042117184391e-25,Teacher (privileged),E,,,E,0
E_0_035,4.29636034962587e-21,Teacher (privileged),E,,,E,0
E_0_036,1.828335524428279e-13,Teacher (privileged),E,,,E,0
E_0_037,2.1636942541629226e-21,Teacher (privileged),E,,,E,0
E_0_038,5.665100008024615e-13,Teacher (privileged),E,,,E,0
E_0_039,2.4852959141510937e-17,Teacher (privileged),E,,,E,0
E_0_040,1.6138411624146859e-18,Teacher (privileged),E,,,E,0
E_0_041,3.227138060963701e-24,Teacher (privileged),E,,,E,0
E_0_042,1.23569305273707e-22,Teacher (privileged),E,,,E,0
E_0_043,1.9269039588355213e-22,Teacher (privileged),E,,,E,0
E_0_044,1.5066394202587342e-15,Teacher (privileged),E,,,E,0
E_0_045,1.3012835167053316e-12,Teacher (privileged),E,,,E,0
E_0_046,6.198989531173029e-23,Teacher (privileged),E,,,E,0
E_0_047,2.975077164905377e-17,Teacher (privileged),E,,,E,0
E_0_048,2.7564445608931186e-17,Teacher (privileged),E,,,E,0
E_0_049,1.939217449814512e-12,Teacher (privileged),E,,,E,0
E_2_000,0.8789995908737183,V0 Direct (single-scale),E,0.6847214698791504,2.0,E,2
E_2_001,0.9999984502792358,V0 Direct (single-scale),E,0.9999996423721313,2.0,E,2
E_2_002,0.99945467710495,V0 Direct (single-scale),E,0.9988706707954407,2.0,E,2
E_2_003,2.698826210689731e-05,V0 Direct (single-scale),E,0.0005875507486052811,0.0,E,2
E_2_004,1.0,V0 Direct (single-scale),E,1.0,2.0,E,2
E_2_005,0.0001817228039726615,V0 Direct (single-scale),E,0.00033394640195183456,0.0,E,2
E_2_006,0.749798059463501,V0 Direct (single-scale),E,0.5417768955230713,2.0,E,2
E_2_007,0.7594024538993835,V0 Direct (single-scale),E,0.5651154518127441,2.0,E,2
E_2_008,0.988892138004303,V0 Direct (single-scale),E,0.979193389415741,2.0,E,2
E_2_009,0.9992853999137878,V0 Direct (single-scale),E,0.9997212290763855,2.0,E,2
E_2_010,0.999870777130127,V0 Direct (single-scale),E,0.999951958656311,2.0,E,2
E_2_011,0.00023471830354537815,V0 Direct (single-scale),E,0.0008557867258787155,0.0,E,2
E_2_012,0.994579553604126,V0 Direct (single-scale),E,0.9996753931045532,2.0,E,2
E_2_013,0.9854873418807983,V0 Direct (single-scale),E,0.9488995671272278,2.0,E,2
E_2_014,0.9603431820869446,V0 Direct (single-scale),E,0.9997984766960144,2.0,E,2
E_2_015,0.8053498864173889,V0 Direct (single-scale),E,0.765814483165741,2.0,E,2
E_2_016,0.06571591645479202,V0 Direct (single-scale),E,0.005272804293781519,0.0,E,2
E_2_017,0.9951485991477966,V0 Direct (single-scale),E,0.9906394481658936,2.0,E,2
E_2_018,0.7951270341873169,V0 Direct (single-scale),E,0.01939830183982849,1.0,E,2
E_2_019,0.19302961230278015,V0 Direct (single-scale),E,0.0020783287473022938,1.0,E,2
E_2_020,0.015988854691386223,V0 Direct (single-scale),E,0.04746048524975777,0.0,E,2
E_2_021,2.975710594910197e-05,V0 Direct (single-scale),E,9.562158811604604e-05,0.0,E,2
E_2_022,0.07071653753519058,V0 Direct (single-scale),E,0.0017793524311855435,0.0,E,2
E_2_023,1.0,V0 Direct (single-scale),E,1.0,2.0,E,2
E_2_024,0.9999616146087646,V0 Direct (single-scale),E,0.9999948740005493,2.0,E,2
E_2_025,0.8786976337432861,V0 Direct (single-scale),E,0.9826279282569885,2.0,E,2
E_2_026,0.9974210262298584,V0 Direct (single-scale),E,0.8603105545043945,2.0,E,2
E_2_027,0.9997217059135437,V0 Direct (single-scale),E,0.9994875192642212,2.0,E,2
E_2_028,0.6128089427947998,V0 Direct (single-scale),E,0.5781121850013733,2.0,E,2
E_2_029,0.9998650550842285,V0 Direct (single-scale),E,0.9997716546058655,2.0,E,2
E_2_030,0.9999996423721313,V0 Direct (single-scale),E,0.9999998807907104,2.0,E,2
E_2_031,0.9210197329521179,V0 Direct (single-scale),E,0.9347748756408691,2.0,E,2
E_2_032,0.6892602443695068,V0 Direct (single-scale),E,0.0471063107252121,1.0,E,2
E_2_033,0.014747336506843567,V0 Direct (single-scale),E,0.0016270014457404613,0.0,E,2
E_2_034,0.9990090131759644,V0 Direct (single-scale),E,0.9998045563697815,2.0,E,2
E_2_035,0.9999417066574097,V0 Direct (single-scale),E,0.9999444484710693,2.0,E,2
E_2_036,0.9985284805297852,V0 Direct (single-scale),E,0.9997910857200623,2.0,E,2
E_2_037,0.9873654842376709,V0 Direct (single-scale),E,0.9936026930809021,2.0,E,2
E_2_038,5.573506066391953e-13,V0 Direct (single-scale),E,8.710966843683554e-12,0.0,E,2
E_2_039,5.195513494982151e-07,V0 Direct (single-scale),E,8.001022251846734e-06,0.0,E,2
E_2_040,0.0008268117089755833,V0 Direct (single-scale),E,0.0004443387151695788,0.0,E,2
E_2_041,0.08475752174854279,V0 Direct (single-scale),E,0.28413090109825134,0.0,E,2
E_2_042,0.004171149339526892,V0 Direct (single-scale),E,0.0020093515049666166,0.0,E,2
E_2_043,3.356145114423448e-14,V0 Direct (single-scale),E,7.262393811324763e-12,0.0,E,2
E_2_044,0.9972327351570129,V0 Direct (single-scale),E,0.9987956285476685,2.0,E,2
E_2_045,0.9923099279403687,V0 Direct (single-scale),E,0.9989449381828308,2.0,E,2
E_2_046,0.13670983910560608,V0 Direct (single-scale),E,0.00010184715210925788,1.0,E,2
E_2_047,0.9595213532447815,V0 Direct (single-scale),E,0.984338104724884,2.0,E,2
E_2_048,0.1272546797990799,V0 Direct (single-scale),E,0.006420191843062639,1.0,E,2
E_2_049,0.9953182339668274,V0 Direct (single-scale),E,0.9989938139915466,2.0,E,2
E_2_050,0.9993972778320312,V0 Direct (single-scale),E,0.9996680021286011,2.0,E,2
E_2_051,3.281307101588027e-07,V0 Direct (single-scale),E,4.3602602772807586e-07,0.0,E,2
E_2_052,0.8991180658340454,V0 Direct (single-scale),E,0.6375542283058167,2.0,E,2
E_2_053,0.2525133192539215,V0 Direct (single-scale),E,0.043500810861587524,1.0,E,2
E_2_054,0.39873233437538147,V0 Direct (single-scale),E,0.11354676634073257,0.0,E,2
E_2_055,1.0,V0 Direct (single-scale),E,1.0,2.0,E,2
E_2_056,0.994481086730957,V0 Direct (single-scale),E,0.9031997919082642,2.0,E,2
E_2_057,0.5463150143623352,V0 Direct (single-scale),E,0.6609091758728027,2.0,E,2
E_2_058,0.0001808326196623966,V0 Direct (single-scale),E,2.617518293845933e-05,0.0,E,2
E_2_059,0.9997199177742004,V0 Direct (single-scale),E,0.9999376535415649,2.0,E,2
E_2_060,0.021242713555693626,V0 Direct (single-scale),E,0.013176757842302322,0.0,E,2
E_2_061,0.0007170867756940424,V0 Direct (single-scale),E,0.0007032327703200281,0.0,E,2
E_2_062,0.9999551773071289,V0 Direct (single-scale),E,0.9999570846557617,2.0,E,2
E_2_063,0.9987717270851135,V0 Direct (single-scale),E,0.9946610331535339,2.0,E,2
E_2_064,0.9995384216308594,V0 Direct (single-scale),E,0.9981649518013,2.0,E,2
E_2_065,0.020298292860388756,V0 Direct (single-scale),E,0.00015967847139108926,1.0,E,2
E_2_066,0.6205678582191467,V0 Direct (single-scale),E,0.22416052222251892,1.0,E,2
E_2_067,0.9999985694885254,V0 Direct (single-scale),E,0.9999998807907104,2.0,E,2
E_2_068,0.9999997615814209,V0 Direct (single-scale),E,1.0,2.0,E,2
E_2_069,0.9736801385879517,V0 Direct (single-scale),E,0.9174298644065857,2.0,E,2
E_2_070,4.896434924184234e-10,V0 Direct (single-scale),E,8.506587101386742e-10,0.0,E,2
E_1_000,0.9995974898338318,V0 Direct (single-scale),E,0.9217314720153809,2.0,E,1
E_1_001,0.8973879218101501,V0 Direct (single-scale),E,0.0499909408390522,1.0,E,1
E_1_002,0.9998621940612793,V0 Direct (single-scale),E,0.9999631643295288,2.0,E,1
E_1_003,0.8861619234085083,V0 Direct (single-scale),E,0.0103309853002429,1.0,E,1
E_1_004,0.41849803924560547,V0 Direct (single-scale),E,0.0033183074556291103,1.0,E,1
E_1_005,0.4794895350933075,V0 Direct (single-scale),E,1.2603183677128982e-05,1.0,E,1
E_1_006,0.6484192609786987,V0 Direct (single-scale),E,1.1242564657010234e-09,1.0,E,1
E_1_007,0.8867523670196533,V0 Direct (single-scale),E,0.010283218696713448,1.0,E,1
E_1_008,0.5300485491752625,V0 Direct (single-scale),E,1.0738439414126333e-05,1.0,E,1
E_1_009,0.0004613280761986971,V0 Direct (single-scale),E,7.296629974007374e-06,1.0,E,1
E_1_010,0.22543445229530334,V0 Direct (single-scale),E,0.23844344913959503,1.0,E,1
E_1_011,0.16104234755039215,V0 Direct (single-scale),E,6.475096597569063e-05,1.0,E,1
E_1_012,0.5701184868812561,V0 Direct (single-scale),E,9.751576726557687e-05,1.0,E,1
E_1_013,1.498680290978882e-07,V0 Direct (single-scale),E,2.24020681116599e-07,0.0,E,1
E_1_014,0.14807553589344025,V0 Direct (single-scale),E,6.115840278653195e-06,1.0,E,1
E_1_015,1.222562884262146e-10,V0 Direct (single-scale),E,6.741757374584267e-09,0.0,E,1
E_1_016,0.9999289512634277,V0 Direct (single-scale),E,0.9999544620513916,2.0,E,1
E_1_017,0.11131756007671356,V0 Direct (single-scale),E,2.3848760974942707e-05,1.0,E,1
E_1_018,0.027239644899964333,V0 Direct (single-scale),E,6.734010639775079e-06,1.0,E,1
E_1_019,0.7395631074905396,V0 Direct (single-scale),E,2.993507223436609e-05,1.0,E,1
E_1_020,0.5374233722686768,V0 Direct (single-scale),E,0.013674292713403702,1.0,E,1
E_1_021,4.988550062989816e-05,V0 Direct (single-scale),E,3.242690581828356e-06,0.0,E,1
E_1_022,0.0001699793356237933,V0 Direct (single-scale),E,0.00017819248023442924,0.0,E,1
E_1_023,0.7277262210845947,V0 Direct (single-scale),E,2.8736687340824574e-07,1.0,E,1
E_1_024,0.2793472111225128,V0 Direct (single-scale),E,4.1589433408262266e-07,1.0,E,1
E_1_025,0.07332226634025574,V0 Direct (single-scale),E,0.0011147758923470974,1.0,E,1
E_1_026,0.0028393405955284834,V0 Direct (single-scale),E,0.00019174502813257277,0.0,E,1
E_1_027,0.3435935378074646,V0 Direct (single-scale),E,2.6653981421986828e-06,1.0,E,1
E_1_028,0.39545178413391113,V0 Direct (single-scale),E,6.1358786974941015e-12,1.0,E,1
E_1_029,0.9999758005142212,V0 Direct (single-scale),E,0.9968155026435852,2.0,E,1
E_1_030,0.7130718231201172,V0 Direct (single-scale),E,7.23729442597687e-07,1.0,E,1
E_1_031,0.2578412592411041,V0 Direct (single-scale),E,0.46583425998687744,2.0,E,1
E_1_032,3.516159040373168e-06,V0 Direct (single-scale),E,8.41583914734656e-06,0.0,E,1
E_1_033,0.654854416847229,V0 Direct (single-scale),E,3.2273489978251746e-06,1.0,E,1
E_1_034,3.135245060548186e-05,V0 Direct (single-scale),E,0.0004178349336143583,0.0,E,1
E_1_035,0.08799250423908234,V0 Direct (single-scale),E,8.744379664804569e-10,1.0,E,1
E_1_036,0.007242531981319189,V0 Direct (single-scale),E,0.003991234116256237,0.0,E,1
E_1_037,0.9993708729743958,V0 Direct (single-scale),E,0.4073626399040222,1.0,E,1
E_1_038,0.06651445478200912,V0 Direct (single-scale),E,0.0030397071968764067,1.0,E,1
E_1_039,0.8920183181762695,V0 Direct (single-scale),E,0.034150272607803345,1.0,E,1
E_1_040,0.571958065032959,V0 Direct (single-scale),E,3.7862721455894643e-06,1.0,E,1
E_1_041,0.6137414574623108,V0 Direct (single-scale),E,0.0006869375356473029,1.0,E,1
E_1_042,0.5166751146316528,V0 Direct (single-scale),E,2.7454409519123146e-06,1.0,E,1
E_1_043,0.18981043994426727,V0 Direct (single-scale),E,0.4372093975543976,0.0,E,1
E_1_044,0.9078418016433716,V0 Direct (single-scale),E,0.6195768117904663,2.0,E,1
E_1_045,0.9999487400054932,V0 Direct (single-scale),E,0.9936813116073608,2.0,E,1
E_1_046,0.0002196044661104679,V0 Direct (single-scale),E,0.00010402822226751596,0.0,E,1
E_1_047,4.8549158236710355e-05,V0 Direct (single-scale),E,0.00213662744499743,0.0,E,1
E_1_048,0.4635458290576935,V0 Direct (single-scale),E,0.059922896325588226,1.0,E,1
E_1_049,0.28145551681518555,V0 Direct (single-scale),E,2.4376888632104965e-06,1.0,E,1
E_1_050,0.5654907822608948,V0 Direct (single-scale),E,0.022777708247303963,1.0,E,1
E_1_051,0.8592488169670105,V0 Direct (single-scale),E,0.524159848690033,2.0,E,1
E_1_052,0.9356516003608704,V0 Direct (single-scale),E,0.9277960062026978,2.0,E,1
E_1_053,0.03649156168103218,V0 Direct (single-scale),E,9.932364264386706e-09,1.0,E,1
E_1_054,0.06779515743255615,V0 Direct (single-scale),E,3.668437287274173e-08,1.0,E,1
E_1_055,0.7286659479141235,V0 Direct (single-scale),E,3.940243964439816e-11,1.0,E,1
E_1_056,0.9986116886138916,V0 Direct (single-scale),E,0.9990190267562866,2.0,E,1
E_1_057,0.5278847217559814,V0 Direct (single-scale),E,3.6223995266482234e-05,1.0,E,1
E_1_058,0.40612971782684326,V0 Direct (single-scale),E,0.38308125734329224,1.0,E,1
E_1_059,0.8194824457168579,V0 Direct (single-scale),E,0.00022948284458834678,1.0,E,1
E_1_060,0.9977514147758484,V0 Direct (single-scale),E,0.9846603274345398,2.0,E,1
E_1_061,3.0959461128077237e-07,V0 Direct (single-scale),E,6.449954526033252e-07,0.0,E,1
E_1_062,7.151531463023275e-05,V0 Direct (single-scale),E,1.5822229215700645e-06,0.0,E,1
E_1_063,0.6884559392929077,V0 Direct (single-scale),E,9.679047070676461e-05,1.0,E,1
E_1_064,0.9994747042655945,V0 Direct (single-scale),E,0.9984484910964966,2.0,E,1
E_1_065,0.630366861820221,V0 Direct (single-scale),E,3.303684570710175e-05,1.0,E,1
E_1_066,0.9657856225967407,V0 Direct (single-scale),E,0.7935283780097961,2.0,E,1
E_1_067,0.9802749752998352,V0 Direct (single-scale),E,0.8517042398452759,2.0,E,1
E_1_068,0.0021967210341244936,V0 Direct (single-scale),E,1.9067923858528957e-05,0.0,E,1
E_1_069,0.020795997232198715,V0 Direct (single-scale),E,0.009794856421649456,0.0,E,1
E_1_070,0.9764384627342224,V0 Direct (single-scale),E,0.9784433841705322,2.0,E,1
E_1_071,0.3974341154098511,V0 Direct (single-scale),E,9.702016967594318e-10,1.0,E,1
E_1_072,0.9971972703933716,V0 Direct (single-scale),E,0.8798243403434753,2.0,E,1
E_1_073,0.047693848609924316,V0 Direct (single-scale),E,3.376959156753401e-08,1.0,E,1
E_1_074,0.20243290066719055,V0 Direct (single-scale),E,0.0009091501124203205,1.0,E,1
E_1_075,0.2685350179672241,V0 Direct (single-scale),E,0.001090640900656581,1.0,E,1
E_1_076,0.13234929740428925,V0 Direct (single-scale),E,0.00037135733873583376,1.0,E,1
E_1_077,0.41056525707244873,V0 Direct (single-scale),E,5.952411811449565e-05,1.0,E,1
E_1_078,0.7357872128486633,V0 Direct (single-scale),E,0.0004423488862812519,1.0,E,1
E_1_079,1.1434233559981521e-09,V0 Direct (single-scale),E,5.9287224019044515e-09,0.0,E,1
E_1_080,0.6358098387718201,V0 Direct (single-scale),E,0.018077580258250237,1.0,E,1
E_1_081,0.9993089437484741,V0 Direct (single-scale),E,0.9999445676803589,2.0,E,1
E_1_082,0.8788666129112244,V0 Direct (single-scale),E,0.9951416254043579,2.0,E,1
E_1_083,0.0004393896961119026,V0 Direct (single-scale),E,4.771347812493332e-05,0.0,E,1
E_1_084,0.7768252491950989,V0 Direct (single-scale),E,0.0018468935741111636,1.0,E,1
E_1_085,0.6839141845703125,V0 Direct (single-scale),E,2.8209154123715052e-08,1.0,E,1
E_1_086,0.8196753263473511,V0 Direct (single-scale),E,0.0001402489433530718,1.0,E,1
E_1_087,0.47474148869514465,V0 Direct (single-scale),E,0.00013680971460416913,1.0,E,1
E_0_000,0.0365978442132473,V0 Direct (single-scale),E,0.012532337568700314,0.0,E,0
E_0_001,0.07731134444475174,V0 Direct (single-scale),E,0.0006110283429734409,1.0,E,0
E_0_002,0.0006025100592523813,V0 Direct (single-scale),E,0.0061365533620119095,0.0,E,0
E_0_003,4.498337449466939e-15,V0 Direct (single-scale),E,9.94216688143812e-12,0.0,E,0
E_0_004,0.99991774559021,V0 Direct (single-scale),E,0.9999470710754395,2.0,E,0
E_0_005,1.6889034615275023e-09,V0 Direct (single-scale),E,8.901381676196252e-08,0.0,E,0
E_0_006,0.9998127818107605,V0 Direct (single-scale),E,0.999808132648468,2.0,E,0
E_0_007,3.352099398057362e-08,V0 Direct (single-scale),E,3.131674475298496e-08,0.0,E,0
E_0_008,0.010426772758364677,V0 Direct (single-scale),E,0.02037176862359047,0.0,E,0
E_0_009,0.11755190044641495,V0 Direct (single-scale),E,0.0002214247069787234,1.0,E,0
E_0_010,1.0,V0 Direct (single-scale),E,1.0,2.0,E,0
E_0_011,3.894972451234935e-06,V0 Direct (single-scale),E,2.6804823392012622e-06,0.0,E,0
E_0_012,2.1441717763082124e-05,V0 Direct (single-scale),E,0.00016690640768501908,0.0,E,0
E_0_013,0.8601725101470947,V0 Direct (single-scale),E,0.014321494847536087,1.0,E,0
E_0_014,5.6757480659808124e-11,V0 Direct (single-scale),E,2.527691389531128e-09,0.0,E,0
E_0_015,0.9985520243644714,V0 Direct (single-scale),E,0.9990599751472473,2.0,E,0
E_0_016,3.606252796384268e-11,V0 Direct (single-scale),E,1.230999391310661e-08,0.0,E,0
E_0_017,0.013486452400684357,V0 Direct (single-scale),E,1.8143070690257446e-07,1.0,E,0
E_0_018,0.0002559310232754797,V0 Direct (single-scale),E,0.003208485897630453,0.0,E,0
E_0_019,1.888392997528854e-09,V0 Direct (single-scale),E,1.6696898086365763e-08,0.0,E,0
E_0_020,2.2929514190139777e-11,V0 Direct (single-scale),E,2.053337277985179e-09,0.0,E,0
E_0_021,0.06759409606456757,V0 Direct (single-scale),E,0.01887504570186138,0.0,E,0
E_0_022,1.1298698154860176e-06,V0 Direct (single-scale),E,3.416884283069521e-06,0.0,E,0
E_0_023,5.662084731739014e-06,V0 Direct (single-scale),E,8.601395529694855e-05,0.0,E,0
E_0_024,0.004849621560424566,V0 Direct (single-scale),E,0.0003068174992222339,0.0,E,0
E_0_025,0.9999940395355225,V0 Direct (single-scale),E,0.9999961853027344,2.0,E,0
E_0_026,8.074190797837007e-15,V0 Direct (single-scale),E,7.958612067981985e-12,0.0,E,0
E_0_027,5.885367136215791e-05,V0 Direct (single-scale),E,6.148085230961442e-05,0.0,E,0
E_0_028,4.2819719965336844e-06,V0 Direct (single-scale),E,5.271449026622577e-06,0.0,E,0
E_0_029,9.624922192585927e-09,V0 Direct (single-scale),E,2.2884029249325977e-07,0.0,E,0
E_0_030,0.9932166934013367,V0 Direct (single-scale),E,0.9347724914550781,2.0,E,0
E_0_031,0.7934548854827881,V0 Direct (single-scale),E,0.0007309364737011492,1.0,E,0
E_0_032,1.3768715234618867e-07,V0 Direct (single-scale),E,9.897725021801307e-07,0.0,E,0
E_0_033,0.03174162283539772,V0 Direct (single-scale),E,0.0436171218752861,0.0,E,0
E_0_034,0.0021382244303822517,V0 Direct (single-scale),E,0.133035346865654,0.0,E,0
E_0_035,0.9415661692619324,V0 Direct (single-scale),E,0.9715865254402161,2.0,E,0
E_0_036,0.8543137311935425,V0 Direct (single-scale),E,0.9876114726066589,2.0,E,0
E_0_037,4.206116788196823e-09,V0 Direct (single-scale),E,6.236855654151441e-08,0.0,E,0
E_0_038,0.160001739859581,V0 Direct (single-scale),E,0.04822462797164917,0.0,E,0
E_0_039,0.20360982418060303,V0 Direct (single-scale),E,0.737995445728302,2.0,E,0
E_0_040,8.758646572459838e-07,V0 Direct (single-scale),E,3.1624663279217202e-06,0.0,E,0
E_0_041,8.862024891698184e-09,V0 Direct (single-scale),E,9.103391818143791e-09,0.0,E,0
E_0_042,6.172917038638204e-11,V0 Direct (single-scale),E,3.2353906220805584e-09,0.0,E,0
E_0_043,0.8987375497817993,V0 Direct (single-scale),E,0.9869717955589294,2.0,E,0
E_0_044,3.648017445812002e-05,V0 Direct (single-scale),E,6.235868931980804e-05,0.0,E,0
E_0_045,1.0923563564801952e-07,V0 Direct (single-scale),E,2.14468855119776e-06,0.0,E,0
E_0_046,0.9993724226951599,V0 Direct (single-scale),E,0.9999196529388428,2.0,E,0
E_0_047,3.152579495235841e-07,V0 Direct (single-scale),E,2.2850865661894204e-06,0.0,E,0
E_0_048,0.00873619969934225,V0 Direct (single-scale),E,0.00011299447214696556,1.0,E,0
E_0_049,0.0645710825920105,V0 Direct (single-scale),E,0.0762370228767395,0.0,E,0
E_2_000,0.9999954700469971,V1 Student CE-only,E,0.9999954700469971,2.0,E,2
E_2_001,0.999994158744812,V1 Student CE-only,E,0.999994158744812,2.0,E,2
E_2_002,0.9999991655349731,V1 Student CE-only,E,0.9999991655349731,2.0,E,2
E_2_003,0.9999995231628418,V1 Student CE-only,E,0.9999995231628418,2.0,E,2
E_2_004,0.9999691247940063,V1 Student CE-only,E,0.9999691247940063,2.0,E,2
E_2_005,0.9997945427894592,V1 Student CE-only,E,0.9997945427894592,2.0,E,2
E_2_006,0.9999998807907104,V1 Student CE-only,E,0.9999998807907104,2.0,E,2
E_2_007,0.9999990463256836,V1 Student CE-only,E,0.9999990463256836,2.0,E,2
E_2_008,0.9999988079071045,V1 Student CE-only,E,0.9999988079071045,2.0,E,2
E_2_009,0.9999330043792725,V1 Student CE-only,E,0.9999330043792725,2.0,E,2
E_2_010,0.9888930916786194,V1 Student CE-only,E,0.9888930916786194,2.0,E,2
E_2_011,0.9999688863754272,V1 Student CE-only,E,0.9999688863754272,2.0,E,2
E_2_012,0.9999744892120361,V1 Student CE-only,E,0.9999744892120361,2.0,E,2
E_2_013,0.9999682903289795,V1 Student CE-only,E,0.9999682903289795,2.0,E,2
E_2_014,0.9999980926513672,V1 Student CE-only,E,0.9999980926513672,2.0,E,2
E_2_015,1.0,V1 Student CE-only,E,1.0,2.0,E,2
E_2_016,0.9999886751174927,V1 Student CE-only,E,0.9999886751174927,2.0,E,2
E_2_017,0.9999667406082153,V1 Student CE-only,E,0.9999667406082153,2.0,E,2
E_2_018,0.9999964237213135,V1 Student CE-only,E,0.9999964237213135,2.0,E,2
E_2_019,0.9999998807907104,V1 Student CE-only,E,0.9999998807907104,2.0,E,2
E_2_020,0.9999836683273315,V1 Student CE-only,E,0.9999836683273315,2.0,E,2
E_2_021,0.9998412132263184,V1 Student CE-only,E,0.9998412132263184,2.0,E,2
E_2_022,0.9999964237213135,V1 Student CE-only,E,0.9999964237213135,2.0,E,2
E_2_023,0.9999926090240479,V1 Student CE-only,E,0.9999926090240479,2.0,E,2
E_2_024,0.9999939203262329,V1 Student CE-only,E,0.9999939203262329,2.0,E,2
E_2_025,0.9999914169311523,V1 Student CE-only,E,0.9999914169311523,2.0,E,2
E_2_026,0.9999994039535522,V1 Student CE-only,E,0.9999994039535522,2.0,E,2
E_2_027,0.9999963045120239,V1 Student CE-only,E,0.9999963045120239,2.0,E,2
E_2_028,0.9999918937683105,V1 Student CE-only,E,0.9999918937683105,2.0,E,2
E_2_029,0.9998917579650879,V1 Student CE-only,E,0.9998917579650879,2.0,E,2
E_2_030,0.9999995231628418,V1 Student CE-only,E,0.9999995231628418,2.0,E,2
E_2_031,0.9999990463256836,V1 Student CE-only,E,0.9999990463256836,2.0,E,2
E_2_032,0.9998130202293396,V1 Student CE-only,E,0.9998130202293396,2.0,E,2
E_2_033,0.9999998807907104,V1 Student CE-only,E,0.9999998807907104,2.0,E,2
E_2_034,0.9999959468841553,V1 Student CE-only,E,0.9999959468841553,2.0,E,2
E_2_035,0.9999551773071289,V1 Student CE-only,E,0.9999551773071289,2.0,E,2
E_2_036,0.9999957084655762,V1 Student CE-only,E,0.9999957084655762,2.0,E,2
E_2_037,0.9999998807907104,V1 Student CE-only,E,0.9999998807907104,2.0,E,2
E_2_038,0.981572151184082,V1 Student CE-only,E,0.981572151184082,2.0,E,2
E_2_039,0.9998379945755005,V1 Student CE-only,E,0.9998379945755005,2.0,E,2
E_2_040,0.9999974966049194,V1 Student CE-only,E,0.9999974966049194,2.0,E,2
E_2_041,0.9862483143806458,V1 Student CE-only,E,0.9862483143806458,2.0,E,2
E_2_042,0.9998371601104736,V1 Student CE-only,E,0.9998371601104736,2.0,E,2
E_2_043,0.9998413324356079,V1 Student CE-only,E,0.9998413324356079,2.0,E,2
E_2_044,0.9999990463256836,V1 Student CE-only,E,0.9999990463256836,2.0,E,2
E_2_045,0.9999891519546509,V1 Student CE-only,E,0.9999891519546509,2.0,E,2
E_2_046,0.9999977350234985,V1 Student CE-only,E,0.9999977350234985,2.0,E,2
E_2_047,1.0,V1 Student CE-only,E,1.0,2.0,E,2
E_2_048,0.9992832541465759,V1 Student CE-only,E,0.9992832541465759,2.0,E,2
E_2_049,0.999998927116394,V1 Student CE-only,E,0.999998927116394,2.0,E,2
E_2_050,0.9999581575393677,V1 Student CE-only,E,0.9999581575393677,2.0,E,2
E_2_051,0.9999990463256836,V1 Student CE-only,E,0.9999990463256836,2.0,E,2
E_2_052,0.9998879432678223,V1 Student CE-only,E,0.9998879432678223,2.0,E,2
E_2_053,0.9999631643295288,V1 Student CE-only,E,0.9999631643295288,2.0,E,2
E_2_054,0.9999822378158569,V1 Student CE-only,E,0.9999822378158569,2.0,E,2
E_2_055,0.999994158744812,V1 Student CE-only,E,0.999994158744812,2.0,E,2
E_2_056,0.9996997117996216,V1 Student CE-only,E,0.9996997117996216,2.0,E,2
E_2_057,0.9999995231628418,V1 Student CE-only,E,0.9999995231628418,2.0,E,2
E_2_058,0.9999997615814209,V1 Student CE-only,E,0.9999997615814209,2.0,E,2
E_2_059,0.9997192025184631,V1 Student CE-only,E,0.9997192025184631,2.0,E,2
E_2_060,0.9907869696617126,V1 Student CE-only,E,0.9907869696617126,2.0,E,2
E_2_061,1.0,V1 Student CE-only,E,1.0,2.0,E,2
E_2_062,0.9999996423721313,V1 Student CE-only,E,0.9999996423721313,2.0,E,2
E_2_063,0.9999996423721313,V1 Student CE-only,E,0.9999996423721313,2.0,E,2
E_2_064,0.9999861717224121,V1 Student CE-only,E,0.9999861717224121,2.0,E,2
E_2_065,0.9978227615356445,V1 Student CE-only,E,0.9978227615356445,2.0,E,2
E_2_066,0.9998470544815063,V1 Student CE-only,E,0.9998470544815063,2.0,E,2
E_2_067,0.9996967315673828,V1 Student CE-only,E,0.9996967315673828,2.0,E,2
E_2_068,0.9999994039535522,V1 Student CE-only,E,0.9999994039535522,2.0,E,2
E_2_069,0.9999996423721313,V1 Student CE-only,E,0.9999996423721313,2.0,E,2
E_2_070,0.9999785423278809,V1 Student CE-only,E,0.9999785423278809,2.0,E,2
E_1_000,5.291299487453216e-08,V1 Student CE-only,E,5.291299487453216e-08,1.0,E,1
E_1_001,2.577716373686201e-10,V1 Student CE-only,E,2.577716373686201e-10,1.0,E,1
E_1_002,1.261702493593475e-07,V1 Student CE-only,E,1.261702493593475e-07,1.0,E,1
E_1_003,9.462253203196269e-09,V1 Student CE-only,E,9.462253203196269e-09,1.0,E,1
E_1_004,8.358725267498812e-08,V1 Student CE-only,E,8.358725267498812e-08,1.0,E,1
E_1_005,1.0003953915260766e-10,V1 Student CE-only,E,1.0003953915260766e-10,1.0,E,1
E_1_006,1.0761907809353488e-08,V1 Student CE-only,E,1.0761907809353488e-08,1.0,E,1
E_1_007,2.0945634560121107e-07,V1 Student CE-only,E,2.0945634560121107e-07,1.0,E,1
E_1_008,2.147449551515024e-09,V1 Student CE-only,E,2.147449551515024e-09,1.0,E,1
E_1_009,1.2019739870083868e-07,V1 Student CE-only,E,1.2019739870083868e-07,1.0,E,1
E_1_010,9.136630341188834e-11,V1 Student CE-only,E,9.136630341188834e-11,1.0,E,1
E_1_011,3.822580918466656e-09,V1 Student CE-only,E,3.822580918466656e-09,1.0,E,1
E_1_012,4.557036969998762e-09,V1 Student CE-only,E,4.557036969998762e-09,1.0,E,1
E_1_013,3.018812094524037e-06,V1 Student CE-only,E,3.018812094524037e-06,1.0,E,1
E_1_014,8.674112450535176e-08,V1 Student CE-only,E,8.674112450535176e-08,1.0,E,1
E_1_015,0.0004067708505317569,V1 Student CE-only,E,0.0004067708505317569,1.0,E,1
E_1_016,7.163183113334526e-07,V1 Student CE-only,E,7.163183113334526e-07,1.0,E,1
E_1_017,7.663921941514218e-09,V1 Student CE-only,E,7.663921941514218e-09,1.0,E,1
E_1_018,2.5480539986993955e-14,V1 Student CE-only,E,2.5480539986993955e-14,1.0,E,1
E_1_019,1.6809389435934463e-09,V1 Student CE-only,E,1.6809389435934463e-09,1.0,E,1
E_1_020,7.173703298057887e-10,V1 Student CE-only,E,7.173703298057887e-10,1.0,E,1
E_1_021,1.546053840506545e-09,V1 Student CE-only,E,1.546053840506545e-09,1.0,E,1
E_1_022,1.354987830382015e-06,V1 Student CE-only,E,1.354987830382015e-06,1.0,E,1
E_1_023,5.26135472966871e-08,V1 Student CE-only,E,5.26135472966871e-08,1.0,E,1
E_1_024,3.332459308502678e-11,V1 Student CE-only,E,3.332459308502678e-11,1.0,E,1
E_1_025,8.713895577328046e-11,V1 Student CE-only,E,8.713895577328046e-11,1.0,E,1
E_1_026,5.336263697586219e-08,V1 Student CE-only,E,5.336263697586219e-08,1.0,E,1
E_1_027,2.342075752087558e-12,V1 Student CE-only,E,2.342075752087558e-12,1.0,E,1
E_1_028,4.190728120079257e-08,V1 Student CE-only,E,4.190728120079257e-08,1.0,E,1
E_1_029,1.806794180936322e-08,V1 Student CE-only,E,1.806794180936322e-08,1.0,E,1
E_1_030,1.8647688948547625e-10,V1 Student CE-only,E,1.8647688948547625e-10,1.0,E,1
E_1_031,3.477015342312484e-10,V1 Student CE-only,E,3.477015342312484e-10,1.0,E,1
E_1_032,1.2431872198348515e-09,V1 Student CE-only,E,1.2431872198348515e-09,1.0,E,1
E_1_033,1.7651903760906862e-07,V1 Student CE-only,E,1.7651903760906862e-07,1.0,E,1
E_1_034,1.33480826391974e-09,V1 Student CE-only,E,1.33480826391974e-09,1.0,E,1
E_1_035,3.827915903090867e-13,V1 Student CE-only,E,3.827915903090867e-13,1.0,E,1
E_1_036,4.360952061688295e-06,V1 Student CE-only,E,4.360952061688295e-06,1.0,E,1
E_1_037,1.6636959587756905e-09,V1 Student CE-only,E,1.6636959587756905e-09,1.0,E,1
E_1_038,3.294797767949831e-11,V1 Student CE-only,E,3.294797767949831e-11,1.0,E,1
E_1_039,1.2968844886884767e-09,V1 Student CE-only,E,1.2968844886884767e-09,1.0,E,1
E_1_040,8.425672382017524e-10,V1 Student CE-only,E,8.425672382017524e-10,1.0,E,1
E_1_041,5.909413403060171e-09,V1 Student CE-only,E,5.909413403060171e-09,1.0,E,1
E_1_042,4.088512568865138e-13,V1 Student CE-only,E,4.088512568865138e-13,1.0,E,1
E_1_043,7.301498499145964e-07,V1 Student CE-only,E,7.301498499145964e-07,1.0,E,1
E_1_044,1.46940723477762e-11,V1 Student CE-only,E,1.46940723477762e-11,1.0,E,1
E_1_045,8.007530414033681e-05,V1 Student CE-only,E,8.007530414033681e-05,1.0,E,1
E_1_046,4.456417179721228e-10,V1 Student CE-only,E,4.456417179721228e-10,1.0,E,1
E_1_047,2.8280284780635156e-08,V1 Student CE-only,E,2.8280284780635156e-08,1.0,E,1
E_1_048,1.719528910371082e-07,V1 Student CE-only,E,1.719528910371082e-07,1.0,E,1
E_1_049,4.316688162475657e-08,V1 Student CE-only,E,4.316688162475657e-08,1.0,E,1
E_1_050,5.742927799978759e-10,V1 Student CE-only,E,5.742927799978759e-10,1.0,E,1
E_1_051,1.2160120022031151e-08,V1 Student CE-only,E,1.2160120022031151e-08,1.0,E,1
E_1_052,4.881243409471381e-09,V1 Student CE-only,E,4.881243409471381e-09,1.0,E,1
E_1_053,3.532098347136525e-08,V1 Student CE-only,E,3.532098347136525e-08,1.0,E,1
E_1_054,2.551682642959463e-09,V1 Student CE-only,E,2.551682642959463e-09,1.0,E,1
E_1_055,1.2616688943589693e-11,V1 Student CE-only,E,1.2616688943589693e-11,1.0,E,1
E_1_056,2.0402385558782044e-08,V1 Student CE-only,E,2.0402385558782044e-08,1.0,E,1
E_1_057,1.1629890828146472e-08,V1 Student CE-only,E,1.1629890828146472e-08,1.0,E,1
E_1_058,9.947455303915831e-09,V1 Student CE-only,E,9.947455303915831e-09,1.0,E,1
E_1_059,4.676179690861482e-13,V1 Student CE-only,E,4.676179690861482e-13,1.0,E,1
E_1_060,8.525321959496068e-08,V1 Student CE-only,E,8.525321959496068e-08,1.0,E,1
E_1_061,2.2325827853109104e-09,V1 Student CE-only,E,2.2325827853109104e-09,1.0,E,1
E_1_062,4.490763760855998e-09,V1 Student CE-only,E,4.490763760855998e-09,1.0,E,1
E_1_063,5.022243954044825e-09,V1 Student CE-only,E,5.022243954044825e-09,1.0,E,1
E_1_064,3.334437496960163e-05,V1 Student CE-only,E,3.334437496960163e-05,1.0,E,1
E_1_065,4.069905301662402e-08,V1 Student CE-only,E,4.069905301662402e-08,1.0,E,1
E_1_066,2.2315154637908563e-05,V1 Student CE-only,E,2.2315154637908563e-05,1.0,E,1
E_1_067,7.68262270867126e-06,V1 Student CE-only,E,7.68262270867126e-06,1.0,E,1
E_1_068,1.9301719476061407e-06,V1 Student CE-only,E,1.9301719476061407e-06,1.0,E,1
E_1_069,2.492589032954129e-07,V1 Student CE-only,E,2.492589032954129e-07,1.0,E,1
E_1_070,7.560998938060948e-09,V1 Student CE-only,E,7.560998938060948e-09,1.0,E,1
E_1_071,2.9131174983376695e-07,V1 Student CE-only,E,2.9131174983376695e-07,1.0,E,1
E_1_072,2.8783211925009766e-11,V1 Student CE-only,E,2.8783211925009766e-11,1.0,E,1
E_1_073,1.9119488214869307e-08,V1 Student CE-only,E,1.9119488214869307e-08,1.0,E,1
E_1_074,2.384182608283769e-11,V1 Student CE-only,E,2.384182608283769e-11,1.0,E,1
E_1_075,4.193564162591201e-09,V1 Student CE-only,E,4.193564162591201e-09,1.0,E,1
E_1_076,1.0721626364507131e-10,V1 Student CE-only,E,1.0721626364507131e-10,1.0,E,1
E_1_077,1.2406305316403632e-08,V1 Student CE-only,E,1.2406305316403632e-08,1.0,E,1
E_1_078,5.557153626156719e-10,V1 Student CE-only,E,5.557153626156719e-10,1.0,E,1
E_1_079,9.917678234216964e-09,V1 Student CE-only,E,9.917678234216964e-09,1.0,E,1
E_1_080,1.9038994381048724e-08,V1 Student CE-only,E,1.9038994381048724e-08,1.0,E,1
E_1_081,4.590508528856674e-11,V1 Student CE-only,E,4.590508528856674e-11,1.0,E,1
E_1_082,1.1782285014305671e-07,V1 Student CE-only,E,1.1782285014305671e-07,1.0,E,1
E_1_083,0.00017952239431906492,V1 Student CE-only,E,0.00017952239431906492,1.0,E,1
E_1_084,9.349633067756713e-09,V1 Student CE-only,E,9.349633067756713e-09,1.0,E,1
E_1_085,1.143913195278401e-07,V1 Student CE-only,E,1.143913195278401e-07,1.0,E,1
E_1_086,2.4339455451105607e-10,V1 Student CE-only,E,2.4339455451105607e-10,1.0,E,1
E_1_087,8.446821020413608e-09,V1 Student CE-only,E,8.446821020413608e-09,1.0,E,1
E_0_000,0.0029993641655892134,V1 Student CE-only,E,0.0029993641655892134,1.0,E,0
E_0_001,0.0688052847981453,V1 Student CE-only,E,0.0688052847981453,0.0,E,0
E_0_002,0.8645172715187073,V1 Student CE-only,E,0.8645172715187073,2.0,E,0
E_0_003,0.08056793361902237,V1 Student CE-only,E,0.08056793361902237,0.0,E,0
E_0_004,0.4241076409816742,V1 Student CE-only,E,0.4241076409816742,2.0,E,0
E_0_005,0.5147277116775513,V1 Student CE-only,E,0.5147277116775513,2.0,E,0
E_0_006,0.012350990436971188,V1 Student CE-only,E,0.012350990436971188,0.0,E,0
E_0_007,0.0068182251416146755,V1 Student CE-only,E,0.0068182251416146755,0.0,E,0
E_0_008,0.12338439375162125,V1 Student CE-only,E,0.12338439375162125,1.0,E,0
E_0_009,3.942233161069453e-05,V1 Student CE-only,E,3.942233161069453e-05,1.0,E,0
E_0_010,0.7958400249481201,V1 Student CE-only,E,0.7958400249481201,2.0,E,0
E_0_011,0.006979788653552532,V1 Student CE-only,E,0.006979788653552532,1.0,E,0
E_0_012,0.7734447121620178,V1 Student CE-only,E,0.7734447121620178,2.0,E,0
E_0_013,0.21440047025680542,V1 Student CE-only,E,0.21440047025680542,1.0,E,0
E_0_014,0.1071743369102478,V1 Student CE-only,E,0.1071743369102478,0.0,E,0
E_0_015,0.39011090993881226,V1 Student CE-only,E,0.39011090993881226,2.0,E,0
E_0_016,0.5337976813316345,V1 Student CE-only,E,0.5337976813316345,2.0,E,0
E_0_017,0.06337610632181168,V1 Student CE-only,E,0.06337610632181168,1.0,E,0
E_0_018,0.0021369841415435076,V1 Student CE-only,E,0.0021369841415435076,0.0,E,0
E_0_019,0.015278736129403114,V1 Student CE-only,E,0.015278736129403114,0.0,E,0
E_0_020,0.08117582648992538,V1 Student CE-only,E,0.08117582648992538,0.0,E,0
E_0_021,0.026403013616800308,V1 Student CE-only,E,0.026403013616800308,0.0,E,0
E_0_022,0.09943170845508575,V1 Student CE-only,E,0.09943170845508575,0.0,E,0
E_0_023,0.04295983538031578,V1 Student CE-only,E,0.04295983538031578,1.0,E,0
E_0_024,0.005393911153078079,V1 Student CE-only,E,0.005393911153078079,0.0,E,0
E_0_025,0.27116450667381287,V1 Student CE-only,E,0.27116450667381287,0.0,E,0
E_0_026,0.015642903745174408,V1 Student CE-only,E,0.015642903745174408,0.0,E,0
E_0_027,0.01857675053179264,V1 Student CE-only,E,0.01857675053179264,0.0,E,0
E_0_028,0.08896435052156448,V1 Student CE-only,E,0.08896435052156448,1.0,E,0
E_0_029,0.36447983980178833,V1 Student CE-only,E,0.36447983980178833,1.0,E,0
E_0_030,0.002682062331587076,V1 Student CE-only,E,0.002682062331587076,0.0,E,0
E_0_031,0.007864004001021385,V1 Student CE-only,E,0.007864004001021385,1.0,E,0
E_0_032,0.07137055695056915,V1 Student CE-only,E,0.07137055695056915,0.0,E,0
E_0_033,0.2659539580345154,V1 Student CE-only,E,0.2659539580345154,0.0,E,0
E_0_034,0.23949307203292847,V1 Student CE-only,E,0.23949307203292847,0.0,E,0
E_0_035,0.13133424520492554,V1 Student CE-only,E,0.13133424520492554,0.0,E,0
E_0_036,0.43171635270118713,V1 Student CE-only,E,0.43171635270118713,0.0,E,0
E_0_037,0.011088548228144646,V1 Student CE-only,E,0.011088548228144646,0.0,E,0
E_0_038,0.2380758821964264,V1 Student CE-only,E,0.2380758821964264,0.0,E,0
E_0_039,0.0649455338716507,V1 Student CE-only,E,0.0649455338716507,0.0,E,0
E_0_040,0.1036909744143486,V1 Student CE-only,E,0.1036909744143486,0.0,E,0
E_0_041,0.15895132720470428,V1 Student CE-only,E,0.15895132720470428,0.0,E,0
E_0_042,0.012890564277768135,V1 Student CE-only,E,0.012890564277768135,1.0,E,0
E_0_043,0.0333433672785759,V1 Student CE-only,E,0.0333433672785759,1.0,E,0
E_0_044,0.886340856552124,V1 Student CE-only,E,0.886340856552124,2.0,E,0
E_0_045,0.009950477629899979,V1 Student CE-only,E,0.009950477629899979,0.0,E,0
E_0_046,0.0006894487887620926,V1 Student CE-only,E,0.0006894487887620926,1.0,E,0
E_0_047,0.02566629834473133,V1 Student CE-only,E,0.02566629834473133,1.0,E,0
E_0_048,0.015149896033108234,V1 Student CE-only,E,0.015149896033108234,0.0,E,0
E_0_049,0.6162830591201782,V1 Student CE-only,E,0.6162830591201782,2.0,E,0
E_2_000,0.999829888343811,V2 +logit KD,E,0.999829888343811,2.0,E,2
E_2_001,0.9999525547027588,V2 +logit KD,E,0.9999525547027588,2.0,E,2
E_2_002,0.9999866485595703,V2 +logit KD,E,0.9999866485595703,2.0,E,2
E_2_003,0.9999896287918091,V2 +logit KD,E,0.9999896287918091,2.0,E,2
E_2_004,0.9999395608901978,V2 +logit KD,E,0.9999395608901978,2.0,E,2
E_2_005,0.9997531771659851,V2 +logit KD,E,0.9997531771659851,2.0,E,2
E_2_006,0.9999996423721313,V2 +logit KD,E,0.9999996423721313,2.0,E,2
E_2_007,0.9999865293502808,V2 +logit KD,E,0.9999865293502808,2.0,E,2
E_2_008,0.9999915361404419,V2 +logit KD,E,0.9999915361404419,2.0,E,2
E_2_009,0.999794065952301,V2 +logit KD,E,0.999794065952301,2.0,E,2
E_2_010,0.9943915009498596,V2 +logit KD,E,0.9943915009498596,2.0,E,2
E_2_011,0.9999454021453857,V2 +logit KD,E,0.9999454021453857,2.0,E,2
E_2_012,0.9997848868370056,V2 +logit KD,E,0.9997848868370056,2.0,E,2
E_2_013,0.9996030926704407,V2 +logit KD,E,0.9996030926704407,2.0,E,2
E_2_014,0.9999884366989136,V2 +logit KD,E,0.9999884366989136,2.0,E,2
E_2_015,0.9999998807907104,V2 +logit KD,E,0.9999998807907104,2.0,E,2
E_2_016,0.9999226331710815,V2 +logit KD,E,0.9999226331710815,2.0,E,2
E_2_017,0.9998396635055542,V2 +logit KD,E,0.9998396635055542,2.0,E,2
E_2_018,0.9999617338180542,V2 +logit KD,E,0.9999617338180542,2.0,E,2
E_2_019,0.9999992847442627,V2 +logit KD,E,0.9999992847442627,2.0,E,2
E_2_020,0.999944806098938,V2 +logit KD,E,0.999944806098938,2.0,E,2
E_2_021,0.999861478805542,V2 +logit KD,E,0.999861478805542,2.0,E,2
E_2_022,0.9998955726623535,V2 +logit KD,E,0.9998955726623535,2.0,E,2
E_2_023,0.9999270439147949,V2 +logit KD,E,0.9999270439147949,2.0,E,2
E_2_024,0.9999710321426392,V2 +logit KD,E,0.9999710321426392,2.0,E,2
E_2_025,0.9996984004974365,V2 +logit KD,E,0.9996984004974365,2.0,E,2
E_2_026,0.9999728202819824,V2 +logit KD,E,0.9999728202819824,2.0,E,2
E_2_027,0.9999556541442871,V2 +logit KD,E,0.9999556541442871,2.0,E,2
E_2_028,0.9999817609786987,V2 +logit KD,E,0.9999817609786987,2.0,E,2
E_2_029,0.9993951320648193,V2 +logit KD,E,0.9993951320648193,2.0,E,2
E_2_030,0.9999988079071045,V2 +logit KD,E,0.9999988079071045,2.0,E,2
E_2_031,0.999988317489624,V2 +logit KD,E,0.999988317489624,2.0,E,2
E_2_032,0.9938637018203735,V2 +logit KD,E,0.9938637018203735,2.0,E,2
E_2_033,0.9999957084655762,V2 +logit KD,E,0.9999957084655762,2.0,E,2
E_2_034,0.9999933242797852,V2 +logit KD,E,0.9999933242797852,2.0,E,2
E_2_035,0.9996582269668579,V2 +logit KD,E,0.9996582269668579,2.0,E,2
E_2_036,0.9999411106109619,V2 +logit KD,E,0.9999411106109619,2.0,E,2
E_2_037,0.9999996423721313,V2 +logit KD,E,0.9999996423721313,2.0,E,2
E_2_038,0.9981964230537415,V2 +logit KD,E,0.9981964230537415,2.0,E,2
E_2_039,0.9984155893325806,V2 +logit KD,E,0.9984155893325806,2.0,E,2
E_2_040,0.9999083280563354,V2 +logit KD,E,0.9999083280563354,2.0,E,2
E_2_041,0.9722809791564941,V2 +logit KD,E,0.9722809791564941,2.0,E,2
E_2_042,0.9998676776885986,V2 +logit KD,E,0.9998676776885986,2.0,E,2
E_2_043,0.9998607635498047,V2 +logit KD,E,0.9998607635498047,2.0,E,2
E_2_044,0.9999938011169434,V2 +logit KD,E,0.9999938011169434,2.0,E,2
E_2_045,0.9999244213104248,V2 +logit KD,E,0.9999244213104248,2.0,E,2
E_2_046,0.999971866607666,V2 +logit KD,E,0.999971866607666,2.0,E,2
E_2_047,0.9999998807907104,V2 +logit KD,E,0.9999998807907104,2.0,E,2
E_2_048,0.9980940222740173,V2 +logit KD,E,0.9980940222740173,2.0,E,2
E_2_049,0.9999912977218628,V2 +logit KD,E,0.9999912977218628,2.0,E,2
E_2_050,0.9997863173484802,V2 +logit KD,E,0.9997863173484802,2.0,E,2
E_2_051,0.9999756813049316,V2 +logit KD,E,0.9999756813049316,2.0,E,2
E_2_052,0.9959994554519653,V2 +logit KD,E,0.9959994554519653,2.0,E,2
E_2_053,0.9998533725738525,V2 +logit KD,E,0.9998533725738525,2.0,E,2
E_2_054,0.9999369382858276,V2 +logit KD,E,0.9999369382858276,2.0,E,2
E_2_055,0.999988317489624,V2 +logit KD,E,0.999988317489624,2.0,E,2
E_2_056,0.997470498085022,V2 +logit KD,E,0.997470498085022,2.0,E,2
E_2_057,0.9999991655349731,V2 +logit KD,E,0.9999991655349731,2.0,E,2
E_2_058,0.999997615814209,V2 +logit KD,E,0.999997615814209,2.0,E,2
E_2_059,0.993933379650116,V2 +logit KD,E,0.993933379650116,2.0,E,2
E_2_060,0.9949418902397156,V2 +logit KD,E,0.9949418902397156,2.0,E,2
E_2_061,0.9999997615814209,V2 +logit KD,E,0.9999997615814209,2.0,E,2
E_2_062,0.9999969005584717,V2 +logit KD,E,0.9999969005584717,2.0,E,2
E_2_063,0.9999969005584717,V2 +logit KD,E,0.9999969005584717,2.0,E,2
E_2_064,0.9999687671661377,V2 +logit KD,E,0.9999687671661377,2.0,E,2
E_2_065,0.9915345311164856,V2 +logit KD,E,0.9915345311164856,2.0,E,2
E_2_066,0.9713491201400757,V2 +logit KD,E,0.9713491201400757,2.0,E,2
E_2_067,0.9999217987060547,V2 +logit KD,E,0.9999217987060547,2.0,E,2
E_2_068,0.9999938011169434,V2 +logit KD,E,0.9999938011169434,2.0,E,2
E_2_069,0.9999966621398926,V2 +logit KD,E,0.9999966621398926,2.0,E,2
E_2_070,0.999946117401123,V2 +logit KD,E,0.999946117401123,2.0,E,2
E_1_000,3.13162786369503e-06,V2 +logit KD,E,3.13162786369503e-06,1.0,E,1
E_1_001,5.440395245415175e-09,V2 +logit KD,E,5.440395245415175e-09,1.0,E,1
E_1_002,2.315027131771785e-06,V2 +logit KD,E,2.315027131771785e-06,1.0,E,1
E_1_003,3.992462325186352e-07,V2 +logit KD,E,3.992462325186352e-07,1.0,E,1
E_1_004,1.2750329858590703e-07,V2 +logit KD,E,1.2750329858590703e-07,1.0,E,1
E_1_005,2.5395798797234193e-09,V2 +logit KD,E,2.5395798797234193e-09,1.0,E,1
E_1_006,4.5268198078929345e-09,V2 +logit KD,E,4.5268198078929345e-09,1.0,E,1
E_1_007,2.5157120830954227e-07,V2 +logit KD,E,2.5157120830954227e-07,1.0,E,1
E_1_008,9.062751660238177e-10,V2 +logit KD,E,9.062751660238177e-10,1.0,E,1
E_1_009,4.672408522310434e-07,V2 +logit KD,E,4.672408522310434e-07,1.0,E,1
E_1_010,1.093481527547624e-09,V2 +logit KD,E,1.093481527547624e-09,1.0,E,1
E_1_011,2.4981762436482313e-08,V2 +logit KD,E,2.4981762436482313e-08,1.0,E,1
E_1_012,4.082471960487055e-08,V2 +logit KD,E,4.082471960487055e-08,1.0,E,1
E_1_013,1.529080509499181e-05,V2 +logit KD,E,1.529080509499181e-05,1.0,E,1
E_1_014,3.169196531871421e-07,V2 +logit KD,E,3.169196531871421e-07,1.0,E,1
E_1_015,1.769881600921508e-05,V2 +logit KD,E,1.769881600921508e-05,1.0,E,1
E_1_016,4.051500127388863e-06,V2 +logit KD,E,4.051500127388863e-06,1.0,E,1
E_1_017,2.1693089546914734e-09,V2 +logit KD,E,2.1693089546914734e-09,1.0,E,1
E_1_018,6.819774345939722e-12,V2 +logit KD,E,6.819774345939722e-12,1.0,E,1
E_1_019,3.157498262851277e-09,V2 +logit KD,E,3.157498262851277e-09,1.0,E,1
E_1_020,2.7598277441143182e-08,V2 +logit KD,E,2.7598277441143182e-08,1.0,E,1
E_1_021,2.4990167712957145e-09,V2 +logit KD,E,2.4990167712957145e-09,1.0,E,1
E_1_022,7.935648227430647e-07,V2 +logit KD,E,7.935648227430647e-07,1.0,E,1
E_1_023,1.1709243153745774e-05,V2 +logit KD,E,1.1709243153745774e-05,1.0,E,1
E_1_024,8.21520274030263e-09,V2 +logit KD,E,8.21520274030263e-09,1.0,E,1
E_1_025,3.2392430404648564e-10,V2 +logit KD,E,3.2392430404648564e-10,1.0,E,1
E_1_026,6.14702230450348e-07,V2 +logit KD,E,6.14702230450348e-07,1.0,E,1
E_1_027,1.4794788658067937e-11,V2 +logit KD,E,1.4794788658067937e-11,1.0,E,1
E_1_028,5.309529704788929e-09,V2 +logit KD,E,5.309529704788929e-09,1.0,E,1
E_1_029,3.155775175400777e-06,V2 +logit KD,E,3.155775175400777e-06,1.0,E,1
E_1_030,6.535236934945843e-11,V2 +logit KD,E,6.535236934945843e-11,1.0,E,1
E_1_031,4.434183864532315e-08,V2 +logit KD,E,4.434183864532315e-08,1.0,E,1
E_1_032,1.409289485110321e-08,V2 +logit KD,E,1.409289485110321e-08,1.0,E,1
E_1_033,1.532730031783558e-08,V2 +logit KD,E,1.532730031783558e-08,1.0,E,1
E_1_034,3.3085112249864324e-07,V2 +logit KD,E,3.3085112249864324e-07,1.0,E,1
E_1_035,1.035004005243978e-12,V2 +logit KD,E,1.035004005243978e-12,1.0,E,1
E_1_036,2.9297615355972084e-07,V2 +logit KD,E,2.9297615355972084e-07,1.0,E,1
E_1_037,1.0047737220020281e-07,V2 +logit KD,E,1.0047737220020281e-07,1.0,E,1
E_1_038,5.414529713476668e-09,V2 +logit KD,E,5.414529713476668e-09,1.0,E,1
E_1_039,1.8180902339182126e-09,V2 +logit KD,E,1.8180902339182126e-09,1.0,E,1
E_1_040,3.742576915044538e-09,V2 +logit KD,E,3.742576915044538e-09,1.0,E,1
E_1_041,9.068111950227831e-08,V2 +logit KD,E,9.068111950227831e-08,1.0,E,1
E_1_042,8.599134425357757e-12,V2 +logit KD,E,8.599134425357757e-12,1.0,E,1
E_1_043,4.3850523070432246e-05,V2 +logit KD,E,4.3850523070432246e-05,1.0,E,1
E_1_044,7.07623570850302e-10,V2 +logit KD,E,7.07623570850302e-10,1.0,E,1
E_1_045,0.0006627619732171297,V2 +logit KD,E,0.0006627619732171297,1.0,E,1
E_1_046,8.416234464903027e-08,V2 +logit KD,E,8.416234464903027e-08,1.0,E,1
E_1_047,4.475904091805205e-08,V2 +logit KD,E,4.475904091805205e-08,1.0,E,1
E_1_048,6.215011126187164e-06,V2 +logit KD,E,6.215011126187164e-06,1.0,E,1
E_1_049,1.0614595424840445e-08,V2 +logit KD,E,1.0614595424840445e-08,1.0,E,1
E_1_050,8.677580876081947e-10,V2 +logit KD,E,8.677580876081947e-10,1.0,E,1
E_1_051,1.6038458170442027e-06,V2 +logit KD,E,1.6038458170442027e-06,1.0,E,1
E_1_052,5.941329916936411e-08,V2 +logit KD,E,5.941329916936411e-08,1.0,E,1
E_1_053,1.9673109363793628e-07,V2 +logit KD,E,1.9673109363793628e-07,1.0,E,1
E_1_054,3.493103051255275e-08,V2 +logit KD,E,3.493103051255275e-08,1.0,E,1
E_1_055,1.6770443367342125e-10,V2 +logit KD,E,1.6770443367342125e-10,1.0,E,1
E_1_056,8.752509828013899e-09,V2 +logit KD,E,8.752509828013899e-09,1.0,E,1
E_1_057,1.7780870109618263e-08,V2 +logit KD,E,1.7780870109618263e-08,1.0,E,1
E_1_058,6.60362360349609e-08,V2 +logit KD,E,6.60362360349609e-08,1.0,E,1
E_1_059,4.176421153356813e-10,V2 +logit KD,E,4.176421153356813e-10,1.0,E,1
E_1_060,6.869923367958108e-07,V2 +logit KD,E,6.869923367958108e-07,1.0,E,1
E_1_061,6.671774599453784e-08,V2 +logit KD,E,6.671774599453784e-08,1.0,E,1
E_1_062,2.5027571126656767e-08,V2 +logit KD,E,2.5027571126656767e-08,1.0,E,1
E_1_063,2.0104516806895845e-07,V2 +logit KD,E,2.0104516806895845e-07,1.0,E,1
E_1_064,0.00019924053049180657,V2 +logit KD,E,0.00019924053049180657,1.0,E,1
E_1_065,1.1915329878320335e-07,V2 +logit KD,E,1.1915329878320335e-07,1.0,E,1
E_1_066,0.0009621844510547817,V2 +logit KD,E,0.0009621844510547817,1.0,E,1
E_1_067,4.0772218198981136e-05,V2 +logit KD,E,4.0772218198981136e-05,1.0,E,1
E_1_068,1.588472628100135e-06,V2 +logit KD,E,1.588472628100135e-06,1.0,E,1
E_1_069,4.285130853531882e-05,V2 +logit KD,E,4.285130853531882e-05,1.0,E,1
E_1_070,5.907368461066653e-08,V2 +logit KD,E,5.907368461066653e-08,1.0,E,1
E_1_071,2.3931193027237896e-06,V2 +logit KD,E,2.3931193027237896e-06,1.0,E,1
E_1_072,2.564583823083666e-10,V2 +logit KD,E,2.564583823083666e-10,1.0,E,1
E_1_073,6.184614154136625e-09,V2 +logit KD,E,6.184614154136625e-09,1.0,E,1
E_1_074,2.7892216314384655e-10,V2 +logit KD,E,2.7892216314384655e-10,1.0,E,1
E_1_075,2.509432217578933e-09,V2 +logit KD,E,2.509432217578933e-09,1.0,E,1
E_1_076,9.290818808738166e-11,V2 +logit KD,E,9.290818808738166e-11,1.0,E,1
E_1_077,1.017125228486293e-08,V2 +logit KD,E,1.017125228486293e-08,1.0,E,1
E_1_078,2.066241222564713e-08,V2 +logit KD,E,2.066241222564713e-08,1.0,E,1
E_1_079,1.69966611451855e-07,V2 +logit KD,E,1.69966611451855e-07,1.0,E,1
E_1_080,1.902665900388456e-07,V2 +logit KD,E,1.902665900388456e-07,1.0,E,1
E_1_081,1.2546521155343271e-08,V2 +logit KD,E,1.2546521155343271e-08,1.0,E,1
E_1_082,1.210982816246542e-07,V2 +logit KD,E,1.210982816246542e-07,1.0,E,1
E_1_083,0.0005272154812701046,V2 +logit KD,E,0.0005272154812701046,1.0,E,1
E_1_084,4.603246228640501e-09,V2 +logit KD,E,4.603246228640501e-09,1.0,E,1
E_1_085,5.0427261157892644e-06,V2 +logit KD,E,5.0427261157892644e-06,1.0,E,1
E_1_086,5.911414469039755e-09,V2 +logit KD,E,5.911414469039755e-09,1.0,E,1
E_1_087,5.723841809412988e-07,V2 +logit KD,E,5.723841809412988e-07,1.0,E,1
E_0_000,0.023846322670578957,V2 +logit KD,E,0.023846322670578957,0.0,E,0
E_0_001,0.0038609649054706097,V2 +logit KD,E,0.0038609649054706097,1.0,E,0
E_0_002,0.902553915977478,V2 +logit KD,E,0.902553915977478,2.0,E,0
E_0_003,0.05945604294538498,V2 +logit KD,E,0.05945604294538498,0.0,E,0
E_0_004,0.17845532298088074,V2 +logit KD,E,0.17845532298088074,0.0,E,0
E_0_005,0.2281665951013565,V2 +logit KD,E,0.2281665951013565,0.0,E,0
E_0_006,0.025691552087664604,V2 +logit KD,E,0.025691552087664604,0.0,E,0
E_0_007,0.005184503737837076,V2 +logit KD,E,0.005184503737837076,0.0,E,0
E_0_008,0.2131432294845581,V2 +logit KD,E,0.2131432294845581,1.0,E,0
E_0_009,0.0023979987017810345,V2 +logit KD,E,0.0023979987017810345,1.0,E,0
E_0_010,0.5729784965515137,V2 +logit KD,E,0.5729784965515137,2.0,E,0
E_0_011,0.004187976010143757,V2 +logit KD,E,0.004187976010143757,1.0,E,0
E_0_012,0.14026594161987305,V2 +logit KD,E,0.14026594161987305,0.0,E,0
E_0_013,0.18253524601459503,V2 +logit KD,E,0.18253524601459503,0.0,E,0
E_0_014,0.28449684381484985,V2 +logit KD,E,0.28449684381484985,0.0,E,0
E_0_015,0.43448612093925476,V2 +logit KD,E,0.43448612093925476,0.0,E,0
E_0_016,0.7994714975357056,V2 +logit KD,E,0.7994714975357056,2.0,E,0
E_0_017,0.03899373859167099,V2 +logit KD,E,0.03899373859167099,1.0,E,0
E_0_018,0.06337495893239975,V2 +logit KD,E,0.06337495893239975,0.0,E,0
E_0_019,0.0145626962184906,V2 +logit KD,E,0.0145626962184906,0.0,E,0
E_0_020,0.021359797567129135,V2 +logit KD,E,0.021359797567129135,0.0,E,0
E_0_021,0.012921173125505447,V2 +logit KD,E,0.012921173125505447,0.0,E,0
E_0_022,0.037478260695934296,V2 +logit KD,E,0.037478260695934296,0.0,E,0
E_0_023,0.0742623507976532,V2 +logit KD,E,0.0742623507976532,0.0,E,0
E_0_024,0.00030853727366775274,V2 +logit KD,E,0.00030853727366775274,0.0,E,0
E_0_025,0.2611476480960846,V2 +logit KD,E,0.2611476480960846,0.0,E,0
E_0_026,0.02223997190594673,V2 +logit KD,E,0.02223997190594673,0.0,E,0
E_0_027,0.04479125142097473,V2 +logit KD,E,0.04479125142097473,0.0,E,0
E_0_028,0.0009259659564122558,V2 +logit KD,E,0.0009259659564122558,1.0,E,0
E_0_029,0.09960915148258209,V2 +logit KD,E,0.09960915148258209,1.0,E,0
E_0_030,0.0007359074079431593,V2 +logit KD,E,0.0007359074079431593,0.0,E,0
E_0_031,0.009721226058900356,V2 +logit KD,E,0.009721226058900356,1.0,E,0
E_0_032,0.335009902715683,V2 +logit KD,E,0.335009902715683,0.0,E,0
E_0_033,0.15580648183822632,V2 +logit KD,E,0.15580648183822632,0.0,E,0
E_0_034,0.24373912811279297,V2 +logit KD,E,0.24373912811279297,0.0,E,0
E_0_035,0.06612428277730942,V2 +logit KD,E,0.06612428277730942,0.0,E,0
E_0_036,0.18752141296863556,V2 +logit KD,E,0.18752141296863556,0.0,E,0
E_0_037,0.02703249268233776,V2 +logit KD,E,0.02703249268233776,0.0,E,0
E_0_038,0.4532819390296936,V2 +logit KD,E,0.4532819390296936,0.0,E,0
E_0_039,0.04715966060757637,V2 +logit KD,E,0.04715966060757637,0.0,E,0
E_0_040,0.03995105251669884,V2 +logit KD,E,0.03995105251669884,0.0,E,0
E_0_041,0.18719147145748138,V2 +logit KD,E,0.18719147145748138,0.0,E,0
E_0_042,0.00649776728823781,V2 +logit KD,E,0.00649776728823781,1.0,E,0
E_0_043,0.014071309007704258,V2 +logit KD,E,0.014071309007704258,0.0,E,0
E_0_044,0.9048206210136414,V2 +logit KD,E,0.9048206210136414,2.0,E,0
E_0_045,0.01819884590804577,V2 +logit KD,E,0.01819884590804577,0.0,E,0
E_0_046,0.0010120054939761758,V2 +logit KD,E,0.0010120054939761758,0.0,E,0
E_0_047,0.01683627814054489,V2 +logit KD,E,0.01683627814054489,0.0,E,0
E_0_048,0.016408829018473625,V2 +logit KD,E,0.016408829018473625,0.0,E,0
E_0_049,0.04795702546834946,V2 +logit KD,E,0.04795702546834946,1.0,E,0
E_2_000,0.9084587097167969,V3 +utility KD,E,0.9999998807907104,2.0,E,2
E_2_001,0.8676349520683289,V3 +utility KD,E,0.9999992847442627,2.0,E,2
E_2_002,0.9963078498840332,V3 +utility KD,E,1.0,2.0,E,2
E_2_003,0.9982105493545532,V3 +utility KD,E,1.0,2.0,E,2
E_2_004,0.9934290051460266,V3 +utility KD,E,1.0,2.0,E,2
E_2_005,0.9837613701820374,V3 +utility KD,E,0.9999998807907104,2.0,E,2
E_2_006,0.9987707734107971,V3 +utility KD,E,1.0,2.0,E,2
E_2_007,0.9744923114776611,V3 +utility KD,E,1.0,2.0,E,2
E_2_008,0.9826580882072449,V3 +utility KD,E,1.0,2.0,E,2
E_2_009,0.9796721339225769,V3 +utility KD,E,0.9999991655349731,2.0,E,2
E_2_010,0.9441854357719421,V3 +utility KD,E,0.999936580657959,2.0,E,2
E_2_011,0.9660047888755798,V3 +utility KD,E,1.0,2.0,E,2
E_2_012,0.9780681729316711,V3 +utility KD,E,1.0,2.0,E,2
E_2_013,0.9904290437698364,V3 +utility KD,E,0.9999997615814209,2.0,E,2
E_2_014,0.9974749684333801,V3 +utility KD,E,1.0,2.0,E,2
E_2_015,0.9983459711074829,V3 +utility KD,E,1.0,2.0,E,2
E_2_016,0.993645191192627,V3 +utility KD,E,1.0,2.0,E,2
E_2_017,0.9928677082061768,V3 +utility KD,E,1.0,2.0,E,2
E_2_018,0.9906390905380249,V3 +utility KD,E,1.0,2.0,E,2
E_2_019,0.9987668991088867,V3 +utility KD,E,1.0,2.0,E,2
E_2_020,0.9709455370903015,V3 +utility KD,E,0.9999998807907104,2.0,E,2
E_2_021,0.9783055186271667,V3 +utility KD,E,0.9999992847442627,2.0,E,2
E_2_022,0.9874557256698608,V3 +utility KD,E,1.0,2.0,E,2
E_2_023,0.940981924533844,V3 +utility KD,E,1.0,2.0,E,2
E_2_024,0.9959837198257446,V3 +utility KD,E,1.0,2.0,E,2
E_2_025,0.9572767019271851,V3 +utility KD,E,0.9999998807907104,2.0,E,2
E_2_026,0.9905149936676025,V3 +utility KD,E,1.0,2.0,E,2
E_2_027,0.9782570600509644,V3 +utility KD,E,1.0,2.0,E,2
E_2_028,0.9788917303085327,V3 +utility KD,E,1.0,2.0,E,2
E_2_029,0.8819789886474609,V3 +utility KD,E,0.9999997615814209,2.0,E,2
E_2_030,0.997204601764679,V3 +utility KD,E,1.0,2.0,E,2
E_2_031,0.9922559261322021,V3 +utility KD,E,1.0,2.0,E,2
E_2_032,0.9478986263275146,V3 +utility KD,E,0.999998927116394,2.0,E,2
E_2_033,0.999115526676178,V3 +utility KD,E,1.0,2.0,E,2
E_2_034,0.998618483543396,V3 +utility KD,E,1.0,2.0,E,2
E_2_035,0.963573157787323,V3 +utility KD,E,1.0,2.0,E,2
E_2_036,0.9923359751701355,V3 +utility KD,E,1.0,2.0,E,2
E_2_037,0.998513400554657,V3 +utility KD,E,1.0,2.0,E,2
E_2_038,0.9173173904418945,V3 +utility KD,E,0.9999923706054688,2.0,E,2
E_2_039,0.9826288223266602,V3 +utility KD,E,0.9999990463256836,2.0,E,2
E_2_040,0.9823921322822571,V3 +utility KD,E,1.0,2.0,E,2
E_2_041,0.8390544652938843,V3 +utility KD,E,0.9999151229858398,2.0,E,2
E_2_042,0.9799116253852844,V3 +utility KD,E,0.9999998807907104,2.0,E,2
E_2_043,0.9968768358230591,V3 +utility KD,E,1.0,2.0,E,2
E_2_044,0.9975445866584778,V3 +utility KD,E,1.0,2.0,E,2
E_2_045,0.9883638620376587,V3 +utility KD,E,1.0,2.0,E,2
E_2_046,0.989683985710144,V3 +utility KD,E,1.0,2.0,E,2
E_2_047,0.9960249662399292,V3 +utility KD,E,1.0,2.0,E,2
E_2_048,0.9328870177268982,V3 +utility KD,E,0.9999979734420776,2.0,E,2
E_2_049,0.9947419166564941,V3 +utility KD,E,1.0,2.0,E,2
E_2_050,0.9609934687614441,V3 +utility KD,E,1.0,2.0,E,2
E_2_051,0.9941161870956421,V3 +utility KD,E,1.0,2.0,E,2
E_2_052,0.8511444926261902,V3 +utility KD,E,0.9999996423721313,2.0,E,2
E_2_053,0.9848893880844116,V3 +utility KD,E,1.0,2.0,E,2
E_2_054,0.9946367144584656,V3 +utility KD,E,1.0,2.0,E,2
E_2_055,0.9923011064529419,V3 +utility KD,E,1.0,2.0,E,2
E_2_056,0.9550625681877136,V3 +utility KD,E,0.9999991655349731,2.0,E,2
E_2_057,0.9971209168434143,V3 +utility KD,E,1.0,2.0,E,2
E_2_058,0.997848629951477,V3 +utility KD,E,1.0,2.0,E,2
E_2_059,0.8642005324363708,V3 +utility KD,E,0.9999985694885254,2.0,E,2
E_2_060,0.9644561409950256,V3 +utility KD,E,0.9999793767929077,2.0,E,2
E_2_061,0.9995038509368896,V3 +utility KD,E,1.0,2.0,E,2
E_2_062,0.9950829744338989,V3 +utility KD,E,1.0,2.0,E,2
E_2_063,0.9964981079101562,V3 +utility KD,E,1.0,2.0,E,2
E_2_064,0.997403085231781,V3 +utility KD,E,1.0,2.0,E,2
E_2_065,0.9919357299804688,V3 +utility KD,E,0.9999967813491821,2.0,E,2
E_2_066,0.9887056946754456,V3 +utility KD,E,0.9999997615814209,2.0,E,2
E_2_067,0.9799355268478394,V3 +utility KD,E,1.0,2.0,E,2
E_2_068,0.9939226508140564,V3 +utility KD,E,1.0,2.0,E,2
E_2_069,0.9950189590454102,V3 +utility KD,E,1.0,2.0,E,2
E_2_070,0.9604952335357666,V3 +utility KD,E,1.0,2.0,E,2
E_1_000,0.0007198600796982646,V3 +utility KD,E,1.2990112736588344e-06,1.0,E,1
E_1_001,5.6541211961302906e-05,V3 +utility KD,E,9.90156512337137e-10,1.0,E,1
E_1_002,0.00047855472075752914,V3 +utility KD,E,2.005059407395038e-08,1.0,E,1
E_1_003,0.00010633574129315093,V3 +utility KD,E,6.4219709550172865e-09,1.0,E,1
E_1_004,2.3843518647481687e-05,V3 +utility KD,E,4.768687666967253e-10,1.0,E,1
E_1_005,4.859065666096285e-05,V3 +utility KD,E,8.915543858734054e-10,1.0,E,1
E_1_006,0.00019503729708958417,V3 +utility KD,E,1.4406093207242066e-08,1.0,E,1
E_1_007,0.00024866691092029214,V3 +utility KD,E,1.8663597245449637e-07,1.0,E,1
E_1_008,1.7907943401951343e-05,V3 +utility KD,E,8.19794787609851e-11,1.0,E,1
E_1_009,0.001075933687388897,V3 +utility KD,E,1.6182845286039083e-07,1.0,E,1
E_1_010,9.07781668502139e-06,V3 +utility KD,E,1.6976638844701242e-11,1.0,E,1
E_1_011,5.199176666792482e-05,V3 +utility KD,E,4.999144986861381e-10,1.0,E,1
E_1_012,3.381314309081063e-05,V3 +utility KD,E,1.6460992569022892e-09,1.0,E,1
E_1_013,0.0005525861051864922,V3 +utility KD,E,7.148719873839582e-07,1.0,E,1
E_1_014,0.0002288956893607974,V3 +utility KD,E,2.6850935697098066e-08,1.0,E,1
E_1_015,0.004465301055461168,V3 +utility KD,E,0.00012756614887621254,1.0,E,1
E_1_016,0.0007230805931612849,V3 +utility KD,E,3.0260753192123957e-07,1.0,E,1
E_1_017,7.509681017836556e-05,V3 +utility KD,E,1.5849417334123928e-09,1.0,E,1
E_1_018,8.714296768630447e-07,V3 +utility KD,E,5.0790416387643325e-14,1.0,E,1
E_1_019,3.8908063288545236e-05,V3 +utility KD,E,3.849227325769533e-10,1.0,E,1
E_1_020,2.7406927983975038e-05,V3 +utility KD,E,2.430090573213306e-10,1.0,E,1
E_1_021,3.09088354697451e-05,V3 +utility KD,E,1.893592921353715e-10,1.0,E,1
E_1_022,0.0006067331414669752,V3 +utility KD,E,7.16989120519429e-07,1.0,E,1
E_1_023,0.0003349146281834692,V3 +utility KD,E,3.3557313372512e-08,1.0,E,1
E_1_024,1.2532302207546309e-05,V3 +utility KD,E,8.745199009396742e-11,1.0,E,1
E_1_025,2.2912774511496536e-05,V3 +utility KD,E,1.7086568271373892e-11,1.0,E,1
E_1_026,0.0007261829450726509,V3 +utility KD,E,1.0077025081045576e-07,1.0,E,1
E_1_027,1.1458701010269579e-06,V3 +utility KD,E,1.2091108008479429e-13,1.0,E,1
E_1_028,0.00012713222531601787,V3 +utility KD,E,4.450098511910028e-09,1.0,E,1
E_1_029,0.00010452284914208576,V3 +utility KD,E,3.5087757144225407e-09,1.0,E,1
E_1_030,7.798756087140646e-06,V3 +utility KD,E,1.4621385699409295e-11,1.0,E,1
E_1_031,3.6940597055945545e-05,V3 +utility KD,E,7.635765908453607e-10,1.0,E,1
E_1_032,2.4320155716850422e-05,V3 +utility KD,E,5.423951565663998e-11,1.0,E,1
E_1_033,0.00032197049586102366,V3 +utility KD,E,7.977681626414324e-09,1.0,E,1
E_1_034,7.25150530342944e-05,V3 +utility KD,E,1.366690871584808e-09,1.0,E,1
E_1_035,6.361718192238186e-07,V3 +utility KD,E,3.280551828452327e-14,1.0,E,1
E_1_036,0.0036870872136205435,V3 +utility KD,E,2.0482277705013985e-06,1.0,E,1
E_1_037,0.000134789283038117,V3 +utility KD,E,4.690803745432959e-09,1.0,E,1
E_1_038,1.4171320799505338e-05,V3 +utility KD,E,7.885118773198752e-12,1.0,E,1
E_1_039,7.192724297055975e-05,V3 +utility KD,E,9.956604429817162e-09,1.0,E,1
E_1_040,1.6101177607197315e-05,V3 +utility KD,E,1.1605942595860341e-10,1.0,E,1
E_1_041,3.102012851741165e-05,V3 +utility KD,E,3.5987712809770755e-10,1.0,E,1
E_1_042,7.934019095046096e-07,V3 +utility KD,E,3.62624969114933e-14,1.0,E,1
E_1_043,0.0007983936229720712,V3 +utility KD,E,3.828411536233034e-06,1.0,E,1
E_1_044,5.566106210608268e-06,V3 +utility KD,E,8.235305666570714e-12,1.0,E,1
E_1_045,0.0040528555400669575,V3 +utility KD,E,2.506716555217281e-05,1.0,E,1
E_1_046,3.6891698982799426e-05,V3 +utility KD,E,2.7486843356960833e-10,1.0,E,1
E_1_047,0.00028884594212286174,V3 +utility KD,E,2.1205620370778888e-08,1.0,E,1
E_1_048,0.0002470092731527984,V3 +utility KD,E,2.538028809340176e-08,1.0,E,1
E_1_049,5.508160757017322e-05,V3 +utility KD,E,4.950694854066739e-10,1.0,E,1
E_1_050,1.4235253729566466e-05,V3 +utility KD,E,1.3482041871792916e-10,1.0,E,1
E_1_051,0.0002162448945455253,V3 +utility KD,E,5.196890473513349e-09,1.0,E,1
E_1_052,2.620900522742886e-05,V3 +utility KD,E,1.1437346902898327e-10,1.0,E,1
E_1_053,4.8055691877380013e-05,V3 +utility KD,E,2.3891064682146634e-09,1.0,E,1
E_1_054,0.00010682133142836392,V3 +utility KD,E,2.5564579342329807e-09,1.0,E,1
E_1_055,2.105387920892099e-06,V3 +utility KD,E,1.2356664086041191e-12,1.0,E,1
E_1_056,0.0006685327971354127,V3 +utility KD,E,1.5251900720159028e-07,1.0,E,1
E_1_057,0.00018146637012250721,V3 +utility KD,E,4.797476549356361e-08,1.0,E,1
E_1_058,0.0003047907957807183,V3 +utility KD,E,2.3506228075120816e-08,1.0,E,1
E_1_059,2.0264899376343237e-06,V3 +utility KD,E,1.9157978426321415e-13,1.0,E,1
E_1_060,6.140253390185535e-05,V3 +utility KD,E,1.3242885676945093e-09,1.0,E,1
E_1_061,0.00022622765391133726,V3 +utility KD,E,2.8497539883431955e-09,1.0,E,1
E_1_062,3.8860744098201394e-05,V3 +utility KD,E,4.761346872328431e-09,1.0,E,1
E_1_063,7.934410677989945e-05,V3 +utility KD,E,2.1089501256454923e-09,1.0,E,1
E_1_064,0.00526723638176918,V3 +utility KD,E,0.00026427817647345364,1.0,E,1
E_1_065,0.0005470554460771382,V3 +utility KD,E,5.908953326638766e-08,1.0,E,1
E_1_066,0.0039985342882573605,V3 +utility KD,E,2.2827774955658242e-05,1.0,E,1
E_1_067,0.002491067163646221,V3 +utility KD,E,4.884150712314295e-06,1.0,E,1
E_1_068,0.0007189908064901829,V3 +utility KD,E,2.825713067977631e-07,1.0,E,1
E_1_069,0.00032637352705933154,V3 +utility KD,E,5.463997965193812e-08,1.0,E,1
E_1_070,1.8519665900385007e-05,V3 +utility KD,E,2.0098070430130122e-10,1.0,E,1
E_1_071,0.000928655092138797,V3 +utility KD,E,2.1590852838926367e-07,1.0,E,1
E_1_072,9.738085282151587e-06,V3 +utility KD,E,2.0538208286846604e-11,1.0,E,1
E_1_073,3.8146954466355965e-05,V3 +utility KD,E,3.2523497228709175e-09,1.0,E,1
E_1_074,6.848906650702702e-06,V3 +utility KD,E,8.703161455403396e-12,1.0,E,1
E_1_075,1.2724921361950692e-05,V3 +utility KD,E,1.5640275186079577e-10,1.0,E,1
E_1_076,9.80634013103554e-06,V3 +utility KD,E,8.325486133831106e-12,1.0,E,1
E_1_077,0.00018020436982624233,V3 +utility KD,E,4.984209045488797e-09,1.0,E,1
E_1_078,5.0759499572450295e-05,V3 +utility KD,E,5.723397866752578e-10,1.0,E,1
E_1_079,4.112904207431711e-05,V3 +utility KD,E,1.2050677122843467e-09,1.0,E,1
E_1_080,0.00019520231580827385,V3 +utility KD,E,4.835700728733627e-09,1.0,E,1
E_1_081,5.296285962685943e-06,V3 +utility KD,E,9.148153588822705e-12,1.0,E,1
E_1_082,0.00011152061051689088,V3 +utility KD,E,1.0339918254942404e-08,1.0,E,1
E_1_083,0.004697964061051607,V3 +utility KD,E,0.00013730990758631378,1.0,E,1
E_1_084,0.00031038757879287004,V3 +utility KD,E,2.3305300800302575e-08,1.0,E,1
E_1_085,0.00025162711972370744,V3 +utility KD,E,1.1076208750182559e-07,1.0,E,1
E_1_086,2.3157710529631004e-05,V3 +utility KD,E,1.0490856100497936e-10,1.0,E,1
E_1_087,0.00039402139373123646,V3 +utility KD,E,1.2840027352467587e-07,1.0,E,1
E_0_000,0.04258343577384949,V3 +utility KD,E,0.012241478078067303,1.0,E,0
E_0_001,0.08611539006233215,V3 +utility KD,E,0.18050174415111542,1.0,E,0
E_0_002,0.6656579375267029,V3 +utility KD,E,0.9837290644645691,2.0,E,0
E_0_003,0.2138359099626541,V3 +utility KD,E,0.09762869030237198,0.0,E,0
E_0_004,0.09510854631662369,V3 +utility KD,E,0.4579615592956543,1.0,E,0
E_0_005,0.2546088397502899,V3 +utility KD,E,0.4018207788467407,2.0,E,0
E_0_006,0.0405806265771389,V3 +utility KD,E,0.02626485377550125,0.0,E,0
E_0_007,0.0751136913895607,V3 +utility KD,E,0.029888330027461052,0.0,E,0
E_0_008,0.0443582721054554,V3 +utility KD,E,0.0508391372859478,1.0,E,0
E_0_009,0.010672833770513535,V3 +utility KD,E,0.001921712071634829,1.0,E,0
E_0_010,0.6090831756591797,V3 +utility KD,E,0.9797443151473999,2.0,E,0
E_0_011,0.020649965852499008,V3 +utility KD,E,0.007219347171485424,1.0,E,0
E_0_012,0.4262920022010803,V3 +utility KD,E,0.8327816724777222,2.0,E,0
E_0_013,0.07475465536117554,V3 +utility KD,E,0.043933432549238205,1.0,E,0
E_0_014,0.14030511677265167,V3 +utility KD,E,0.48927682638168335,2.0,E,0
E_0_015,0.05842747166752815,V3 +utility KD,E,0.35528242588043213,1.0,E,0
E_0_016,0.15164725482463837,V3 +utility KD,E,0.8121601939201355,2.0,E,0
E_0_017,0.08877220004796982,V3 +utility KD,E,0.035903751850128174,1.0,E,0
E_0_018,0.03978605940937996,V3 +utility KD,E,0.01641976647078991,0.0,E,0
E_0_019,0.029628105461597443,V3 +utility KD,E,0.01262985821813345,0.0,E,0
E_0_020,0.18284644186496735,V3 +utility KD,E,0.4013332426548004,2.0,E,0
E_0_021,0.1315723955631256,V3 +utility KD,E,0.1276635229587555,0.0,E,0
E_0_022,0.09796060621738434,V3 +utility KD,E,0.3900315761566162,0.0,E,0
E_0_023,0.13944752514362335,V3 +utility KD,E,0.20150461792945862,0.0,E,0
E_0_024,0.010829133912920952,V3 +utility KD,E,0.0014245754573494196,0.0,E,0
E_0_025,0.33537259697914124,V3 +utility KD,E,0.9191890954971313,2.0,E,0
E_0_026,0.12163373827934265,V3 +utility KD,E,0.08703652769327164,0.0,E,0
E_0_027,0.0474255308508873,V3 +utility KD,E,0.05879373103380203,0.0,E,0
E_0_028,0.022165447473526,V3 +utility KD,E,0.006222605239599943,1.0,E,0
E_0_029,0.11540324240922928,V3 +utility KD,E,0.13025103509426117,1.0,E,0
E_0_030,0.0034625462722033262,V3 +utility KD,E,0.002860741689801216,1.0,E,0
E_0_031,0.051395200192928314,V3 +utility KD,E,0.031973715871572495,1.0,E,0
E_0_032,0.06969601660966873,V3 +utility KD,E,0.20857082307338715,0.0,E,0
E_0_033,0.15379849076271057,V3 +utility KD,E,0.17433634400367737,1.0,E,0
E_0_034,0.3183698356151581,V3 +utility KD,E,0.6469228863716125,2.0,E,0
E_0_035,0.03359057381749153,V3 +utility KD,E,0.5656609535217285,2.0,E,0
E_0_036,0.12170935422182083,V3 +utility KD,E,0.5588029623031616,2.0,E,0
E_0_037,0.02165403962135315,V3 +utility KD,E,0.01671011559665203,0.0,E,0
E_0_038,0.31288063526153564,V3 +utility KD,E,0.9857834577560425,2.0,E,0
E_0_039,0.11714474856853485,V3 +utility KD,E,0.08920525759458542,0.0,E,0
E_0_040,0.10618487745523453,V3 +utility KD,E,0.08350871503353119,0.0,E,0
E_0_041,0.30587583780288696,V3 +utility KD,E,0.2539515495300293,0.0,E,0
E_0_042,0.03774888068437576,V3 +utility KD,E,0.003384367097169161,1.0,E,0
E_0_043,0.04017237201333046,V3 +utility KD,E,0.07305553555488586,1.0,E,0
E_0_044,0.6731717586517334,V3 +utility KD,E,0.99327152967453,2.0,E,0
E_0_045,0.05253903567790985,V3 +utility KD,E,0.022988010197877884,0.0,E,0
E_0_046,0.004721738398075104,V3 +utility KD,E,0.00015616226301062852,1.0,E,0
E_0_047,0.03358856961131096,V3 +utility KD,E,0.016705241054296494,1.0,E,0
E_0_048,0.06509653478860855,V3 +utility KD,E,0.05638621002435684,0.0,E,0
E_0_049,0.07234863936901093,V3 +utility KD,E,0.5005653500556946,2.0,E,0
E_2_000,0.9991717338562012,V4 full Student,E,1.0,2.0,E,2
E_2_001,0.9992176294326782,V4 full Student,E,1.0,2.0,E,2
E_2_002,0.9999016523361206,V4 full Student,E,1.0,2.0,E,2
E_2_003,0.9999861717224121,V4 full Student,E,1.0,2.0,E,2
E_2_004,0.9995282888412476,V4 full Student,E,1.0,2.0,E,2
E_2_005,0.9985550045967102,V4 full Student,E,1.0,2.0,E,2
E_2_006,0.9999985694885254,V4 full Student,E,1.0,2.0,E,2
E_2_007,0.9999377727508545,V4 full Student,E,1.0,2.0,E,2
E_2_008,0.9999412298202515,V4 full Student,E,1.0,2.0,E,2
E_2_009,0.9999285936355591,V4 full Student,E,1.0,2.0,E,2
E_2_010,0.9838740825653076,V4 full Student,E,1.0,2.0,E,2
E_2_011,0.9995725750923157,V4 full Student,E,1.0,2.0,E,2
E_2_012,0.9990750551223755,V4 full Student,E,1.0,2.0,E,2
E_2_013,0.9954317808151245,V4 full Student,E,1.0,2.0,E,2
E_2_014,0.9998890161514282,V4 full Student,E,1.0,2.0,E,2
E_2_015,0.9999974966049194,V4 full Student,E,1.0,2.0,E,2
E_2_016,0.9995402097702026,V4 full Student,E,1.0,2.0,E,2
E_2_017,0.9998028874397278,V4 full Student,E,1.0,2.0,E,2
E_2_018,0.999686598777771,V4 full Student,E,1.0,2.0,E,2
E_2_019,0.9999933242797852,V4 full Student,E,1.0,2.0,E,2
E_2_020,0.9999580383300781,V4 full Student,E,1.0,2.0,E,2
E_2_021,0.9995177984237671,V4 full Student,E,1.0,2.0,E,2
E_2_022,0.9999634027481079,V4 full Student,E,1.0,2.0,E,2
E_2_023,0.9995114803314209,V4 full Student,E,1.0,2.0,E,2
E_2_024,0.9999712705612183,V4 full Student,E,1.0,2.0,E,2
E_2_025,0.9960200190544128,V4 full Student,E,1.0,2.0,E,2
E_2_026,0.9998247027397156,V4 full Student,E,1.0,2.0,E,2
E_2_027,0.9997319579124451,V4 full Student,E,1.0,2.0,E,2
E_2_028,0.9999775886535645,V4 full Student,E,1.0,2.0,E,2
E_2_029,0.9992662072181702,V4 full Student,E,1.0,2.0,E,2
E_2_030,0.9999663829803467,V4 full Student,E,1.0,2.0,E,2
E_2_031,0.9999210834503174,V4 full Student,E,1.0,2.0,E,2
E_2_032,0.9978208541870117,V4 full Student,E,1.0,2.0,E,2
E_2_033,0.999996542930603,V4 full Student,E,1.0,2.0,E,2
E_2_034,0.9999887943267822,V4 full Student,E,1.0,2.0,E,2
E_2_035,0.9994367957115173,V4 full Student,E,1.0,2.0,E,2
E_2_036,0.9996227025985718,V4 full Student,E,1.0,2.0,E,2
E_2_037,0.9999967813491821,V4 full Student,E,1.0,2.0,E,2
E_2_038,0.9427365064620972,V4 full Student,E,1.0,2.0,E,2
E_2_039,0.9946046471595764,V4 full Student,E,1.0,2.0,E,2
E_2_040,0.9999696016311646,V4 full Student,E,1.0,2.0,E,2
E_2_041,0.9387698769569397,V4 full Student,E,1.0,2.0,E,2
E_2_042,0.999024510383606,V4 full Student,E,1.0,2.0,E,2
E_2_043,0.9998756647109985,V4 full Student,E,1.0,2.0,E,2
E_2_044,0.9999772310256958,V4 full Student,E,1.0,2.0,E,2
E_2_045,0.9997650980949402,V4 full Student,E,1.0,2.0,E,2
E_2_046,0.99978107213974,V4 full Student,E,1.0,2.0,E,2
E_2_047,0.9999983310699463,V4 full Student,E,1.0,2.0,E,2
E_2_048,0.9996115565299988,V4 full Student,E,1.0,2.0,E,2
E_2_049,0.9999982118606567,V4 full Student,E,1.0,2.0,E,2
E_2_050,0.9984363913536072,V4 full Student,E,1.0,2.0,E,2
E_2_051,0.9999033212661743,V4 full Student,E,1.0,2.0,E,2
E_2_052,0.9996317625045776,V4 full Student,E,1.0,2.0,E,2
E_2_053,0.9998051524162292,V4 full Student,E,1.0,2.0,E,2
E_2_054,0.9996694326400757,V4 full Student,E,1.0,2.0,E,2
E_2_055,0.9998953342437744,V4 full Student,E,1.0,2.0,E,2
E_2_056,0.9998286962509155,V4 full Student,E,1.0,2.0,E,2
E_2_057,0.9999951124191284,V4 full Student,E,1.0,2.0,E,2
E_2_058,0.9999843835830688,V4 full Student,E,1.0,2.0,E,2
E_2_059,0.9850854873657227,V4 full Student,E,1.0,2.0,E,2
E_2_060,0.9932577610015869,V4 full Student,E,1.0,2.0,E,2
E_2_061,0.9999994039535522,V4 full Student,E,1.0,2.0,E,2
E_2_062,0.9999914169311523,V4 full Student,E,1.0,2.0,E,2
E_2_063,0.9999924898147583,V4 full Student,E,1.0,2.0,E,2
E_2_064,0.9995635151863098,V4 full Student,E,1.0,2.0,E,2
E_2_065,0.99233478307724,V4 full Student,E,1.0,2.0,E,2
E_2_066,0.9990430474281311,V4 full Student,E,1.0,2.0,E,2
E_2_067,0.9996342658996582,V4 full Student,E,1.0,2.0,E,2
E_2_068,0.9999591112136841,V4 full Student,E,1.0,2.0,E,2
E_2_069,0.9999673366546631,V4 full Student,E,1.0,2.0,E,2
E_2_070,0.9987685084342957,V4 full Student,E,1.0,2.0,E,2
E_1_000,0.4485672116279602,V4 full Student,E,2.1067193029361125e-16,1.0,E,1
E_1_001,0.28121650218963623,V4 full Student,E,1.765765266546634e-23,1.0,E,1
E_1_002,0.5327915549278259,V4 full Student,E,4.019306859993216e-15,1.0,E,1
E_1_003,0.2514175772666931,V4 full Student,E,1.4428688441413548e-17,1.0,E,1
E_1_004,0.29950422048568726,V4 full Student,E,2.9996153520453093e-15,1.0,E,1
E_1_005,0.31696203351020813,V4 full Student,E,1.9079150039960204e-23,1.0,E,1
E_1_006,0.41890832781791687,V4 full Student,E,2.255882180377733e-23,1.0,E,1
E_1_007,0.2940579056739807,V4 full Student,E,2.4135235038077866e-16,1.0,E,1
E_1_008,0.2659505605697632,V4 full Student,E,3.5841626081997584e-20,1.0,E,1
E_1_009,0.24207088351249695,V4 full Student,E,6.00985489110988e-21,1.0,E,1
E_1_010,0.07681084424257278,V4 full Student,E,4.724606353613295e-22,1.0,E,1
E_1_011,0.2794845998287201,V4 full Student,E,2.8426023380190366e-22,1.0,E,1
E_1_012,0.19101262092590332,V4 full Student,E,1.8324258116406733e-22,1.0,E,1
E_1_013,0.1503431797027588,V4 full Student,E,9.416439850085112e-10,1.0,E,1
E_1_014,0.3396679162979126,V4 full Student,E,6.949124680518437e-19,1.0,E,1
E_1_015,0.34000805020332336,V4 full Student,E,3.2093752568712608e-12,1.0,E,1
E_1_016,0.3919762372970581,V4 full Student,E,2.3735337019393718e-15,1.0,E,1
E_1_017,0.3791347146034241,V4 full Student,E,1.3453664532584514e-20,1.0,E,1
E_1_018,0.2688726484775543,V4 full Student,E,5.6849566244185124e-30,1.0,E,1
E_1_019,0.4291597604751587,V4 full Student,E,4.371355888225295e-18,1.0,E,1
E_1_020,0.334980309009552,V4 full Student,E,8.200885727761512e-19,1.0,E,1
E_1_021,0.2957576811313629,V4 full Student,E,1.6933696152279842e-18,1.0,E,1
E_1_022,0.365231454372406,V4 full Student,E,4.694912690080755e-20,1.0,E,1
E_1_023,0.4023892283439636,V4 full Student,E,6.626738969437969e-16,1.0,E,1
E_1_024,0.17277716100215912,V4 full Student,E,9.990826105161923e-28,1.0,E,1
E_1_025,0.20306243002414703,V4 full Student,E,1.822421414531788e-23,1.0,E,1
E_1_026,0.40689533948898315,V4 full Student,E,9.951361948605717e-17,1.0,E,1
E_1_027,0.3527434766292572,V4 full Student,E,1.3349049017886596e-23,1.0,E,1
E_1_028,0.33327528834342957,V4 full Student,E,1.1963308058562526e-17,1.0,E,1
E_1_029,0.26846495270729065,V4 full Student,E,4.908945531407183e-18,1.0,E,1
E_1_030,0.33430615067481995,V4 full Student,E,2.2321024417063886e-23,1.0,E,1
E_1_031,0.23418095707893372,V4 full Student,E,9.375235982107606e-22,1.0,E,1
E_1_032,0.4236128628253937,V4 full Student,E,9.148232563383084e-25,1.0,E,1
E_1_033,0.27947407960891724,V4 full Student,E,7.144120752492447e-22,1.0,E,1
E_1_034,0.36000508069992065,V4 full Student,E,1.654134881348597e-20,1.0,E,1
E_1_035,0.25080668926239014,V4 full Student,E,1.7600731716596825e-26,1.0,E,1
E_1_036,0.33822301030158997,V4 full Student,E,4.4281805467447884e-20,1.0,E,1
E_1_037,0.3932792842388153,V4 full Student,E,1.4603481126950168e-20,1.0,E,1
E_1_038,0.32145628333091736,V4 full Student,E,2.1041572223645603e-31,1.0,E,1
E_1_039,0.3194452226161957,V4 full Student,E,2.6405560013124653e-22,1.0,E,1
E_1_040,0.2842932939529419,V4 full Student,E,1.1769246956585602e-26,1.0,E,1
E_1_041,0.3392060697078705,V4 full Student,E,1.9617317469123078e-16,1.0,E,1
E_1_042,0.2924444079399109,V4 full Student,E,1.2264210952293121e-25,1.0,E,1
E_1_043,0.4157852828502655,V4 full Student,E,3.3378685926344076e-10,1.0,E,1
E_1_044,0.1642075479030609,V4 full Student,E,6.806300518413041e-26,1.0,E,1
E_1_045,0.499311625957489,V4 full Student,E,2.1142560697518832e-15,1.0,E,1
E_1_046,0.14316244423389435,V4 full Student,E,2.7961536020744482e-21,1.0,E,1
E_1_047,0.1917436122894287,V4 full Student,E,3.201251763673696e-11,1.0,E,1
E_1_048,0.13602600991725922,V4 full Student,E,3.403849332386452e-15,1.0,E,1
E_1_049,0.20821566879749298,V4 full Student,E,6.88590767710632e-24,1.0,E,1
E_1_050,0.32553768157958984,V4 full Student,E,8.903967195667207e-22,1.0,E,1
E_1_051,0.40376320481300354,V4 full Student,E,1.5650983951278046e-22,1.0,E,1
E_1_052,0.5416703820228577,V4 full Student,E,1.0540077640216038e-17,1.0,E,1
E_1_053,0.1671420782804489,V4 full Student,E,1.606733070164047e-19,1.0,E,1
E_1_054,0.1808125376701355,V4 full Student,E,2.56926291788417e-22,1.0,E,1
E_1_055,0.26438918709754944,V4 full Student,E,1.9573583600664673e-24,1.0,E,1
E_1_056,0.5224963426589966,V4 full Student,E,8.373506325866859e-22,1.0,E,1
E_1_057,0.2971270978450775,V4 full Student,E,1.4390716177403786e-23,1.0,E,1
E_1_058,0.23861466348171234,V4 full Student,E,1.862142492241162e-21,1.0,E,1
E_1_059,0.47510942816734314,V4 full Student,E,4.459245788218196e-23,1.0,E,1
E_1_060,0.4669341444969177,V4 full Student,E,5.166819941410338e-23,1.0,E,1
E_1_061,0.21615278720855713,V4 full Student,E,3.5115382102911983e-22,1.0,E,1
E_1_062,0.3078458607196808,V4 full Student,E,1.0909654756216024e-22,1.0,E,1
E_1_063,0.41526228189468384,V4 full Student,E,1.0961410357026048e-17,1.0,E,1
E_1_064,0.3006639778614044,V4 full Student,E,5.466809205966623e-17,1.0,E,1
E_1_065,0.4163232147693634,V4 full Student,E,1.387615938697336e-15,1.0,E,1
E_1_066,0.15484657883644104,V4 full Student,E,2.5683671855958323e-10,1.0,E,1
E_1_067,0.5048678517341614,V4 full Student,E,6.270508252041859e-15,1.0,E,1
E_1_068,0.3921060562133789,V4 full Student,E,5.0995519327771646e-18,1.0,E,1
E_1_069,0.30698511004447937,V4 full Student,E,1.975913397202038e-14,1.0,E,1
E_1_070,0.29434195160865784,V4 full Student,E,1.5661160463952498e-19,1.0,E,1
E_1_071,0.3907874822616577,V4 full Student,E,1.2038616235890579e-17,1.0,E,1
E_1_072,0.32873567938804626,V4 full Student,E,3.335180339092502e-19,1.0,E,1
E_1_073,0.14300981163978577,V4 full Student,E,5.548345201535584e-25,1.0,E,1
E_1_074,0.31229013204574585,V4 full Student,E,1.2613352225858815e-21,1.0,E,1
E_1_075,0.2377983033657074,V4 full Student,E,1.545767263982055e-22,1.0,E,1
E_1_076,0.06779918074607849,V4 full Student,E,8.5412849550583e-25,1.0,E,1
E_1_077,0.3526194095611572,V4 full Student,E,1.3824016173577288e-22,1.0,E,1
E_1_078,0.3256703019142151,V4 full Student,E,6.208289885701222e-23,1.0,E,1
E_1_079,0.3008020222187042,V4 full Student,E,8.729284866040943e-22,1.0,E,1
E_1_080,0.34017977118492126,V4 full Student,E,6.215855983171829e-21,1.0,E,1
E_1_081,0.238148033618927,V4 full Student,E,1.3137704152618308e-27,1.0,E,1
E_1_082,0.2699744701385498,V4 full Student,E,1.7440008028549568e-17,1.0,E,1
E_1_083,0.13866521418094635,V4 full Student,E,1.77854260792064e-15,1.0,E,1
E_1_084,0.4979589283466339,V4 full Student,E,1.1498715243282065e-19,1.0,E,1
E_1_085,0.23048149049282074,V4 full Student,E,2.6822086218736274e-12,1.0,E,1
E_1_086,0.4879932701587677,V4 full Student,E,2.9734713582128754e-21,1.0,E,1
E_1_087,0.1778518110513687,V4 full Student,E,1.1454197416690226e-18,1.0,E,1
E_0_000,0.3023325800895691,V4 full Student,E,3.0947619961807504e-05,1.0,E,0
E_0_001,0.25276196002960205,V4 full Student,E,3.026670219655322e-15,1.0,E,0
E_0_002,0.5018094778060913,V4 full Student,E,0.15489345788955688,0.0,E,0
E_0_003,0.034085776656866074,V4 full Student,E,4.852050761172677e-09,0.0,E,0
E_0_004,0.35604941844940186,V4 full Student,E,2.3140923133269098e-07,1.0,E,0
E_0_005,0.22237896919250488,V4 full Student,E,0.008617664687335491,1.0,E,0
E_0_006,0.16033101081848145,V4 full Student,E,0.0031725901644676924,0.0,E,0
E_0_007,0.3187507092952728,V4 full Student,E,2.4180138780138805e-07,1.0,E,0
E_0_008,0.3352071940898895,V4 full Student,E,0.00041915042675100267,1.0,E,0
E_0_009,0.24005214869976044,V4 full Student,E,2.3582085617590565e-08,1.0,E,0
E_0_010,0.7285788059234619,V4 full Student,E,0.9999986886978149,2.0,E,0
E_0_011,0.29464566707611084,V4 full Student,E,1.841720569453753e-12,1.0,E,0
E_0_012,0.6921887993812561,V4 full Student,E,0.9999289512634277,2.0,E,0
E_0_013,0.5879712104797363,V4 full Student,E,0.6743706464767456,2.0,E,0
E_0_014,0.0908578485250473,V4 full Student,E,0.03295131400227547,0.0,E,0
E_0_015,0.5126175880432129,V4 full Student,E,0.6212894320487976,2.0,E,0
E_0_016,0.13961364328861237,V4 full Student,E,0.005286365747451782,0.0,E,0
E_0_017,0.18897196650505066,V4 full Student,E,3.6020733773511893e-07,1.0,E,0
E_0_018,0.007730598095804453,V4 full Student,E,1.63522830259194e-12,0.0,E,0
E_0_019,0.16198061406612396,V4 full Student,E,4.3362535507185385e-05,0.0,E,0
E_0_020,0.07246961444616318,V4 full Student,E,0.0021356812212616205,1.0,E,0
E_0_021,0.2839023768901825,V4 full Student,E,7.10391467872995e-10,1.0,E,0
E_0_022,0.11164596676826477,V4 full Student,E,0.0008093338692560792,0.0,E,0
E_0_023,0.2745756208896637,V4 full Student,E,2.1856840248801745e-05,0.0,E,0
E_0_024,0.08166078478097916,V4 full Student,E,1.467427068746474e-06,0.0,E,0
E_0_025,0.3669264018535614,V4 full Student,E,0.14603495597839355,0.0,E,0
E_0_026,0.30169445276260376,V4 full Student,E,0.0005057441885583103,1.0,E,0
E_0_027,0.2917141914367676,V4 full Student,E,0.005547800567001104,1.0,E,0
E_0_028,0.5052505135536194,V4 full Student,E,2.9361449382925286e-10,1.0,E,0
E_0_029,0.31117406487464905,V4 full Student,E,0.00038709002546966076,1.0,E,0
E_0_030,0.13651011884212494,V4 full Student,E,5.09917708058083e-09,1.0,E,0
E_0_031,0.32772892713546753,V4 full Student,E,6.993598731241946e-07,1.0,E,0
E_0_032,0.26692381501197815,V4 full Student,E,0.0005089562619104981,0.0,E,0
E_0_033,0.18212467432022095,V4 full Student,E,0.0380110926926136,0.0,E,0
E_0_034,0.708848237991333,V4 full Student,E,0.9781436920166016,2.0,E,0
E_0_035,0.04952629283070564,V4 full Student,E,0.025618698447942734,0.0,E,0
E_0_036,0.6964453458786011,V4 full Student,E,0.9422733187675476,2.0,E,0
E_0_037,0.0018921600421890616,V4 full Student,E,5.029688037588853e-12,0.0,E,0
E_0_038,0.27952536940574646,V4 full Student,E,0.06897900253534317,0.0,E,0
E_0_039,0.14792129397392273,V4 full Student,E,0.006312001030892134,0.0,E,0
E_0_040,0.4189608693122864,V4 full Student,E,0.3514726459980011,0.0,E,0
E_0_041,0.15855026245117188,V4 full Student,E,0.011195691302418709,0.0,E,0
E_0_042,0.18226179480552673,V4 full Student,E,1.2412212981871562e-06,1.0,E,0
E_0_043,0.28643113374710083,V4 full Student,E,1.0874264821936208e-09,1.0,E,0
E_0_044,0.8843556642532349,V4 full Student,E,0.9999994039535522,2.0,E,0
E_0_045,0.1949620544910431,V4 full Student,E,6.415013103833189e-06,1.0,E,0
E_0_046,0.2721584141254425,V4 full Student,E,2.1502941649487184e-07,1.0,E,0
E_0_047,0.10731692612171173,V4 full Student,E,2.9995362638146617e-06,1.0,E,0
E_0_048,0.10105753690004349,V4 full Student,E,0.00035873535671271384,0.0,E,0
E_0_049,0.2963791787624359,V4 full Student,E,9.518410024611512e-07,1.0,E,0
